# Blender 5.1.1
# www.blender.org
mtllib Untitled.mtl
o Object_2
v 0.038146 0.008726 -0.021543
v 0.038142 0.009095 -0.020130
v 0.037776 0.008395 -0.020128
v 0.038049 0.008447 -0.022886
v 0.037765 0.007309 -0.023163
v 0.037079 0.008835 -0.022979
v 0.037709 0.003263 -0.023191
v 0.038036 0.001896 -0.023035
v 0.037031 0.001915 -0.023332
v 0.037294 0.008168 0.010031
v 0.037383 0.007742 0.011384
v 0.037120 0.007139 0.010041
v 0.037997 -0.005843 0.021728
v 0.037570 -0.005878 0.022925
v 0.037719 -0.006922 0.021970
v -0.038219 0.006925 -0.023393
v -0.038292 0.005841 -0.024145
v -0.038773 0.005764 -0.023344
v -0.037754 -0.007945 -0.024050
v -0.037687 -0.009069 -0.023367
v -0.038330 -0.007938 -0.023070
v -0.039422 -0.007915 0.020660
v -0.038429 -0.008761 0.020708
v -0.038515 -0.008073 0.021661
v 0.038146 0.008726 -0.021543
v 0.036950 0.009175 -0.021536
v 0.036851 0.009335 -0.020123
v 0.038142 0.009095 -0.020130
v 0.038049 0.008447 -0.022886
v 0.037079 0.008835 -0.022979
v 0.035604 0.009231 -0.021519
v 0.035524 0.009373 -0.020120
v 0.038051 0.009296 -0.018729
v 0.036759 0.009443 -0.018727
v 0.038051 0.009296 -0.018729
v 0.037465 0.008294 -0.018733
v 0.036987 0.007244 -0.020166
v 0.037167 0.007295 -0.021669
v 0.035728 0.008886 -0.022935
v 0.034249 0.009245 -0.021516
v 0.034185 0.009339 -0.020124
v 0.035454 0.009410 -0.018722
v 0.036709 0.009522 -0.017319
v 0.037998 0.009359 -0.017324
v 0.037998 0.009359 -0.017324
v 0.037478 0.008253 -0.017327
v 0.036901 0.007161 -0.018732
v 0.037057 0.005847 -0.020170
v 0.037120 0.005879 -0.021695
v 0.037789 0.005958 -0.023153
v 0.035880 0.007491 -0.023301
v 0.035728 0.008886 -0.022935
v 0.034339 0.008927 -0.022928
v 0.032893 0.009247 -0.021530
v 0.032837 0.009311 -0.020138
v 0.034128 0.009370 -0.018731
v 0.035404 0.009481 -0.017323
v 0.036675 0.009550 -0.015915
v 0.037996 0.009421 -0.015918
v 0.037996 0.009421 -0.015918
v 0.037445 0.008279 -0.015918
v 0.036952 0.007107 -0.017316
v 0.037081 0.005820 -0.018723
v 0.037262 0.004502 -0.020172
v 0.037237 0.004514 -0.021677
v 0.037775 0.004615 -0.023146
v 0.035955 0.006081 -0.023303
v 0.034425 0.007539 -0.023318
v 0.034339 0.008927 -0.022928
v 0.032966 0.008923 -0.022913
v 0.031538 0.009191 -0.021544
v 0.031487 0.009272 -0.020150
v 0.032788 0.009362 -0.018761
v 0.034085 0.009423 -0.017332
v 0.035367 0.009490 -0.015920
v 0.036635 0.009568 -0.014525
v 0.037976 0.009438 -0.014517
v 0.037976 0.009438 -0.014517
v 0.037547 0.008215 -0.014519
v 0.036965 0.007126 -0.015910
v 0.037104 0.005795 -0.017307
v 0.037264 0.004482 -0.018724
v 0.037457 0.003171 -0.020167
v 0.037429 0.003179 -0.021652
v 0.035966 0.004679 -0.023305
v 0.034471 0.006125 -0.023274
v 0.033034 0.007548 -0.023339
v 0.032966 0.008923 -0.022913
v 0.031603 0.008893 -0.022959
v 0.030185 0.009146 -0.021561
v 0.030141 0.009241 -0.020157
v 0.031443 0.009334 -0.018793
v 0.032751 0.009388 -0.017374
v 0.034048 0.009435 -0.015928
v 0.035326 0.009500 -0.014527
v 0.036588 0.009576 -0.013136
v 0.037908 0.009456 -0.013124
v 0.037908 0.009456 -0.013124
v 0.037374 0.008292 -0.013129
v 0.036961 0.007114 -0.014508
v 0.037118 0.005777 -0.015897
v 0.037311 0.004467 -0.017300
v 0.037487 0.003151 -0.018717
v 0.037635 0.001834 -0.020148
v 0.037578 0.001847 -0.021619
v 0.035876 0.003290 -0.023289
v 0.034487 0.004711 -0.023266
v 0.033067 0.006137 -0.023277
v 0.031659 0.007535 -0.023336
v 0.031603 0.008893 -0.022959
v 0.030237 0.008848 -0.022999
v 0.028825 0.009108 -0.021567
v 0.028784 0.009206 -0.020159
v 0.030097 0.009311 -0.018768
v 0.031409 0.009350 -0.017532
v 0.032715 0.009420 -0.015947
v 0.034006 0.009446 -0.014531
v 0.035283 0.009538 -0.013137
v 0.036561 0.009625 -0.011748
v 0.037885 0.009453 -0.011742
v 0.037885 0.009453 -0.011742
v 0.037409 0.008269 -0.011745
v 0.036848 0.007097 -0.013116
v 0.037105 0.005761 -0.014500
v 0.037341 0.004448 -0.015895
v 0.037502 0.003127 -0.017298
v 0.037678 0.001814 -0.018712
v 0.037774 0.000518 -0.021569
v 0.037799 0.000496 -0.020127
v 0.035751 0.001918 -0.023268
v 0.034462 0.003314 -0.023242
v 0.038110 0.000544 -0.023018
v 0.033079 0.004726 -0.023284
v 0.031685 0.006135 -0.023284
v 0.030287 0.007521 -0.023374
v 0.030237 0.008848 -0.022999
v 0.028863 0.008825 -0.022990
v 0.027459 0.009094 -0.021575
v 0.027422 0.009168 -0.020170
v 0.028746 0.009260 -0.018757
v 0.030065 0.009324 -0.017380
v 0.031377 0.009352 -0.015957
v 0.032673 0.009421 -0.014543
v 0.033958 0.009477 -0.013145
v 0.035246 0.009563 -0.011752
v 0.036561 0.009638 -0.010361
v 0.037922 0.009449 -0.010366
v 0.037922 0.009449 -0.010366
v 0.037417 0.008253 -0.010359
v 0.037007 0.007087 -0.011735
v 0.037104 0.005747 -0.013111
v 0.037346 0.004429 -0.014498
v 0.037527 0.003108 -0.015894
v 0.037672 0.001787 -0.017296
v 0.037835 0.000473 -0.018705
v 0.037922 -0.000845 -0.020109
v 0.037871 -0.000829 -0.021530
v 0.036948 0.000548 -0.023303
v 0.035688 0.000546 -0.023252
v 0.034414 0.001924 -0.023241
v 0.033073 0.003321 -0.023238
v 0.038123 -0.000808 -0.022945
v 0.031696 0.004727 -0.023296
v 0.030310 0.006124 -0.023312
v 0.028911 0.007493 -0.023391
v 0.028863 0.008825 -0.022990
v 0.027494 0.008785 -0.022973
v 0.026090 0.009068 -0.021588
v 0.026058 0.009120 -0.020186
v 0.027386 0.009204 -0.018768
v 0.028709 0.009279 -0.017359
v 0.030028 0.009323 -0.015953
v 0.031331 0.009378 -0.014552
v 0.032630 0.009422 -0.013153
v 0.033921 0.009516 -0.011761
v 0.035227 0.009582 -0.010369
v 0.036546 0.009658 -0.008992
v 0.037921 0.009459 -0.008989
v 0.037921 0.009459 -0.008989
v 0.037426 0.008248 -0.008989
v 0.036947 0.007069 -0.010356
v 0.037145 0.005735 -0.011730
v 0.037377 0.004414 -0.013110
v 0.037557 0.003089 -0.014501
v 0.037709 0.001768 -0.015897
v 0.037841 0.000447 -0.017298
v 0.037958 -0.000871 -0.018701
v 0.038066 -0.002192 -0.020104
v 0.038017 -0.002175 -0.021509
v 0.036928 -0.000816 -0.023274
v 0.035659 -0.000827 -0.023240
v 0.034372 0.000543 -0.023226
v 0.033053 0.001926 -0.023230
v 0.031695 0.003320 -0.023266
v 0.038117 -0.002160 -0.022947
v 0.030322 0.004718 -0.023322
v 0.028936 0.006105 -0.023351
v 0.027535 0.007471 -0.023399
v 0.027494 0.008785 -0.022973
v 0.026123 0.008770 -0.022992
v 0.024722 0.009016 -0.021603
v 0.024692 0.009060 -0.020200
v 0.026022 0.009137 -0.018787
v 0.027349 0.009220 -0.017372
v 0.028671 0.009267 -0.015966
v 0.029984 0.009309 -0.014563
v 0.031289 0.009376 -0.013166
v 0.032587 0.009458 -0.011771
v 0.033893 0.009538 -0.010379
v 0.035204 0.009586 -0.008996
v 0.036518 0.009675 -0.007625
v 0.037884 0.009466 -0.007619
v 0.037884 0.009466 -0.007619
v 0.037346 0.008283 -0.007612
v 0.036947 0.007066 -0.008979
v 0.037138 0.005721 -0.010350
v 0.037361 0.004395 -0.011729
v 0.037562 0.003070 -0.013115
v 0.037733 0.001744 -0.014508
v 0.037869 0.000423 -0.015904
v 0.037985 -0.000898 -0.017303
v 0.038100 -0.002218 -0.018703
v 0.038196 -0.003542 -0.020102
v 0.038161 -0.003518 -0.021503
v 0.036933 -0.002179 -0.023261
v 0.035654 -0.002197 -0.023206
v 0.034349 -0.000836 -0.023195
v 0.033029 0.000538 -0.023216
v 0.031683 0.001920 -0.023236
v 0.030324 0.003314 -0.023288
v 0.038165 -0.003504 -0.022975
v 0.028950 0.004704 -0.023355
v 0.027562 0.006078 -0.023379
v 0.026161 0.007440 -0.023419
v 0.026123 0.008770 -0.022992
v 0.024752 0.008725 -0.023010
v 0.023352 0.008983 -0.021615
v 0.023325 0.009009 -0.020215
v 0.024660 0.009072 -0.018804
v 0.025987 0.009132 -0.017391
v 0.027313 0.009203 -0.015983
v 0.028630 0.009253 -0.014579
v 0.029942 0.009298 -0.013181
v 0.031245 0.009374 -0.011786
v 0.032555 0.009455 -0.010390
v 0.033865 0.009517 -0.009004
v 0.035175 0.009580 -0.007628
v 0.036494 0.009686 -0.006262
v 0.037889 0.009509 -0.006253
v 0.037889 0.009509 -0.006253
v 0.037389 0.008266 -0.006246
v 0.036935 0.007050 -0.007607
v 0.037120 0.005712 -0.008975
v 0.037375 0.004385 -0.010350
v 0.037571 0.003053 -0.011733
v 0.037725 0.001721 -0.013123
v 0.037897 0.000398 -0.014518
v 0.038021 -0.000923 -0.015913
v 0.038113 -0.002248 -0.017315
v 0.038207 -0.003574 -0.018717
v 0.038305 -0.004859 -0.021500
v 0.038325 -0.004896 -0.020115
v 0.036941 -0.003543 -0.023225
v 0.035655 -0.003568 -0.023187
v 0.034342 -0.002212 -0.023181
v 0.033017 -0.000844 -0.023195
v 0.031673 0.000531 -0.023229
v 0.030323 0.001916 -0.023277
v 0.028957 0.003301 -0.023324
v 0.038212 -0.004850 -0.022930
v 0.027579 0.004678 -0.023389
v 0.026188 0.006046 -0.023395
v 0.024787 0.007394 -0.023422
v 0.024752 0.008725 -0.023010
v 0.023379 0.008693 -0.023035
v 0.021982 0.008952 -0.021630
v 0.021957 0.008959 -0.020226
v 0.023294 0.009028 -0.018817
v 0.024625 0.009072 -0.017410
v 0.025952 0.009118 -0.016002
v 0.027275 0.009173 -0.014596
v 0.028589 0.009247 -0.013197
v 0.029898 0.009314 -0.011801
v 0.031210 0.009380 -0.010404
v 0.032522 0.009456 -0.009014
v 0.033830 0.009517 -0.007635
v 0.035141 0.009589 -0.006266
v 0.037828 0.009531 -0.004888
v 0.036464 0.009698 -0.004903
v 0.037828 0.009531 -0.004888
v 0.037334 0.008289 -0.004884
v 0.036977 0.007028 -0.006241
v 0.037133 0.005705 -0.007606
v 0.037368 0.004375 -0.008976
v 0.037569 0.003041 -0.010353
v 0.037723 0.001704 -0.011740
v 0.037893 0.000374 -0.013134
v 0.038042 -0.000950 -0.014529
v 0.038135 -0.002274 -0.015928
v 0.038235 -0.003600 -0.017331
v 0.038332 -0.004928 -0.018736
v 0.038367 -0.006263 -0.020136
v 0.038352 -0.006218 -0.021502
v 0.036962 -0.004900 -0.023197
v 0.035675 -0.004939 -0.023205
v 0.034348 -0.003588 -0.023186
v 0.033010 -0.002225 -0.023205
v 0.031669 -0.000854 -0.023231
v 0.030319 0.000523 -0.023262
v 0.028959 0.001903 -0.023319
v 0.027589 0.003281 -0.023362
v 0.038228 -0.006190 -0.022888
v 0.026208 0.004652 -0.023413
v 0.024816 0.006011 -0.023416
v 0.023415 0.007354 -0.023399
v 0.023379 0.008693 -0.023035
v 0.022006 0.008660 -0.023038
v 0.020611 0.008928 -0.021646
v 0.020587 0.008932 -0.020237
v 0.021928 0.008962 -0.018827
v 0.023261 0.009042 -0.017422
v 0.024590 0.009084 -0.016018
v 0.025916 0.009130 -0.014613
v 0.027235 0.009157 -0.013213
v 0.028549 0.009248 -0.011816
v 0.029860 0.009314 -0.010421
v 0.031175 0.009383 -0.009028
v 0.032488 0.009458 -0.007642
v 0.033796 0.009518 -0.006269
v 0.035109 0.009597 -0.004905
v 0.036436 0.009738 -0.003541
v 0.037846 0.009553 -0.003528
v 0.037846 0.009553 -0.003528
v 0.037346 0.008292 -0.003521
v 0.036928 0.007046 -0.004878
v 0.037158 0.005700 -0.006238
v 0.037377 0.004369 -0.007605
v 0.037552 0.003028 -0.008979
v 0.037746 0.001694 -0.010359
v 0.037878 0.000356 -0.011749
v 0.038005 -0.000977 -0.013146
v 0.038123 -0.002299 -0.014541
v 0.038227 -0.003623 -0.015945
v 0.038334 -0.004951 -0.017352
v 0.038388 -0.006287 -0.018758
v 0.038352 -0.006218 -0.021502
v 0.038367 -0.006263 -0.020136
v 0.038427 -0.007662 -0.020158
v 0.038374 -0.007599 -0.021531
v 0.036984 -0.006265 -0.023179
v 0.035701 -0.006325 -0.023220
v 0.034367 -0.004964 -0.023238
v 0.033017 -0.003603 -0.023206
v 0.031668 -0.002236 -0.023231
v 0.030320 -0.000863 -0.023259
v 0.028962 0.000513 -0.023291
v 0.027595 0.001887 -0.023335
v 0.026222 0.003257 -0.023403
v 0.038189 -0.007488 -0.022825
v 0.038228 -0.006190 -0.022888
v 0.024838 0.004621 -0.023428
v 0.023444 0.005973 -0.023441
v 0.022043 0.007318 -0.023434
v 0.022006 0.008660 -0.023038
v 0.020635 0.008598 -0.023058
v 0.019238 0.008896 -0.021658
v 0.019215 0.008899 -0.020247
v 0.020559 0.008934 -0.018837
v 0.021896 0.008992 -0.017431
v 0.023226 0.009048 -0.016032
v 0.024553 0.009107 -0.014629
v 0.025878 0.009134 -0.013226
v 0.027196 0.009167 -0.011831
v 0.028512 0.009231 -0.010435
v 0.029826 0.009296 -0.009043
v 0.031138 0.009371 -0.007655
v 0.032452 0.009450 -0.006275
v 0.033761 0.009520 -0.004906
v 0.035080 0.009596 -0.003542
v 0.036399 0.009756 -0.002182
v 0.037794 0.009563 -0.002169
v 0.037794 0.009563 -0.002169
v 0.037245 0.008329 -0.002159
v 0.036948 0.007067 -0.003511
v 0.037171 0.005709 -0.004871
v 0.037378 0.004363 -0.006236
v 0.037580 0.003026 -0.007605
v 0.037759 0.001685 -0.008981
v 0.037913 0.000348 -0.010365
v 0.038015 -0.000992 -0.011758
v 0.038135 -0.002322 -0.013156
v 0.038215 -0.003644 -0.014555
v 0.038313 -0.004969 -0.015963
v 0.038370 -0.006301 -0.017371
v 0.038388 -0.006287 -0.018758
v 0.038437 -0.007643 -0.018760
v 0.037110 -0.007981 -0.020141
v 0.037098 -0.008090 -0.021540
v 0.037030 -0.007673 -0.022952
v 0.035732 -0.007747 -0.022949
v 0.035701 -0.006325 -0.023220
v 0.036984 -0.006265 -0.023179
v 0.034390 -0.006347 -0.023236
v 0.033034 -0.004978 -0.023251
v 0.031676 -0.003615 -0.023246
v 0.030324 -0.002246 -0.023269
v 0.028965 -0.000875 -0.023284
v 0.027601 0.000495 -0.023328
v 0.026231 0.001864 -0.023365
v 0.024854 0.003229 -0.023421
v 0.023467 0.004587 -0.023452
v 0.022072 0.005934 -0.023443
v 0.020671 0.007272 -0.023479
v 0.020635 0.008598 -0.023058
v 0.019264 0.008554 -0.023062
v 0.017864 0.008856 -0.021669
v 0.017844 0.008862 -0.020261
v 0.019190 0.008898 -0.018849
v 0.020529 0.008953 -0.017442
v 0.021862 0.009008 -0.016042
v 0.023191 0.009051 -0.014644
v 0.024516 0.009109 -0.013244
v 0.025839 0.009139 -0.011845
v 0.027159 0.009166 -0.010450
v 0.028474 0.009214 -0.009058
v 0.029791 0.009281 -0.007667
v 0.031105 0.009365 -0.006283
v 0.032414 0.009443 -0.004910
v 0.033728 0.009512 -0.003544
v 0.035048 0.009600 -0.002181
v 0.036370 0.009769 -0.000819
v 0.037753 0.009572 -0.000814
v 0.037753 0.009572 -0.000814
v 0.037316 0.008316 -0.000807
v 0.036948 0.007070 -0.002141
v 0.037211 0.005723 -0.003508
v 0.037439 0.004375 -0.004869
v 0.037623 0.003028 -0.006235
v 0.037783 0.001683 -0.007607
v 0.037896 0.000336 -0.008985
v 0.038034 -0.001002 -0.010373
v 0.038134 -0.002339 -0.011769
v 0.038221 -0.003664 -0.013166
v 0.038299 -0.004985 -0.014570
v 0.038391 -0.006309 -0.015979
v 0.038370 -0.006301 -0.017371
v 0.038391 -0.007650 -0.017368
v 0.037089 -0.007882 -0.018756
v 0.035770 -0.008010 -0.020146
v 0.035759 -0.008086 -0.021544
v 0.034406 -0.007734 -0.022933
v 0.034390 -0.006347 -0.023236
v 0.033056 -0.006350 -0.023251
v 0.031690 -0.004990 -0.023278
v 0.030332 -0.003626 -0.023288
v 0.028974 -0.002259 -0.023290
v 0.027610 -0.000893 -0.023323
v 0.026242 0.000474 -0.023360
v 0.024867 0.001838 -0.023412
v 0.023486 0.003198 -0.023454
v 0.022096 0.004550 -0.023477
v 0.020700 0.005893 -0.023471
v 0.019298 0.007224 -0.023439
v 0.019264 0.008554 -0.023062
v 0.017892 0.008530 -0.023081
v 0.016492 0.008821 -0.021684
v 0.016472 0.008829 -0.020278
v 0.017820 0.008837 -0.018864
v 0.019161 0.008910 -0.017455
v 0.020497 0.008947 -0.016054
v 0.021827 0.008999 -0.014657
v 0.023154 0.009063 -0.013258
v 0.024480 0.009104 -0.011860
v 0.025802 0.009157 -0.010464
v 0.027122 0.009178 -0.009070
v 0.028441 0.009196 -0.007681
v 0.029756 0.009261 -0.006295
v 0.031069 0.009367 -0.004916
v 0.032378 0.009445 -0.003547
v 0.033696 0.009509 -0.002182
v 0.035021 0.009599 -0.000822
v 0.036363 0.009760 0.000544
v 0.037754 0.009574 0.000544
v 0.037754 0.009574 0.000544
v 0.037311 0.008330 0.000552
v 0.037043 0.007048 -0.000798
v 0.037231 0.005728 -0.002146
v 0.037433 0.004379 -0.003504
v 0.037667 0.003036 -0.004866
v 0.037814 0.001684 -0.006233
v 0.037945 0.000336 -0.007607
v 0.038025 -0.001013 -0.008990
v 0.038144 -0.002352 -0.010381
v 0.038218 -0.003682 -0.011777
v 0.038305 -0.005003 -0.013176
v 0.038350 -0.006320 -0.014585
v 0.038391 -0.006309 -0.015979
v 0.038353 -0.007672 -0.015977
v 0.037060 -0.007859 -0.017364
v 0.035756 -0.007913 -0.018754
v 0.034423 -0.008005 -0.020142
v 0.034419 -0.008056 -0.021535
v 0.033063 -0.007693 -0.022904
v 0.033056 -0.006350 -0.023251
v 0.031711 -0.006353 -0.023271
v 0.030344 -0.005001 -0.023312
v 0.028984 -0.003641 -0.023309
v 0.027619 -0.002278 -0.023327
v 0.026251 -0.000915 -0.023349
v 0.024880 0.000448 -0.023403
v 0.023502 0.001808 -0.023452
v 0.022117 0.003163 -0.023473
v 0.020724 0.004510 -0.023493
v 0.019327 0.005851 -0.023478
v 0.017925 0.007187 -0.023469
v 0.017892 0.008530 -0.023081
v 0.016519 0.008508 -0.023118
v 0.015120 0.008784 -0.021704
v 0.015101 0.008787 -0.020299
v 0.016449 0.008812 -0.018880
v 0.017793 0.008843 -0.017471
v 0.019130 0.008900 -0.016068
v 0.020463 0.008942 -0.014668
v 0.021791 0.009005 -0.013272
v 0.023118 0.009051 -0.011876
v 0.024443 0.009103 -0.010479
v 0.025768 0.009146 -0.009084
v 0.027086 0.009169 -0.007694
v 0.028407 0.009185 -0.006306
v 0.029722 0.009257 -0.004924
v 0.031034 0.009360 -0.003550
v 0.032345 0.009438 -0.002185
v 0.033669 0.009494 -0.000824
v 0.035005 0.009608 0.000536
v 0.037808 0.009575 0.001903
v 0.036366 0.009744 0.001899
v 0.037808 0.009575 0.001903
v 0.037434 0.008267 0.001911
v 0.037057 0.007051 0.000559
v 0.037241 0.005722 -0.000790
v 0.037461 0.004386 -0.002141
v 0.037655 0.003037 -0.003498
v 0.037820 0.001686 -0.004860
v 0.037967 0.000335 -0.006231
v 0.038050 -0.001016 -0.007608
v 0.038146 -0.002358 -0.008994
v 0.038222 -0.003696 -0.010388
v 0.038302 -0.005020 -0.011783
v 0.038343 -0.006340 -0.013185
v 0.038350 -0.006320 -0.014585
v 0.038272 -0.007654 -0.014584
v 0.037027 -0.007851 -0.015975
v 0.035737 -0.007879 -0.017363
v 0.034415 -0.007937 -0.018753
v 0.033068 -0.008038 -0.020140
v 0.033069 -0.008060 -0.021532
v 0.031717 -0.007679 -0.022935
v 0.031711 -0.006353 -0.023271
v 0.030363 -0.006364 -0.023312
v 0.028996 -0.005017 -0.023335
v 0.027631 -0.003660 -0.023354
v 0.026263 -0.002302 -0.023372
v 0.024893 -0.000942 -0.023406
v 0.023518 0.000416 -0.023455
v 0.022134 0.001773 -0.023461
v 0.020746 0.003125 -0.023493
v 0.019352 0.004471 -0.023493
v 0.017954 0.005812 -0.023489
v 0.016554 0.007154 -0.023483
v 0.016519 0.008508 -0.023118
v 0.015144 0.008470 -0.023119
v 0.013749 0.008739 -0.021728
v 0.013731 0.008735 -0.020322
v 0.015079 0.008753 -0.018900
v 0.016423 0.008795 -0.017486
v 0.017764 0.008841 -0.016081
v 0.019099 0.008867 -0.014682
v 0.020430 0.008920 -0.013285
v 0.021758 0.008983 -0.011889
v 0.023084 0.009036 -0.010493
v 0.024409 0.009094 -0.009099
v 0.025731 0.009134 -0.007706
v 0.027051 0.009164 -0.006318
v 0.028371 0.009178 -0.004934
v 0.029689 0.009257 -0.003555
v 0.030999 0.009349 -0.002187
v 0.032320 0.009426 -0.000824
v 0.033651 0.009499 0.000535
v 0.034997 0.009602 0.001893
v 0.036358 0.009731 0.003253
v 0.037776 0.009586 0.003266
v 0.037776 0.009586 0.003266
v 0.037479 0.008243 0.003273
v 0.037000 0.007055 0.001913
v 0.037215 0.005717 0.000569
v 0.037454 0.004387 -0.000778
v 0.037650 0.003039 -0.002131
v 0.037852 0.001693 -0.003489
v 0.037953 0.000338 -0.004854
v 0.038087 -0.001013 -0.006227
v 0.038162 -0.002360 -0.007608
v 0.038213 -0.003701 -0.008997
v 0.038288 -0.005032 -0.010393
v 0.038310 -0.006366 -0.011791
v 0.038343 -0.006340 -0.013185
v 0.038309 -0.007699 -0.013189
v 0.037003 -0.007858 -0.014577
v 0.035710 -0.007861 -0.015971
v 0.034397 -0.007896 -0.017360
v 0.033060 -0.007976 -0.018750
v 0.031710 -0.008064 -0.020140
v 0.031714 -0.008074 -0.021541
v 0.030369 -0.007694 -0.022947
v 0.030363 -0.006364 -0.023312
v 0.029011 -0.006386 -0.023335
v 0.027645 -0.005039 -0.023363
v 0.026275 -0.003687 -0.023378
v 0.024905 -0.002333 -0.023403
v 0.023532 -0.000975 -0.023439
v 0.022152 0.000382 -0.023441
v 0.020766 0.001737 -0.023478
v 0.019375 0.003086 -0.023473
v 0.017980 0.004431 -0.023517
v 0.016582 0.005775 -0.023499
v 0.015183 0.007115 -0.023507
v 0.015144 0.008470 -0.023119
v 0.013770 0.008409 -0.023141
v 0.012379 0.008693 -0.021756
v 0.012361 0.008686 -0.020343
v 0.013710 0.008697 -0.018919
v 0.015055 0.008732 -0.017504
v 0.016397 0.008774 -0.016097
v 0.017735 0.008811 -0.014696
v 0.019068 0.008856 -0.013299
v 0.020399 0.008897 -0.011902
v 0.021725 0.008969 -0.010507
v 0.023052 0.009027 -0.009112
v 0.024376 0.009082 -0.007719
v 0.025698 0.009125 -0.006330
v 0.027020 0.009135 -0.004944
v 0.028339 0.009168 -0.003564
v 0.029656 0.009251 -0.002190
v 0.030971 0.009331 -0.000825
v 0.032299 0.009420 0.000535
v 0.033638 0.009511 0.001892
v 0.034988 0.009598 0.003248
v 0.036339 0.009719 0.004605
v 0.037753 0.009567 0.004621
v 0.037753 0.009567 0.004621
v 0.037236 0.008304 0.004612
v 0.037060 0.007007 0.003270
v 0.037248 0.005719 0.001923
v 0.037423 0.004385 0.000583
v 0.037679 0.003049 -0.000764
v 0.037845 0.001698 -0.002118
v 0.037963 0.000344 -0.003478
v 0.038084 -0.001008 -0.004847
v 0.038154 -0.002359 -0.006223
v 0.038240 -0.003702 -0.007608
v 0.038295 -0.005034 -0.008999
v 0.038327 -0.006371 -0.010396
v 0.038310 -0.006366 -0.011791
v 0.038340 -0.007748 -0.011789
v 0.037003 -0.007895 -0.013173
v 0.035695 -0.007853 -0.014572
v 0.034377 -0.007878 -0.015968
v 0.033045 -0.007943 -0.017359
v 0.031702 -0.008029 -0.018751
v 0.030354 -0.008097 -0.020147
v 0.030362 -0.008086 -0.021549
v 0.029021 -0.007725 -0.022937
v 0.029011 -0.006386 -0.023335
v 0.027659 -0.006410 -0.023336
v 0.026292 -0.005068 -0.023388
v 0.024921 -0.003720 -0.023402
v 0.023546 -0.002365 -0.023390
v 0.022168 -0.001010 -0.023430
v 0.020784 0.000345 -0.023460
v 0.019396 0.001699 -0.023491
v 0.018004 0.003045 -0.023498
v 0.016609 0.004390 -0.023532
v 0.015212 0.005736 -0.023520
v 0.013811 0.007069 -0.023548
v 0.013770 0.008409 -0.023141
v 0.012399 0.008333 -0.023166
v 0.011009 0.008654 -0.021782
v 0.010990 0.008641 -0.020364
v 0.012339 0.008658 -0.018941
v 0.013684 0.008711 -0.017523
v 0.015028 0.008731 -0.016115
v 0.016369 0.008751 -0.014712
v 0.017705 0.008790 -0.013311
v 0.019038 0.008842 -0.011915
v 0.020367 0.008896 -0.010518
v 0.021695 0.008942 -0.009125
v 0.023021 0.009017 -0.007732
v 0.024343 0.009069 -0.006341
v 0.025668 0.009081 -0.004954
v 0.026989 0.009143 -0.003572
v 0.028310 0.009162 -0.002194
v 0.029628 0.009242 -0.000825
v 0.030951 0.009336 0.000537
v 0.032285 0.009431 0.001895
v 0.033631 0.009498 0.003249
v 0.034979 0.009580 0.004601
v 0.036322 0.009714 0.005961
v 0.037725 0.009531 0.005976
v 0.037725 0.009531 0.005976
v 0.037349 0.008272 0.005966
v 0.037134 0.007000 0.004620
v 0.037245 0.005703 0.003278
v 0.037452 0.004390 0.001941
v 0.037650 0.003051 0.000600
v 0.037841 0.001705 -0.000747
v 0.037967 0.000352 -0.002102
v 0.038080 -0.000999 -0.003466
v 0.038166 -0.002352 -0.004839
v 0.038260 -0.003698 -0.006219
v 0.038291 -0.005037 -0.007607
v 0.038336 -0.006364 -0.008999
v 0.038327 -0.006371 -0.010396
v 0.038340 -0.007718 -0.010385
v 0.037010 -0.007933 -0.011778
v 0.035683 -0.007866 -0.013174
v 0.034361 -0.007869 -0.014572
v 0.033030 -0.007920 -0.015969
v 0.031690 -0.008007 -0.017361
v 0.030345 -0.008085 -0.018755
v 0.029001 -0.008140 -0.020154
v 0.029011 -0.008103 -0.021553
v 0.027672 -0.007763 -0.022933
v 0.027659 -0.006410 -0.023336
v 0.026307 -0.006438 -0.023344
v 0.024936 -0.005103 -0.023403
v 0.023561 -0.003755 -0.023398
v 0.022183 -0.002401 -0.023414
v 0.020800 -0.001047 -0.023433
v 0.019415 0.000308 -0.023479
v 0.018025 0.001656 -0.023490
v 0.016633 0.003004 -0.023511
v 0.015238 0.004350 -0.023545
v 0.013840 0.005692 -0.023526
v 0.012438 0.007012 -0.023535
v 0.012399 0.008333 -0.023166
v 0.011029 0.008256 -0.023183
v 0.009638 0.008627 -0.021801
v 0.009618 0.008600 -0.020385
v 0.010969 0.008611 -0.018961
v 0.012315 0.008647 -0.017546
v 0.013660 0.008654 -0.016134
v 0.015001 0.008695 -0.014728
v 0.016340 0.008732 -0.013325
v 0.017676 0.008774 -0.011927
v 0.019008 0.008827 -0.010531
v 0.020339 0.008883 -0.009137
v 0.021665 0.008937 -0.007744
v 0.022988 0.009003 -0.006354
v 0.024313 0.009041 -0.004965
v 0.025639 0.009085 -0.003580
v 0.026964 0.009133 -0.002199
v 0.028286 0.009167 -0.000826
v 0.029608 0.009236 0.000540
v 0.030937 0.009335 0.001899
v 0.032277 0.009415 0.003253
v 0.033624 0.009491 0.004606
v 0.034972 0.009566 0.005958
v 0.036309 0.009688 0.007318
v 0.037671 0.009519 0.007329
v 0.037671 0.009519 0.007329
v 0.037331 0.008265 0.007319
v 0.037090 0.007013 0.005970
v 0.037262 0.005699 0.004636
v 0.037456 0.004389 0.003298
v 0.037647 0.003056 0.001964
v 0.037824 0.001711 0.000622
v 0.037967 0.000360 -0.000728
v 0.038077 -0.000993 -0.002086
v 0.038161 -0.002343 -0.003453
v 0.038248 -0.003690 -0.004830
v 0.038288 -0.005034 -0.006215
v 0.038321 -0.006362 -0.007601
v 0.038336 -0.006364 -0.008999
v 0.038307 -0.007701 -0.008985
v 0.037003 -0.007935 -0.010383
v 0.035676 -0.007886 -0.011780
v 0.034348 -0.007889 -0.013178
v 0.033015 -0.007916 -0.014576
v 0.031677 -0.007989 -0.015970
v 0.030334 -0.008056 -0.017365
v 0.028990 -0.008135 -0.018762
v 0.027646 -0.008183 -0.020164
v 0.027660 -0.008154 -0.021561
v 0.026321 -0.007770 -0.022954
v 0.026307 -0.006438 -0.023344
v 0.024950 -0.006477 -0.023352
v 0.023577 -0.005140 -0.023400
v 0.022198 -0.003792 -0.023403
v 0.020817 -0.002440 -0.023442
v 0.019433 -0.001087 -0.023437
v 0.018046 0.000266 -0.023479
v 0.016654 0.001614 -0.023509
v 0.015261 0.002961 -0.023524
v 0.013866 0.004308 -0.023553
v 0.012469 0.005645 -0.023549
v 0.011067 0.006957 -0.023578
v 0.011029 0.008256 -0.023183
v 0.009664 0.008196 -0.023194
v 0.008267 0.008604 -0.021819
v 0.008247 0.008574 -0.020408
v 0.009598 0.008569 -0.018982
v 0.010945 0.008599 -0.017565
v 0.012291 0.008597 -0.016154
v 0.013635 0.008620 -0.014747
v 0.014974 0.008666 -0.013342
v 0.016312 0.008718 -0.011942
v 0.017647 0.008768 -0.010545
v 0.018979 0.008817 -0.009150
v 0.020309 0.008866 -0.007757
v 0.021637 0.008909 -0.006365
v 0.022958 0.008983 -0.004977
v 0.024289 0.009027 -0.003589
v 0.025614 0.009085 -0.002207
v 0.026939 0.009124 -0.000830
v 0.028263 0.009148 0.000539
v 0.029593 0.009228 0.001902
v 0.030928 0.009319 0.003259
v 0.032272 0.009423 0.004613
v 0.033619 0.009486 0.005965
v 0.034967 0.009574 0.007318
v 0.036312 0.009675 0.008675
v 0.037669 0.009526 0.008676
v 0.037669 0.009526 0.008676
v 0.037290 0.008263 0.008676
v 0.037046 0.007041 0.007326
v 0.037255 0.005714 0.005994
v 0.037485 0.004397 0.004658
v 0.037667 0.003064 0.003325
v 0.037815 0.001718 0.001990
v 0.037962 0.000370 0.000647
v 0.038068 -0.000985 -0.000706
v 0.038159 -0.002334 -0.002068
v 0.038220 -0.003679 -0.003441
v 0.038303 -0.005022 -0.004821
v 0.038365 -0.006352 -0.006205
v 0.038321 -0.006362 -0.007601
v 0.038292 -0.007708 -0.007585
v 0.036987 -0.007956 -0.008986
v 0.035673 -0.007897 -0.010384
v 0.034338 -0.007894 -0.011783
v 0.033002 -0.007943 -0.013182
v 0.031662 -0.007981 -0.014579
v 0.030320 -0.008042 -0.015974
v 0.028977 -0.008113 -0.017370
v 0.027634 -0.008183 -0.018772
v 0.026291 -0.008233 -0.020179
v 0.026304 -0.008192 -0.021574
v 0.024966 -0.007836 -0.022993
v 0.024950 -0.006477 -0.023352
v 0.023595 -0.006518 -0.023366
v 0.022218 -0.005176 -0.023397
v 0.020836 -0.003830 -0.023429
v 0.019453 -0.002481 -0.023434
v 0.018067 -0.001127 -0.023451
v 0.016676 0.000223 -0.023488
v 0.015285 0.001571 -0.023534
v 0.013891 0.002920 -0.023541
v 0.012495 0.004266 -0.023575
v 0.011097 0.005599 -0.023566
v 0.009692 0.006911 -0.023578
v 0.009664 0.008196 -0.023194
v 0.008299 0.008223 -0.023219
v 0.006897 0.008588 -0.021833
v 0.006877 0.008541 -0.020428
v 0.008227 0.008538 -0.019005
v 0.009575 0.008557 -0.017585
v 0.010922 0.008564 -0.016174
v 0.012266 0.008576 -0.014766
v 0.013608 0.008607 -0.013360
v 0.014948 0.008637 -0.011958
v 0.016284 0.008722 -0.010559
v 0.017619 0.008759 -0.009164
v 0.018951 0.008807 -0.007770
v 0.020282 0.008849 -0.006377
v 0.021608 0.008894 -0.004988
v 0.022934 0.008961 -0.003600
v 0.024266 0.009012 -0.002214
v 0.025589 0.009067 -0.000835
v 0.026917 0.009109 0.000538
v 0.028248 0.009159 0.001904
v 0.029581 0.009237 0.003263
v 0.030925 0.009332 0.004619
v 0.032270 0.009422 0.005973
v 0.033618 0.009475 0.007327
v 0.034970 0.009572 0.008678
v 0.036331 0.009657 0.010032
v 0.037711 0.009464 0.010028
v 0.037711 0.009464 0.010028
v 0.037053 0.007072 0.008687
v 0.037267 0.005748 0.007348
v 0.037462 0.004407 0.006019
v 0.037654 0.003074 0.004689
v 0.037824 0.001729 0.003358
v 0.037937 0.000376 0.002020
v 0.038047 -0.000976 0.000673
v 0.038158 -0.002326 -0.000685
v 0.038223 -0.003672 -0.002051
v 0.038271 -0.005010 -0.003426
v 0.038353 -0.006342 -0.004806
v 0.038365 -0.006352 -0.006205
v 0.038259 -0.007691 -0.006186
v 0.036968 -0.007969 -0.007590
v 0.035661 -0.007939 -0.008989
v 0.034329 -0.007899 -0.010387
v 0.032990 -0.007935 -0.011788
v 0.031649 -0.007991 -0.013186
v 0.030306 -0.008036 -0.014583
v 0.028961 -0.008099 -0.015980
v 0.027620 -0.008178 -0.017379
v 0.026277 -0.008223 -0.018785
v 0.024935 -0.008279 -0.020199
v 0.024950 -0.008239 -0.021603
v 0.023608 -0.007889 -0.023036
v 0.023595 -0.006518 -0.023366
v 0.022240 -0.006553 -0.023383
v 0.020856 -0.005216 -0.023407
v 0.019471 -0.003872 -0.023425
v 0.018087 -0.002521 -0.023430
v 0.016698 -0.001167 -0.023462
v 0.015308 0.000182 -0.023554
v 0.013915 0.001532 -0.023542
v 0.012521 0.002879 -0.023557
v 0.011124 0.004223 -0.023595
v 0.009724 0.005556 -0.023596
v 0.008320 0.006885 -0.023571
v 0.008299 0.008223 -0.023219
v 0.006926 0.008248 -0.023245
v 0.005527 0.008562 -0.021852
v 0.005507 0.008517 -0.020445
v 0.006857 0.008505 -0.019028
v 0.008205 0.008522 -0.017605
v 0.009552 0.008533 -0.016194
v 0.010897 0.008542 -0.014786
v 0.012241 0.008557 -0.013380
v 0.013582 0.008599 -0.011977
v 0.014921 0.008629 -0.010575
v 0.016257 0.008711 -0.009178
v 0.017591 0.008742 -0.007784
v 0.018924 0.008784 -0.006391
v 0.020255 0.008825 -0.005000
v 0.021581 0.008884 -0.003611
v 0.022913 0.008943 -0.002224
v 0.024241 0.008998 -0.000842
v 0.025569 0.009039 0.000534
v 0.026897 0.009116 0.001904
v 0.028233 0.009173 0.003267
v 0.029579 0.009242 0.004626
v 0.030921 0.009330 0.005981
v 0.032273 0.009395 0.007335
v 0.033622 0.009468 0.008687
v 0.034984 0.009560 0.010033
v 0.036360 0.009638 0.011386
v 0.037703 0.009350 0.011377
v 0.037703 0.009350 0.011377
v 0.037275 0.005801 0.008704
v 0.037428 0.004433 0.007377
v 0.037644 0.003088 0.006052
v 0.037829 0.001743 0.004725
v 0.037929 0.000385 0.003393
v 0.038041 -0.000965 0.002052
v 0.038149 -0.002315 0.000700
v 0.038236 -0.003659 -0.000663
v 0.038265 -0.004997 -0.002033
v 0.038299 -0.006331 -0.003408
v 0.038353 -0.006342 -0.004806
v 0.038254 -0.007658 -0.004785
v 0.036951 -0.007985 -0.006186
v 0.035643 -0.007962 -0.007592
v 0.034319 -0.007929 -0.008993
v 0.032978 -0.007945 -0.010392
v 0.031639 -0.007993 -0.011793
v 0.030293 -0.008051 -0.013190
v 0.028948 -0.008103 -0.014589
v 0.027606 -0.008178 -0.015988
v 0.026264 -0.008238 -0.017391
v 0.024919 -0.008264 -0.018801
v 0.023580 -0.008332 -0.020219
v 0.023597 -0.008269 -0.021633
v 0.022251 -0.007877 -0.023022
v 0.022240 -0.006553 -0.023383
v 0.020880 -0.006590 -0.023395
v 0.019494 -0.005259 -0.023412
v 0.018106 -0.003916 -0.023420
v 0.016722 -0.002559 -0.023458
v 0.015331 -0.001207 -0.023513
v 0.013938 0.000142 -0.023529
v 0.012545 0.001492 -0.023563
v 0.011151 0.002839 -0.023599
v 0.009752 0.004182 -0.023601
v 0.008350 0.005519 -0.023608
v 0.006950 0.006862 -0.023571
v 0.006926 0.008248 -0.023245
v 0.005551 0.008236 -0.023267
v 0.004156 0.008522 -0.021863
v 0.004138 0.008480 -0.020461
v 0.005487 0.008481 -0.019046
v 0.006836 0.008480 -0.017629
v 0.008183 0.008502 -0.016214
v 0.009530 0.008498 -0.014805
v 0.010874 0.008513 -0.013399
v 0.012216 0.008540 -0.011995
v 0.013556 0.008588 -0.010593
v 0.014895 0.008623 -0.009194
v 0.016231 0.008682 -0.007799
v 0.017564 0.008732 -0.006405
v 0.018900 0.008758 -0.005013
v 0.020228 0.008817 -0.003623
v 0.021557 0.008880 -0.002235
v 0.022891 0.008933 -0.000850
v 0.024217 0.008980 0.000529
v 0.025551 0.009051 0.001903
v 0.026883 0.009125 0.003270
v 0.028227 0.009163 0.004632
v 0.029575 0.009245 0.005990
v 0.030925 0.009321 0.007346
v 0.032276 0.009378 0.008695
v 0.033636 0.009458 0.010044
v 0.035008 0.009536 0.011390
v 0.036394 0.009615 0.012742
v 0.037739 0.009306 0.012731
v 0.037739 0.009306 0.012731
v 0.037346 0.007718 0.012740
v 0.037286 0.005911 0.010057
v 0.037458 0.004489 0.008735
v 0.037649 0.003118 0.007414
v 0.037790 0.001757 0.006092
v 0.037921 0.000397 0.004764
v 0.038042 -0.000954 0.003429
v 0.038106 -0.002307 0.002084
v 0.038218 -0.003648 0.000727
v 0.038268 -0.004984 -0.000640
v 0.038302 -0.006306 -0.002012
v 0.038299 -0.006331 -0.003408
v 0.038289 -0.007672 -0.003381
v 0.036939 -0.007966 -0.004785
v 0.035626 -0.007959 -0.006194
v 0.034301 -0.007953 -0.007597
v 0.032965 -0.007965 -0.008998
v 0.031627 -0.008007 -0.010398
v 0.030282 -0.008062 -0.011797
v 0.028936 -0.008114 -0.013196
v 0.027591 -0.008171 -0.014595
v 0.026249 -0.008222 -0.015996
v 0.024905 -0.008275 -0.017403
v 0.023563 -0.008317 -0.018817
v 0.022225 -0.008381 -0.020237
v 0.022241 -0.008304 -0.021645
v 0.020896 -0.007918 -0.023031
v 0.020880 -0.006590 -0.023395
v 0.019518 -0.006636 -0.023386
v 0.018128 -0.005307 -0.023421
v 0.016742 -0.003956 -0.023442
v 0.015353 -0.002600 -0.023487
v 0.013962 -0.001247 -0.023503
v 0.012569 0.000103 -0.023540
v 0.011176 0.001452 -0.023595
v 0.009780 0.002797 -0.023597
v 0.008380 0.004140 -0.023610
v 0.006978 0.005483 -0.023620
v 0.005580 0.006831 -0.023602
v 0.005551 0.008236 -0.023267
v 0.004177 0.008196 -0.023250
v 0.002783 0.008487 -0.021881
v 0.002767 0.008440 -0.020482
v 0.004118 0.008435 -0.019065
v 0.005467 0.008451 -0.017651
v 0.006815 0.008451 -0.016237
v 0.008162 0.008459 -0.014825
v 0.009507 0.008469 -0.013419
v 0.010850 0.008481 -0.012015
v 0.012193 0.008519 -0.010611
v 0.013532 0.008565 -0.009211
v 0.014871 0.008594 -0.007815
v 0.016206 0.008662 -0.006419
v 0.017540 0.008707 -0.005026
v 0.018875 0.008752 -0.003635
v 0.020204 0.008807 -0.002246
v 0.021536 0.008855 -0.000860
v 0.022867 0.008923 0.000523
v 0.024201 0.008975 0.001900
v 0.025534 0.009069 0.003270
v 0.026874 0.009124 0.004636
v 0.028226 0.009145 0.005997
v 0.029576 0.009250 0.007355
v 0.030935 0.009308 0.008708
v 0.032291 0.009371 0.010056
v 0.033657 0.009437 0.011400
v 0.035035 0.009511 0.012746
v 0.037779 0.009272 0.014094
v 0.036417 0.009572 0.014098
v 0.037779 0.009272 0.014094
v 0.037287 0.007728 0.014090
v 0.037276 0.006194 0.012769
v 0.037250 0.006090 0.011412
v 0.037466 0.004570 0.010091
v 0.037645 0.003161 0.008776
v 0.037797 0.001781 0.007459
v 0.037915 0.000414 0.006137
v 0.038035 -0.000946 0.004807
v 0.038138 -0.002292 0.003465
v 0.038205 -0.003643 0.002114
v 0.038276 -0.004976 0.000753
v 0.038279 -0.006287 -0.000616
v 0.038302 -0.006306 -0.002012
v 0.038222 -0.007608 -0.001986
v 0.036940 -0.007966 -0.003387
v 0.035612 -0.007953 -0.004794
v 0.034284 -0.007957 -0.006201
v 0.032950 -0.007964 -0.007603
v 0.031611 -0.008005 -0.009004
v 0.030270 -0.008069 -0.010403
v 0.028925 -0.008120 -0.011802
v 0.027579 -0.008170 -0.013202
v 0.026233 -0.008209 -0.014603
v 0.024891 -0.008256 -0.016008
v 0.023547 -0.008324 -0.017416
v 0.022206 -0.008377 -0.018832
v 0.020866 -0.008430 -0.020248
v 0.020883 -0.008346 -0.021652
v 0.019539 -0.007961 -0.023019
v 0.019518 -0.006636 -0.023386
v 0.018155 -0.006690 -0.023417
v 0.016765 -0.005352 -0.023446
v 0.015376 -0.003996 -0.023461
v 0.013985 -0.002639 -0.023504
v 0.012593 -0.001286 -0.023516
v 0.011200 0.000063 -0.023568
v 0.009806 0.001412 -0.023600
v 0.008408 0.002757 -0.023606
v 0.007008 0.004098 -0.023616
v 0.005609 0.005444 -0.023618
v 0.004210 0.006790 -0.023585
v 0.004177 0.008196 -0.023250
v 0.002805 0.008138 -0.023266
v 0.001411 0.008438 -0.021907
v 0.001395 0.008398 -0.020506
v 0.002749 0.008379 -0.019088
v 0.004099 0.008388 -0.017674
v 0.005447 0.008404 -0.016261
v 0.006793 0.008423 -0.014848
v 0.008139 0.008433 -0.013439
v 0.009483 0.008439 -0.012034
v 0.010827 0.008454 -0.010630
v 0.012169 0.008491 -0.009228
v 0.013509 0.008552 -0.007830
v 0.014847 0.008572 -0.006435
v 0.016182 0.008639 -0.005041
v 0.017516 0.008705 -0.003648
v 0.018852 0.008729 -0.002257
v 0.020184 0.008786 -0.000870
v 0.021515 0.008852 0.000515
v 0.022849 0.008901 0.001894
v 0.024187 0.008997 0.003269
v 0.025526 0.009071 0.004639
v 0.026872 0.009120 0.006004
v 0.028231 0.009142 0.007364
v 0.029583 0.009237 0.008718
v 0.030946 0.009287 0.010069
v 0.032309 0.009372 0.011415
v 0.033682 0.009412 0.012759
v 0.035060 0.009484 0.014105
v 0.036426 0.009522 0.015459
v 0.037751 0.009200 0.015456
v 0.037751 0.009200 0.015456
v 0.037317 0.007696 0.015449
v 0.037260 0.006234 0.014126
v 0.037465 0.004669 0.011450
v 0.037463 0.004743 0.012810
v 0.037628 0.003218 0.010138
v 0.037827 0.001822 0.008826
v 0.037934 0.000438 0.007510
v 0.038026 -0.000933 0.006185
v 0.038148 -0.002284 0.004849
v 0.038201 -0.003632 0.003500
v 0.038236 -0.004970 0.002143
v 0.038296 -0.006279 0.000777
v 0.038279 -0.006287 -0.000616
v 0.038219 -0.007583 -0.000592
v 0.036915 -0.007948 -0.001991
v 0.035597 -0.007951 -0.003397
v 0.034267 -0.007960 -0.004805
v 0.032934 -0.007981 -0.006208
v 0.031595 -0.008009 -0.007610
v 0.030254 -0.008062 -0.009009
v 0.028912 -0.008131 -0.010408
v 0.027566 -0.008173 -0.011808
v 0.026219 -0.008200 -0.013210
v 0.024875 -0.008250 -0.014613
v 0.023531 -0.008298 -0.016019
v 0.022189 -0.008382 -0.017429
v 0.020847 -0.008430 -0.018843
v 0.019503 -0.008468 -0.020256
v 0.019523 -0.008392 -0.021660
v 0.018181 -0.008040 -0.023057
v 0.018155 -0.006690 -0.023417
v 0.016790 -0.006740 -0.023418
v 0.015400 -0.005395 -0.023449
v 0.014009 -0.004034 -0.023451
v 0.012616 -0.002678 -0.023515
v 0.011224 -0.001325 -0.023535
v 0.009831 0.000024 -0.023580
v 0.008435 0.001371 -0.023607
v 0.007036 0.002714 -0.023610
v 0.005637 0.004057 -0.023629
v 0.004239 0.005402 -0.023639
v 0.002839 0.006748 -0.023605
v 0.002805 0.008138 -0.023266
v 0.001435 0.008091 -0.023306
v 0.000039 0.008411 -0.021940
v 0.000023 0.008363 -0.020533
v 0.001378 0.008342 -0.019113
v 0.002729 0.008349 -0.017696
v 0.004079 0.008348 -0.016283
v 0.005425 0.008374 -0.014871
v 0.006772 0.008382 -0.013459
v 0.008117 0.008407 -0.012054
v 0.009461 0.008415 -0.010649
v 0.010805 0.008440 -0.009247
v 0.012145 0.008487 -0.007848
v 0.013486 0.008533 -0.006450
v 0.014824 0.008557 -0.005055
v 0.016159 0.008628 -0.003662
v 0.017495 0.008690 -0.002270
v 0.018833 0.008715 -0.000880
v 0.020164 0.008784 0.000506
v 0.021500 0.008830 0.001888
v 0.022837 0.008907 0.003266
v 0.024180 0.009001 0.004638
v 0.025523 0.009064 0.006008
v 0.026878 0.009107 0.007370
v 0.028235 0.009150 0.008729
v 0.029595 0.009228 0.010083
v 0.030961 0.009284 0.011432
v 0.032331 0.009354 0.012777
v 0.033708 0.009398 0.014119
v 0.035079 0.009466 0.015465
v 0.036437 0.009485 0.016822
v 0.037764 0.009169 0.016819
v 0.037764 0.009169 0.016819
v 0.037198 0.007701 0.016803
v 0.037267 0.006252 0.015485
v 0.037437 0.004789 0.014172
v 0.037637 0.003337 0.012866
v 0.037643 0.003283 0.011500
v 0.037779 0.001860 0.010195
v 0.037911 0.000467 0.008884
v 0.038024 -0.000912 0.007564
v 0.038121 -0.002277 0.006234
v 0.038198 -0.003625 0.004889
v 0.038256 -0.004967 0.003533
v 0.038262 -0.006286 0.002169
v 0.038296 -0.006279 0.000777
v 0.038207 -0.007560 0.000800
v 0.036885 -0.007916 -0.000593
v 0.035573 -0.007958 -0.002002
v 0.034248 -0.007957 -0.003407
v 0.032917 -0.007993 -0.004814
v 0.031578 -0.008017 -0.006216
v 0.030238 -0.008059 -0.007617
v 0.028897 -0.008136 -0.009015
v 0.027550 -0.008174 -0.010414
v 0.026205 -0.008191 -0.011816
v 0.024860 -0.008256 -0.013218
v 0.023517 -0.008305 -0.014623
v 0.022172 -0.008366 -0.016031
v 0.020829 -0.008434 -0.017443
v 0.019485 -0.008477 -0.018854
v 0.018141 -0.008515 -0.020268
v 0.018165 -0.008480 -0.021681
v 0.016815 -0.008104 -0.023078
v 0.016790 -0.006740 -0.023418
v 0.015426 -0.006788 -0.023437
v 0.014033 -0.005430 -0.023438
v 0.012639 -0.004071 -0.023475
v 0.011246 -0.002719 -0.023530
v 0.009854 -0.001365 -0.023558
v 0.008460 -0.000016 -0.023591
v 0.007063 0.001329 -0.023616
v 0.005665 0.002672 -0.023630
v 0.004267 0.004016 -0.023662
v 0.002867 0.005362 -0.023648
v 0.001468 0.006708 -0.023645
v 0.001435 0.008091 -0.023306
v 0.000064 0.008044 -0.023343
v -0.001333 0.008361 -0.021969
v -0.001349 0.008330 -0.020564
v 0.000006 0.008318 -0.019137
v 0.001358 0.008324 -0.017719
v 0.002709 0.008324 -0.016305
v 0.004057 0.008319 -0.014894
v 0.005404 0.008341 -0.013482
v 0.006750 0.008350 -0.012074
v 0.008095 0.008372 -0.010669
v 0.009440 0.008396 -0.009266
v 0.010781 0.008428 -0.007866
v 0.012124 0.008462 -0.006467
v 0.013463 0.008518 -0.005070
v 0.014802 0.008540 -0.003676
v 0.016136 0.008628 -0.002284
v 0.017475 0.008680 -0.000892
v 0.018811 0.008707 0.000496
v 0.020147 0.008770 0.001880
v 0.021486 0.008825 0.003261
v 0.022830 0.008914 0.004636
v 0.024173 0.008997 0.006008
v 0.025525 0.009061 0.007375
v 0.026887 0.009094 0.008736
v 0.028245 0.009150 0.010094
v 0.029609 0.009236 0.011449
v 0.030982 0.009293 0.012794
v 0.032356 0.009353 0.014137
v 0.033732 0.009372 0.015479
v 0.035096 0.009458 0.016831
v 0.036433 0.009448 0.018192
v 0.037736 0.009095 0.018187
v 0.037736 0.009095 0.018187
v 0.037188 0.007679 0.018168
v 0.037264 0.006265 0.016848
v 0.037454 0.004835 0.015539
v 0.037619 0.003386 0.014235
v 0.037778 0.001905 0.011564
v 0.037769 0.001953 0.012934
v 0.037930 0.000503 0.010258
v 0.038026 -0.000889 0.008946
v 0.038132 -0.002263 0.007621
v 0.038190 -0.003617 0.006280
v 0.038276 -0.004960 0.004928
v 0.038255 -0.006285 0.003563
v 0.038262 -0.006286 0.002169
v 0.038207 -0.007571 0.002192
v 0.036860 -0.007905 0.000801
v 0.035543 -0.007952 -0.000604
v 0.034225 -0.007956 -0.002009
v 0.032896 -0.007987 -0.003416
v 0.031562 -0.008057 -0.004822
v 0.030224 -0.008078 -0.006225
v 0.028880 -0.008131 -0.007624
v 0.027536 -0.008166 -0.009022
v 0.026190 -0.008184 -0.010421
v 0.024847 -0.008259 -0.011824
v 0.023503 -0.008333 -0.013228
v 0.022158 -0.008366 -0.014637
v 0.020812 -0.008424 -0.016047
v 0.019469 -0.008483 -0.017456
v 0.018121 -0.008528 -0.018867
v 0.016777 -0.008565 -0.020282
v 0.016799 -0.008513 -0.021690
v 0.015445 -0.008166 -0.023072
v 0.015426 -0.006788 -0.023437
v 0.014059 -0.006821 -0.023435
v 0.012663 -0.005464 -0.023461
v 0.011268 -0.004112 -0.023499
v 0.009877 -0.002757 -0.023546
v 0.008484 -0.001405 -0.023562
v 0.007089 -0.000057 -0.023597
v 0.005693 0.001287 -0.023631
v 0.004294 0.002631 -0.023653
v 0.002895 0.003977 -0.023686
v 0.001496 0.005324 -0.023674
v 0.000095 0.006663 -0.023635
v 0.000064 0.008044 -0.023343
v -0.001306 0.007986 -0.023359
v -0.002705 0.008340 -0.021998
v -0.002722 0.008298 -0.020596
v -0.001366 0.008290 -0.019166
v -0.000012 0.008289 -0.017742
v 0.001339 0.008302 -0.016328
v 0.002689 0.008300 -0.014916
v 0.004036 0.008292 -0.013507
v 0.005383 0.008305 -0.012096
v 0.006729 0.008326 -0.010688
v 0.008074 0.008352 -0.009285
v 0.009417 0.008376 -0.007884
v 0.010759 0.008412 -0.006484
v 0.012103 0.008452 -0.005087
v 0.013442 0.008513 -0.003690
v 0.014781 0.008533 -0.002297
v 0.016118 0.008619 -0.000905
v 0.017457 0.008671 0.000485
v 0.018796 0.008687 0.001871
v 0.020137 0.008761 0.003254
v 0.021479 0.008831 0.004632
v 0.022827 0.008912 0.006007
v 0.024174 0.008998 0.007377
v 0.025532 0.009062 0.008742
v 0.026896 0.009081 0.010103
v 0.028259 0.009162 0.011462
v 0.029628 0.009228 0.012814
v 0.031004 0.009293 0.014160
v 0.032380 0.009330 0.015500
v 0.033752 0.009372 0.016847
v 0.035107 0.009434 0.018203
v 0.036429 0.009382 0.019567
v 0.037735 0.009029 0.019561
v 0.037735 0.009029 0.019561
v 0.037198 0.007642 0.019532
v 0.037274 0.006272 0.018212
v 0.037466 0.004870 0.016910
v 0.037660 0.003443 0.015607
v 0.037789 0.002007 0.014308
v 0.037923 0.000584 0.013009
v 0.037910 0.000538 0.011634
v 0.038025 -0.000859 0.010326
v 0.038133 -0.002243 0.009009
v 0.038158 -0.003609 0.007674
v 0.038259 -0.004954 0.006322
v 0.038265 -0.006291 0.004961
v 0.038255 -0.006285 0.003563
v 0.038186 -0.007605 0.003589
v 0.036847 -0.007925 0.002197
v 0.035516 -0.007948 0.000794
v 0.034199 -0.007945 -0.000612
v 0.032875 -0.007984 -0.002018
v 0.031542 -0.008058 -0.003425
v 0.030208 -0.008114 -0.004830
v 0.028865 -0.008131 -0.006232
v 0.027521 -0.008159 -0.007631
v 0.026177 -0.008187 -0.009030
v 0.024834 -0.008263 -0.010432
v 0.023489 -0.008342 -0.011834
v 0.022145 -0.008402 -0.013242
v 0.020798 -0.008429 -0.014653
v 0.019452 -0.008481 -0.016062
v 0.018105 -0.008541 -0.017469
v 0.016757 -0.008575 -0.018879
v 0.015411 -0.008607 -0.020290
v 0.015432 -0.008553 -0.021695
v 0.014076 -0.008184 -0.023057
v 0.014059 -0.006821 -0.023435
v 0.012688 -0.006851 -0.023439
v 0.011291 -0.005502 -0.023478
v 0.009898 -0.004150 -0.023517
v 0.008507 -0.002794 -0.023541
v 0.007113 -0.001444 -0.023581
v 0.005718 -0.000098 -0.023616
v 0.004321 0.001246 -0.023643
v 0.002923 0.002593 -0.023678
v 0.001524 0.003940 -0.023701
v 0.000124 0.005286 -0.023684
v -0.001277 0.006630 -0.023648
v -0.001306 0.007986 -0.023359
v -0.002677 0.008005 -0.023403
v -0.004078 0.008311 -0.022023
v -0.004094 0.008265 -0.020624
v -0.002738 0.008270 -0.019197
v -0.001383 0.008252 -0.017769
v -0.000031 0.008267 -0.016350
v 0.001319 0.008279 -0.014938
v 0.002668 0.008282 -0.013528
v 0.004016 0.008265 -0.012118
v 0.005363 0.008276 -0.010710
v 0.006708 0.008301 -0.009305
v 0.008052 0.008328 -0.007902
v 0.009395 0.008360 -0.006502
v 0.010740 0.008394 -0.005103
v 0.012080 0.008446 -0.003706
v 0.013421 0.008500 -0.002311
v 0.014762 0.008531 -0.000919
v 0.016099 0.008615 0.000472
v 0.017440 0.008661 0.001861
v 0.018784 0.008690 0.003245
v 0.020126 0.008774 0.004627
v 0.021476 0.008815 0.006004
v 0.022824 0.008926 0.007378
v 0.024178 0.009002 0.008746
v 0.025540 0.009062 0.010111
v 0.026907 0.009089 0.011474
v 0.028276 0.009165 0.012830
v 0.029650 0.009227 0.014180
v 0.031025 0.009266 0.015524
v 0.032401 0.009328 0.016868
v 0.033767 0.009349 0.018220
v 0.035102 0.009397 0.019584
v 0.036389 0.009244 0.020942
v 0.037675 0.008826 0.020916
v 0.037675 0.008826 0.020916
v 0.037202 0.007631 0.020905
v 0.037244 0.006277 0.019594
v 0.037464 0.004903 0.018286
v 0.037635 0.003490 0.016983
v 0.037798 0.002062 0.015684
v 0.037915 0.000634 0.014387
v 0.038024 -0.000787 0.013087
v 0.038021 -0.000826 0.011706
v 0.038137 -0.002217 0.010394
v 0.038199 -0.003590 0.009066
v 0.038250 -0.004945 0.007718
v 0.038254 -0.006283 0.006358
v 0.038265 -0.006291 0.004961
v 0.038151 -0.007642 0.004989
v 0.036826 -0.007908 0.003592
v 0.035496 -0.007946 0.002192
v 0.034169 -0.007947 0.000786
v 0.032849 -0.007986 -0.000621
v 0.031522 -0.008045 -0.002026
v 0.030188 -0.008121 -0.003433
v 0.028850 -0.008131 -0.004838
v 0.027507 -0.008154 -0.006238
v 0.026163 -0.008190 -0.007638
v 0.024818 -0.008260 -0.009038
v 0.023475 -0.008341 -0.010441
v 0.022130 -0.008404 -0.011848
v 0.020783 -0.008446 -0.013256
v 0.019436 -0.008481 -0.014666
v 0.018088 -0.008532 -0.016073
v 0.016739 -0.008586 -0.017480
v 0.015391 -0.008622 -0.018890
v 0.014043 -0.008636 -0.020298
v 0.014062 -0.008585 -0.021695
v 0.012709 -0.008217 -0.023075
v 0.012688 -0.006851 -0.023439
v 0.011316 -0.006887 -0.023455
v 0.009920 -0.005542 -0.023483
v 0.008528 -0.004187 -0.023512
v 0.007137 -0.002831 -0.023556
v 0.005743 -0.001484 -0.023598
v 0.004347 -0.000137 -0.023630
v 0.002950 0.001209 -0.023667
v 0.001552 0.002556 -0.023703
v 0.000153 0.003902 -0.023716
v -0.001248 0.005250 -0.023702
v -0.002650 0.006607 -0.023675
v -0.002677 0.008005 -0.023403
v -0.004053 0.007991 -0.023417
v -0.005452 0.008280 -0.022047
v -0.005465 0.008233 -0.020647
v -0.004110 0.008241 -0.019224
v -0.002755 0.008216 -0.017800
v -0.001401 0.008227 -0.016375
v -0.000050 0.008251 -0.014961
v 0.001299 0.008267 -0.013550
v 0.002647 0.008256 -0.012141
v 0.003996 0.008236 -0.010731
v 0.005342 0.008252 -0.009326
v 0.006687 0.008281 -0.007922
v 0.008031 0.008307 -0.006520
v 0.009376 0.008353 -0.005120
v 0.010719 0.008383 -0.003723
v 0.012060 0.008426 -0.002327
v 0.013401 0.008492 -0.000933
v 0.014745 0.008532 0.000459
v 0.016084 0.008608 0.001849
v 0.017428 0.008653 0.003236
v 0.018775 0.008693 0.004619
v 0.020122 0.008774 0.005999
v 0.021473 0.008837 0.007376
v 0.022825 0.008932 0.008747
v 0.024185 0.009006 0.010117
v 0.025550 0.009070 0.011483
v 0.026925 0.009101 0.012841
v 0.028296 0.009167 0.014197
v 0.029670 0.009227 0.015545
v 0.031047 0.009283 0.016889
v 0.032417 0.009320 0.018240
v 0.033773 0.009359 0.019602
v 0.035078 0.009293 0.020981
v 0.036324 0.008880 0.022309
v 0.037456 0.008555 0.022199
v 0.037456 0.008555 0.022199
v 0.037431 0.007510 0.022442
v 0.037293 0.006284 0.021000
v 0.037385 0.004923 0.019675
v 0.037592 0.003533 0.018364
v 0.037782 0.002116 0.017062
v 0.037908 0.000688 0.015764
v 0.038032 -0.000738 0.014467
v 0.038160 -0.002151 0.013166
v 0.038131 -0.002190 0.011781
v 0.038218 -0.003569 0.010459
v 0.038243 -0.004935 0.009117
v 0.038237 -0.006276 0.007754
v 0.038254 -0.006283 0.006358
v 0.038101 -0.007643 0.006390
v 0.036805 -0.007923 0.004989
v 0.035478 -0.007936 0.003588
v 0.034148 -0.007948 0.002186
v 0.032825 -0.007982 0.000779
v 0.031500 -0.008037 -0.000629
v 0.030168 -0.008090 -0.002035
v 0.028832 -0.008117 -0.003440
v 0.027492 -0.008151 -0.004843
v 0.026150 -0.008197 -0.006245
v 0.024805 -0.008252 -0.007647
v 0.023461 -0.008326 -0.009048
v 0.022114 -0.008399 -0.010454
v 0.020768 -0.008458 -0.011861
v 0.019420 -0.008483 -0.013269
v 0.018072 -0.008532 -0.014676
v 0.016723 -0.008583 -0.016084
v 0.015373 -0.008628 -0.017489
v 0.014024 -0.008654 -0.018898
v 0.012672 -0.008661 -0.020306
v 0.012692 -0.008609 -0.021703
v 0.011340 -0.008269 -0.023103
v 0.011316 -0.006887 -0.023455
v 0.009943 -0.006933 -0.023463
v 0.008551 -0.005579 -0.023495
v 0.007158 -0.004222 -0.023543
v 0.005766 -0.002869 -0.023577
v 0.004371 -0.001519 -0.023596
v 0.002976 -0.000174 -0.023654
v 0.001579 0.001171 -0.023693
v 0.000181 0.002518 -0.023724
v -0.001218 0.003866 -0.023746
v -0.002620 0.005219 -0.023723
v -0.004022 0.006583 -0.023698
v -0.004053 0.007991 -0.023417
v -0.005431 0.007960 -0.023432
v -0.006825 0.008236 -0.022068
v -0.006837 0.008199 -0.020667
v -0.005480 0.008206 -0.019247
v -0.004126 0.008190 -0.017828
v -0.002771 0.008180 -0.016403
v -0.001420 0.008207 -0.014985
v -0.000070 0.008227 -0.013572
v 0.001279 0.008239 -0.012162
v 0.002629 0.008238 -0.010752
v 0.003976 0.008211 -0.009347
v 0.005321 0.008236 -0.007942
v 0.006667 0.008259 -0.006539
v 0.008012 0.008303 -0.005138
v 0.009358 0.008341 -0.003739
v 0.010699 0.008370 -0.002342
v 0.012042 0.008416 -0.000948
v 0.013386 0.008487 0.000446
v 0.014731 0.008525 0.001836
v 0.016071 0.008608 0.003225
v 0.017420 0.008647 0.004610
v 0.018769 0.008708 0.005992
v 0.020121 0.008771 0.007370
v 0.021472 0.008857 0.008746
v 0.022831 0.008930 0.010118
v 0.024194 0.009017 0.011487
v 0.025565 0.009058 0.012852
v 0.026940 0.009109 0.014209
v 0.028313 0.009177 0.015562
v 0.029690 0.009233 0.016913
v 0.031065 0.009296 0.018260
v 0.032428 0.009333 0.019620
v 0.033756 0.009271 0.021005
v 0.035054 0.008984 0.022409
v 0.036324 0.008880 0.022309
v 0.036257 0.007626 0.022779
v 0.037408 0.006285 0.022506
v 0.037409 0.004954 0.021088
v 0.037524 0.003571 0.019756
v 0.037745 0.002169 0.018445
v 0.037892 0.000744 0.017142
v 0.038032 -0.000687 0.015846
v 0.038126 -0.002109 0.014549
v 0.038187 -0.003518 0.013244
v 0.038194 -0.003549 0.011854
v 0.038259 -0.004920 0.010521
v 0.038274 -0.006268 0.009156
v 0.038237 -0.006276 0.007754
v 0.038125 -0.007610 0.007788
v 0.036788 -0.007916 0.006393
v 0.035465 -0.007927 0.004985
v 0.034133 -0.007933 0.003583
v 0.032803 -0.007989 0.002178
v 0.031478 -0.008042 0.000771
v 0.030148 -0.008073 -0.000638
v 0.028813 -0.008119 -0.002044
v 0.027476 -0.008152 -0.003447
v 0.026135 -0.008204 -0.004850
v 0.024792 -0.008258 -0.006256
v 0.023447 -0.008326 -0.007656
v 0.022100 -0.008396 -0.009059
v 0.020753 -0.008460 -0.010466
v 0.019405 -0.008493 -0.011873
v 0.018055 -0.008529 -0.013279
v 0.016706 -0.008580 -0.014686
v 0.015357 -0.008628 -0.016092
v 0.014006 -0.008665 -0.017498
v 0.012653 -0.008683 -0.018908
v 0.011321 -0.008635 -0.021715
v 0.011301 -0.008684 -0.020320
v 0.009969 -0.008314 -0.023134
v 0.009943 -0.006933 -0.023463
v 0.008575 -0.006977 -0.023473
v 0.007180 -0.005613 -0.023517
v 0.005787 -0.004255 -0.023564
v 0.004395 -0.002901 -0.023596
v 0.003000 -0.001554 -0.023639
v 0.001605 -0.000209 -0.023698
v 0.000208 0.001136 -0.023720
v -0.001190 0.002482 -0.023747
v -0.002589 0.003830 -0.023756
v -0.003991 0.005187 -0.023745
v -0.005394 0.006549 -0.023733
v -0.005431 0.007960 -0.023432
v -0.006808 0.007904 -0.023467
v -0.008198 0.008202 -0.022083
v -0.008210 0.008169 -0.020681
v -0.006851 0.008164 -0.019266
v -0.005496 0.008150 -0.017851
v -0.004142 0.008149 -0.016429
v -0.002789 0.008149 -0.015009
v -0.001439 0.008177 -0.013596
v -0.000089 0.008188 -0.012183
v 0.001260 0.008208 -0.010773
v 0.002609 0.008206 -0.009367
v 0.003956 0.008203 -0.007962
v 0.005302 0.008216 -0.006559
v 0.006648 0.008247 -0.005157
v 0.007995 0.008297 -0.003756
v 0.009340 0.008322 -0.002358
v 0.010681 0.008369 -0.000963
v 0.012026 0.008418 0.000431
v 0.013374 0.008484 0.001823
v 0.014719 0.008514 0.003213
v 0.016063 0.008598 0.004600
v 0.017413 0.008646 0.005983
v 0.018767 0.008717 0.007363
v 0.020119 0.008774 0.008742
v 0.021475 0.008858 0.010115
v 0.022838 0.008956 0.011487
v 0.024208 0.009011 0.012856
v 0.025582 0.009059 0.014220
v 0.026956 0.009120 0.015578
v 0.028334 0.009201 0.016931
v 0.029710 0.009254 0.018282
v 0.031078 0.009305 0.019637
v 0.032426 0.009219 0.021010
v 0.033735 0.008990 0.022461
v 0.035054 0.008984 0.022409
v 0.035007 0.007652 0.022750
v 0.036244 0.006293 0.022873
v 0.037473 0.004990 0.022566
v 0.037534 0.003616 0.021168
v 0.037690 0.002217 0.019834
v 0.037880 0.000804 0.018522
v 0.038019 -0.000629 0.017224
v 0.038124 -0.002060 0.015931
v 0.038183 -0.003483 0.014632
v 0.038245 -0.004885 0.013320
v 0.038288 -0.004905 0.011923
v 0.038262 -0.006254 0.010568
v 0.038274 -0.006268 0.009156
v 0.038128 -0.007611 0.009197
v 0.036785 -0.007909 0.007795
v 0.035453 -0.007920 0.006386
v 0.034123 -0.007898 0.004980
v 0.032788 -0.007971 0.003575
v 0.031459 -0.008042 0.002169
v 0.030129 -0.008082 0.000760
v 0.028797 -0.008128 -0.000649
v 0.027458 -0.008148 -0.002053
v 0.026120 -0.008208 -0.003457
v 0.024778 -0.008263 -0.004860
v 0.023434 -0.008334 -0.006265
v 0.022087 -0.008396 -0.007666
v 0.020738 -0.008458 -0.009070
v 0.019390 -0.008518 -0.010478
v 0.018041 -0.008535 -0.011883
v 0.016690 -0.008578 -0.013290
v 0.015341 -0.008629 -0.014694
v 0.013989 -0.008666 -0.016099
v 0.012636 -0.008695 -0.017509
v 0.011283 -0.008701 -0.018920
v 0.009930 -0.008725 -0.020335
v 0.009950 -0.008664 -0.021735
v 0.008596 -0.008389 -0.023166
v 0.008575 -0.006977 -0.023473
v 0.007202 -0.007008 -0.023500
v 0.005808 -0.005641 -0.023541
v 0.004416 -0.004284 -0.023583
v 0.003023 -0.002934 -0.023629
v 0.001628 -0.001588 -0.023671
v 0.000233 -0.000245 -0.023705
v -0.001163 0.001100 -0.023746
v -0.002561 0.002444 -0.023756
v -0.003960 0.003795 -0.023775
v -0.005361 0.005152 -0.023770
v -0.006767 0.006501 -0.023759
v -0.006808 0.007904 -0.023467
v -0.008182 0.007817 -0.023464
v -0.009573 0.008182 -0.022090
v -0.009583 0.008135 -0.020691
v -0.008223 0.008126 -0.019280
v -0.006866 0.008115 -0.017867
v -0.005512 0.008113 -0.016451
v -0.004159 0.008125 -0.015032
v -0.002807 0.008126 -0.013618
v -0.001457 0.008140 -0.012206
v -0.000107 0.008150 -0.010795
v 0.001241 0.008157 -0.009388
v 0.002590 0.008160 -0.007982
v 0.003936 0.008176 -0.006578
v 0.005282 0.008194 -0.005176
v 0.006629 0.008234 -0.003775
v 0.007977 0.008287 -0.002375
v 0.009321 0.008325 -0.000978
v 0.010666 0.008367 0.000416
v 0.012013 0.008417 0.001809
v 0.013362 0.008483 0.003200
v 0.014707 0.008533 0.004589
v 0.016057 0.008609 0.005973
v 0.017410 0.008644 0.007355
v 0.018766 0.008725 0.008734
v 0.020119 0.008787 0.010112
v 0.021482 0.008883 0.011485
v 0.022849 0.008953 0.012856
v 0.024222 0.009012 0.014224
v 0.025599 0.009050 0.015588
v 0.026976 0.009155 0.016946
v 0.028351 0.009216 0.018301
v 0.029725 0.009274 0.019657
v 0.031085 0.009205 0.021015
v 0.032406 0.008963 0.022447
v 0.033735 0.008990 0.022461
v 0.033711 0.007644 0.022712
v 0.034997 0.006299 0.022819
v 0.036262 0.004963 0.022908
v 0.037503 0.003656 0.022649
v 0.037688 0.002268 0.021240
v 0.037793 0.000853 0.019907
v 0.037978 -0.000571 0.018601
v 0.038095 -0.002005 0.017309
v 0.038179 -0.003441 0.016020
v 0.038244 -0.004860 0.014714
v 0.038185 -0.006250 0.013383
v 0.038212 -0.006252 0.011981
v 0.038262 -0.006254 0.010568
v 0.038073 -0.007580 0.010601
v 0.036776 -0.007910 0.009202
v 0.035446 -0.007919 0.007790
v 0.034113 -0.007900 0.006381
v 0.032776 -0.007929 0.004974
v 0.031442 -0.008019 0.003567
v 0.030113 -0.008088 0.002157
v 0.028781 -0.008125 0.000748
v 0.027442 -0.008164 -0.000660
v 0.026106 -0.008226 -0.002065
v 0.024763 -0.008276 -0.003467
v 0.023420 -0.008343 -0.004872
v 0.022073 -0.008394 -0.006275
v 0.020724 -0.008458 -0.007679
v 0.019375 -0.008520 -0.009084
v 0.018026 -0.008545 -0.010489
v 0.016677 -0.008589 -0.011894
v 0.015326 -0.008633 -0.013300
v 0.013974 -0.008672 -0.014703
v 0.012620 -0.008700 -0.016106
v 0.011266 -0.008722 -0.017520
v 0.009912 -0.008740 -0.018931
v 0.008560 -0.008762 -0.020351
v 0.008579 -0.008711 -0.021757
v 0.007218 -0.008398 -0.023174
v 0.007202 -0.007008 -0.023500
v 0.005828 -0.007030 -0.023522
v 0.004435 -0.005669 -0.023555
v 0.003044 -0.004314 -0.023599
v 0.001651 -0.002966 -0.023641
v 0.000256 -0.001622 -0.023683
v -0.001138 -0.000281 -0.023735
v -0.002534 0.001062 -0.023763
v -0.003932 0.002407 -0.023778
v -0.005330 0.003757 -0.023798
v -0.006731 0.005111 -0.023780
v -0.008138 0.006448 -0.023750
v -0.008182 0.007817 -0.023464
v -0.009552 0.007790 -0.023466
v -0.010947 0.008157 -0.022097
v -0.010956 0.008098 -0.020700
v -0.009595 0.008079 -0.019293
v -0.008237 0.008088 -0.017882
v -0.006881 0.008076 -0.016467
v -0.005529 0.008096 -0.015054
v -0.004176 0.008087 -0.013639
v -0.002826 0.008104 -0.012228
v -0.001475 0.008108 -0.010817
v -0.000126 0.008110 -0.009408
v 0.001222 0.008116 -0.008003
v 0.002571 0.008126 -0.006598
v 0.003918 0.008142 -0.005195
v 0.005265 0.008182 -0.003793
v 0.006613 0.008229 -0.002392
v 0.007959 0.008286 -0.000994
v 0.009305 0.008324 0.000401
v 0.010651 0.008370 0.001795
v 0.012001 0.008420 0.003187
v 0.013350 0.008488 0.004576
v 0.014699 0.008536 0.005963
v 0.016052 0.008604 0.007346
v 0.017409 0.008639 0.008727
v 0.018765 0.008729 0.010105
v 0.020125 0.008802 0.011481
v 0.021490 0.008900 0.012854
v 0.022861 0.008962 0.014227
v 0.024237 0.009017 0.015594
v 0.025618 0.009072 0.016955
v 0.026994 0.009172 0.018314
v 0.028366 0.009230 0.019676
v 0.029731 0.009183 0.021031
v 0.031068 0.008866 0.022387
v 0.032406 0.008963 0.022447
v 0.032399 0.007605 0.022635
v 0.033708 0.006283 0.022776
v 0.035002 0.004943 0.022872
v 0.036307 0.003618 0.022976
v 0.037619 0.002306 0.022697
v 0.037761 0.000902 0.021309
v 0.037930 -0.000512 0.019983
v 0.038065 -0.001943 0.018682
v 0.038196 -0.003384 0.017401
v 0.038227 -0.004822 0.016109
v 0.038198 -0.006236 0.014787
v 0.038212 -0.006252 0.011981
v 0.038185 -0.006250 0.013383
v 0.038107 -0.007653 0.013423
v 0.038110 -0.007602 0.012005
v 0.036758 -0.007889 0.010612
v 0.035432 -0.007925 0.009197
v 0.034101 -0.007901 0.007785
v 0.032764 -0.007921 0.006374
v 0.031428 -0.007968 0.004966
v 0.030096 -0.008050 0.003557
v 0.028765 -0.008127 0.002144
v 0.027426 -0.008179 0.000736
v 0.026088 -0.008213 -0.000671
v 0.024749 -0.008291 -0.002074
v 0.023406 -0.008352 -0.003477
v 0.022058 -0.008395 -0.004881
v 0.020710 -0.008449 -0.006286
v 0.019362 -0.008524 -0.007689
v 0.018012 -0.008566 -0.009097
v 0.016662 -0.008595 -0.010502
v 0.015311 -0.008645 -0.011905
v 0.013959 -0.008673 -0.013309
v 0.012605 -0.008714 -0.014712
v 0.011250 -0.008735 -0.016119
v 0.009895 -0.008749 -0.017530
v 0.008541 -0.008778 -0.018946
v 0.007188 -0.008797 -0.020365
v 0.007207 -0.008755 -0.021773
v 0.005843 -0.008404 -0.023197
v 0.005828 -0.007030 -0.023522
v 0.004454 -0.007052 -0.023521
v 0.003063 -0.005695 -0.023566
v 0.001672 -0.004343 -0.023620
v 0.000278 -0.002998 -0.023657
v -0.001115 -0.001658 -0.023704
v -0.002509 -0.000318 -0.023756
v -0.003905 0.001023 -0.023790
v -0.005302 0.002371 -0.023811
v -0.006700 0.003720 -0.023816
v -0.008102 0.005068 -0.023802
v -0.009511 0.006408 -0.023764
v -0.009552 0.007790 -0.023466
v -0.010926 0.007766 -0.023483
v -0.012319 0.008094 -0.022109
v -0.012329 0.008047 -0.020710
v -0.010968 0.008037 -0.019306
v -0.009609 0.008043 -0.017896
v -0.008253 0.008043 -0.016487
v -0.006898 0.008053 -0.015071
v -0.005546 0.008048 -0.013659
v -0.004195 0.008073 -0.012247
v -0.002844 0.008074 -0.010838
v -0.001494 0.008075 -0.009429
v -0.000145 0.008081 -0.008022
v 0.001204 0.008092 -0.006617
v 0.002553 0.008111 -0.005213
v 0.003901 0.008132 -0.003812
v 0.005248 0.008182 -0.002411
v 0.006596 0.008232 -0.001012
v 0.007942 0.008285 0.000386
v 0.009290 0.008324 0.001780
v 0.010639 0.008365 0.003173
v 0.011990 0.008429 0.004564
v 0.013340 0.008493 0.005951
v 0.014692 0.008548 0.007336
v 0.016047 0.008603 0.008719
v 0.017407 0.008666 0.010098
v 0.018766 0.008737 0.011475
v 0.020131 0.008825 0.012849
v 0.021499 0.008911 0.014224
v 0.022875 0.008985 0.015594
v 0.024255 0.009032 0.016963
v 0.025634 0.009111 0.018324
v 0.027005 0.009198 0.019690
v 0.028371 0.009158 0.021054
v 0.029725 0.008856 0.022408
v 0.031068 0.008866 0.022387
v 0.031073 0.007552 0.022658
v 0.032399 0.006252 0.022766
v 0.033718 0.004919 0.022833
v 0.035030 0.003583 0.022915
v 0.036366 0.002256 0.023040
v 0.037661 0.000936 0.022742
v 0.037848 -0.000464 0.021376
v 0.038015 -0.001882 0.020057
v 0.038143 -0.003323 0.018776
v 0.038208 -0.004769 0.017499
v 0.038212 -0.006206 0.016192
v 0.038198 -0.006236 0.014787
v 0.038093 -0.007637 0.014847
v 0.036753 -0.007855 0.013436
v 0.036750 -0.007838 0.012020
v 0.035421 -0.007911 0.010608
v 0.034090 -0.007903 0.009190
v 0.032755 -0.007924 0.007777
v 0.031417 -0.007946 0.006367
v 0.030081 -0.008037 0.004956
v 0.028750 -0.008118 0.003544
v 0.027411 -0.008178 0.002132
v 0.026072 -0.008231 0.000725
v 0.024734 -0.008291 -0.000681
v 0.023390 -0.008344 -0.002083
v 0.022044 -0.008397 -0.003489
v 0.020696 -0.008448 -0.004894
v 0.019348 -0.008511 -0.006298
v 0.017998 -0.008576 -0.007704
v 0.016647 -0.008602 -0.009111
v 0.015297 -0.008649 -0.010513
v 0.013944 -0.008680 -0.011916
v 0.012591 -0.008720 -0.013319
v 0.011236 -0.008755 -0.014720
v 0.009879 -0.008765 -0.016130
v 0.008524 -0.008781 -0.017545
v 0.007170 -0.008817 -0.018961
v 0.005815 -0.008831 -0.020377
v 0.005833 -0.008794 -0.021788
v 0.004466 -0.008437 -0.023179
v 0.004454 -0.007052 -0.023521
v 0.003078 -0.007079 -0.023534
v 0.001690 -0.005723 -0.023576
v 0.000299 -0.004372 -0.023637
v -0.001095 -0.003031 -0.023670
v -0.002487 -0.001695 -0.023738
v -0.003880 -0.000356 -0.023782
v -0.005276 0.000987 -0.023804
v -0.006672 0.002333 -0.023826
v -0.008070 0.003681 -0.023839
v -0.009473 0.005026 -0.023821
v -0.010882 0.006372 -0.023800
v -0.010926 0.007766 -0.023483
v -0.012300 0.007708 -0.023496
v -0.013692 0.008035 -0.022120
v -0.013703 0.008010 -0.020721
v -0.012341 0.008003 -0.019315
v -0.010982 0.008004 -0.017911
v -0.009624 0.008006 -0.016500
v -0.008269 0.008010 -0.015088
v -0.006915 0.008014 -0.013676
v -0.005564 0.008032 -0.012266
v -0.004213 0.008035 -0.010857
v -0.002863 0.008044 -0.009450
v -0.001512 0.008041 -0.008042
v -0.000163 0.008070 -0.006636
v 0.001185 0.008082 -0.005232
v 0.002534 0.008099 -0.003829
v 0.003883 0.008132 -0.002429
v 0.005230 0.008183 -0.001029
v 0.006578 0.008229 0.000369
v 0.007927 0.008287 0.001765
v 0.009277 0.008321 0.003159
v 0.010627 0.008377 0.004550
v 0.011980 0.008435 0.005940
v 0.013332 0.008507 0.007326
v 0.014687 0.008563 0.008709
v 0.016045 0.008613 0.010089
v 0.017406 0.008688 0.011467
v 0.018771 0.008769 0.012842
v 0.020138 0.008860 0.014217
v 0.021512 0.008947 0.015589
v 0.022890 0.009001 0.016964
v 0.024271 0.009047 0.018331
v 0.025642 0.009157 0.019699
v 0.027010 0.009139 0.021070
v 0.028370 0.008830 0.022439
v 0.029725 0.008856 0.022408
v 0.029727 0.007510 0.022647
v 0.031076 0.006211 0.022784
v 0.032408 0.004885 0.022795
v 0.033743 0.003550 0.022892
v 0.035084 0.002215 0.022962
v 0.036415 0.000888 0.023096
v 0.037675 -0.000438 0.022814
v 0.037937 -0.001827 0.021438
v 0.038082 -0.003256 0.020141
v 0.038211 -0.004704 0.018883
v 0.038244 -0.006157 0.017606
v 0.038212 -0.006206 0.016192
v 0.038104 -0.007627 0.016284
v 0.036753 -0.007852 0.014864
v 0.035415 -0.007866 0.013430
v 0.035414 -0.007888 0.012015
v 0.034080 -0.007916 0.010600
v 0.032746 -0.007922 0.009180
v 0.031410 -0.007960 0.007767
v 0.030069 -0.008017 0.006356
v 0.028737 -0.008119 0.004945
v 0.027397 -0.008167 0.003531
v 0.026058 -0.008237 0.002122
v 0.024717 -0.008281 0.000715
v 0.023375 -0.008349 -0.000693
v 0.022031 -0.008400 -0.002097
v 0.020682 -0.008455 -0.003503
v 0.019334 -0.008507 -0.004908
v 0.017986 -0.008574 -0.006312
v 0.016633 -0.008613 -0.007720
v 0.015283 -0.008652 -0.009124
v 0.013930 -0.008679 -0.010526
v 0.012576 -0.008721 -0.011929
v 0.011222 -0.008771 -0.013329
v 0.009865 -0.008793 -0.014733
v 0.008508 -0.008790 -0.016141
v 0.007153 -0.008818 -0.017559
v 0.005798 -0.008855 -0.018973
v 0.004441 -0.008873 -0.020387
v 0.004458 -0.008830 -0.021791
v 0.003089 -0.008461 -0.023169
v 0.003078 -0.007079 -0.023534
v 0.001706 -0.007107 -0.023533
v 0.000317 -0.005749 -0.023581
v -0.001076 -0.004404 -0.023650
v -0.002467 -0.003067 -0.023697
v -0.003858 -0.001732 -0.023771
v -0.005252 -0.000393 -0.023788
v -0.006647 0.000949 -0.023822
v -0.008042 0.002294 -0.023839
v -0.009441 0.003641 -0.023847
v -0.010844 0.004985 -0.023851
v -0.012252 0.006324 -0.023830
v -0.012300 0.007708 -0.023496
v -0.013671 0.007641 -0.023491
v -0.015066 0.007997 -0.022134
v -0.015077 0.007965 -0.020732
v -0.013715 0.007968 -0.019326
v -0.012355 0.007969 -0.017922
v -0.010997 0.007968 -0.016514
v -0.009640 0.007974 -0.015102
v -0.008286 0.007981 -0.013694
v -0.006934 0.007990 -0.012286
v -0.005582 0.007998 -0.010875
v -0.004231 0.008005 -0.009468
v -0.002880 0.008010 -0.008061
v -0.001530 0.008015 -0.006655
v -0.000182 0.008047 -0.005251
v 0.001167 0.008075 -0.003848
v 0.002516 0.008095 -0.002446
v 0.003865 0.008132 -0.001047
v 0.005213 0.008186 0.000352
v 0.006562 0.008235 0.001749
v 0.007912 0.008292 0.003144
v 0.009264 0.008341 0.004536
v 0.010616 0.008375 0.005927
v 0.011969 0.008460 0.007314
v 0.013325 0.008531 0.008699
v 0.014683 0.008581 0.010080
v 0.016044 0.008636 0.011459
v 0.017409 0.008718 0.012835
v 0.018776 0.008809 0.014208
v 0.020147 0.008896 0.015582
v 0.021525 0.008971 0.016955
v 0.022904 0.009013 0.018328
v 0.024278 0.009110 0.019701
v 0.025647 0.009106 0.021077
v 0.027008 0.008773 0.022443
v 0.028370 0.008830 0.022439
v 0.028373 0.007473 0.022637
v 0.029736 0.006164 0.022746
v 0.031087 0.004845 0.022786
v 0.032429 0.003514 0.022847
v 0.033774 0.002177 0.022906
v 0.035119 0.000842 0.023026
v 0.036444 -0.000485 0.023144
v 0.037702 -0.001810 0.022847
v 0.037976 -0.003189 0.021503
v 0.038145 -0.004631 0.020250
v 0.038207 -0.006087 0.019015
v 0.038244 -0.006157 0.017606
v 0.038033 -0.007544 0.017722
v 0.036741 -0.007812 0.016292
v 0.035414 -0.007851 0.014851
v 0.034072 -0.007904 0.013414
v 0.034073 -0.007915 0.012005
v 0.032738 -0.007909 0.010581
v 0.031399 -0.007963 0.009167
v 0.030060 -0.008015 0.007755
v 0.028723 -0.008091 0.006342
v 0.027385 -0.008179 0.004931
v 0.026044 -0.008233 0.003519
v 0.024703 -0.008293 0.002111
v 0.023360 -0.008338 0.000701
v 0.022016 -0.008403 -0.000708
v 0.020670 -0.008466 -0.002112
v 0.019321 -0.008519 -0.003517
v 0.017972 -0.008574 -0.004923
v 0.016622 -0.008628 -0.006328
v 0.015270 -0.008658 -0.007733
v 0.013917 -0.008703 -0.009136
v 0.012562 -0.008731 -0.010539
v 0.011208 -0.008769 -0.011940
v 0.009851 -0.008806 -0.013341
v 0.008494 -0.008826 -0.014744
v 0.007137 -0.008821 -0.016152
v 0.005782 -0.008863 -0.017571
v 0.004425 -0.008892 -0.018984
v 0.003082 -0.008866 -0.021798
v 0.003067 -0.008906 -0.020397
v 0.001713 -0.008502 -0.023192
v 0.001706 -0.007107 -0.023533
v 0.000334 -0.007129 -0.023559
v -0.001058 -0.005777 -0.023596
v -0.002449 -0.004438 -0.023665
v -0.003839 -0.003105 -0.023726
v -0.005230 -0.001770 -0.023775
v -0.006623 -0.000431 -0.023811
v -0.008017 0.000911 -0.023842
v -0.009413 0.002254 -0.023851
v -0.010812 0.003600 -0.023867
v -0.012214 0.004941 -0.023884
v -0.013621 0.006270 -0.023834
v -0.013671 0.007641 -0.023491
v -0.015039 0.007572 -0.023493
v -0.016438 0.007927 -0.022154
v -0.016451 0.007907 -0.020748
v -0.015089 0.007924 -0.019338
v -0.013728 0.007924 -0.017932
v -0.012370 0.007946 -0.016527
v -0.011012 0.007934 -0.015119
v -0.009657 0.007948 -0.013709
v -0.008304 0.007948 -0.012302
v -0.006951 0.007965 -0.010893
v -0.005600 0.007974 -0.009485
v -0.004249 0.007979 -0.008080
v -0.002898 0.007986 -0.006674
v -0.001548 0.008006 -0.005269
v -0.000200 0.008018 -0.003867
v 0.001150 0.008055 -0.002465
v 0.002499 0.008092 -0.001064
v 0.003847 0.008135 0.000335
v 0.005197 0.008190 0.001733
v 0.006548 0.008246 0.003129
v 0.007901 0.008307 0.004522
v 0.009252 0.008351 0.005914
v 0.010605 0.008401 0.007303
v 0.011961 0.008480 0.008688
v 0.013318 0.008548 0.010071
v 0.014679 0.008613 0.011450
v 0.016044 0.008672 0.012826
v 0.017412 0.008775 0.014198
v 0.018782 0.008852 0.015573
v 0.020158 0.008922 0.016945
v 0.021535 0.008986 0.018320
v 0.022910 0.009071 0.019696
v 0.024282 0.009068 0.021074
v 0.025644 0.008753 0.022454
v 0.027008 0.008773 0.022443
v 0.027016 0.007427 0.022641
v 0.028385 0.006120 0.022722
v 0.029751 0.004800 0.022750
v 0.031106 0.003471 0.022833
v 0.032458 0.002136 0.022868
v 0.033810 0.000799 0.022937
v 0.035143 -0.000533 0.023061
v 0.036446 -0.001854 0.023161
v 0.037696 -0.003173 0.022898
v 0.038055 -0.004540 0.021602
v 0.038155 -0.006006 0.020400
v 0.038207 -0.006087 0.019015
v 0.037972 -0.007468 0.019174
v 0.036710 -0.007761 0.017725
v 0.035401 -0.007827 0.016269
v 0.034069 -0.007868 0.014829
v 0.032729 -0.007955 0.013395
v 0.032732 -0.007943 0.011989
v 0.031390 -0.007956 0.010567
v 0.030053 -0.008027 0.009154
v 0.028708 -0.008080 0.007743
v 0.027369 -0.008163 0.006330
v 0.026031 -0.008232 0.004916
v 0.024690 -0.008302 0.003506
v 0.023347 -0.008334 0.002096
v 0.022002 -0.008400 0.000685
v 0.020656 -0.008468 -0.000723
v 0.019309 -0.008523 -0.002127
v 0.017959 -0.008582 -0.003532
v 0.016609 -0.008636 -0.004938
v 0.015256 -0.008660 -0.006344
v 0.013904 -0.008707 -0.007747
v 0.012549 -0.008738 -0.009149
v 0.011194 -0.008778 -0.010551
v 0.009838 -0.008809 -0.011950
v 0.008480 -0.008848 -0.013352
v 0.007122 -0.008845 -0.014757
v 0.005765 -0.008861 -0.016169
v 0.004409 -0.008899 -0.017584
v 0.003051 -0.008915 -0.018995
v 0.001692 -0.008937 -0.020410
v 0.001707 -0.008911 -0.021815
v 0.000339 -0.008491 -0.023164
v 0.000334 -0.007129 -0.023559
v -0.001043 -0.007151 -0.023572
v -0.002432 -0.005813 -0.023629
v -0.003821 -0.004478 -0.023690
v -0.005211 -0.003144 -0.023740
v -0.006602 -0.001808 -0.023799
v -0.007995 -0.000469 -0.023828
v -0.009388 0.000871 -0.023850
v -0.010784 0.002215 -0.023871
v -0.012182 0.003558 -0.023907
v -0.013583 0.004893 -0.023923
v -0.014990 0.006222 -0.023877
v -0.015039 0.007572 -0.023493
v -0.016407 0.007514 -0.023514
v -0.017811 0.007866 -0.022183
v -0.017824 0.007866 -0.020766
v -0.016463 0.007871 -0.019350
v -0.015102 0.007882 -0.017943
v -0.013743 0.007898 -0.016537
v -0.012385 0.007906 -0.015133
v -0.011029 0.007916 -0.013723
v -0.009675 0.007922 -0.012317
v -0.008321 0.007917 -0.010909
v -0.006969 0.007942 -0.009503
v -0.005617 0.007950 -0.008097
v -0.004266 0.007955 -0.006692
v -0.002916 0.007963 -0.005288
v -0.001567 0.008002 -0.003885
v -0.000218 0.008014 -0.002483
v 0.001132 0.008057 -0.001082
v 0.002480 0.008094 0.000317
v 0.003831 0.008140 0.001716
v 0.005183 0.008199 0.003113
v 0.006536 0.008260 0.004508
v 0.007888 0.008327 0.005900
v 0.009241 0.008371 0.007290
v 0.010596 0.008429 0.008677
v 0.011953 0.008499 0.010061
v 0.013312 0.008575 0.011441
v 0.014677 0.008644 0.012818
v 0.016047 0.008711 0.014191
v 0.017415 0.008850 0.015561
v 0.018789 0.008883 0.016936
v 0.020165 0.008963 0.018310
v 0.021539 0.009048 0.019686
v 0.022911 0.009054 0.021067
v 0.024276 0.008749 0.022449
v 0.025644 0.008753 0.022454
v 0.025650 0.007393 0.022627
v 0.027029 0.006077 0.022712
v 0.028404 0.004755 0.022717
v 0.029772 0.003427 0.022784
v 0.031129 0.002092 0.022830
v 0.032488 0.000753 0.022909
v 0.033829 -0.000582 0.022968
v 0.035143 -0.001909 0.023088
v 0.036427 -0.003235 0.023195
v 0.037664 -0.004528 0.022929
v 0.037997 -0.005843 0.021728
v 0.038155 -0.006006 0.020400
v 0.037918 -0.007350 0.020628
v 0.036675 -0.007710 0.019177
v 0.035380 -0.007772 0.017699
v 0.034057 -0.007830 0.016249
v 0.032722 -0.007930 0.014807
v 0.031385 -0.007958 0.011971
v 0.031381 -0.007981 0.013374
v 0.030043 -0.008019 0.010553
v 0.028701 -0.008083 0.009140
v 0.027359 -0.008153 0.007729
v 0.026020 -0.008224 0.006315
v 0.024678 -0.008298 0.004901
v 0.023335 -0.008368 0.003492
v 0.021988 -0.008392 0.002080
v 0.020643 -0.008467 0.000668
v 0.019295 -0.008529 -0.000738
v 0.017947 -0.008588 -0.002142
v 0.016595 -0.008645 -0.003549
v 0.015243 -0.008683 -0.004955
v 0.013890 -0.008701 -0.006358
v 0.012537 -0.008759 -0.007760
v 0.011181 -0.008788 -0.009162
v 0.009825 -0.008826 -0.010561
v 0.008467 -0.008857 -0.011963
v 0.007108 -0.008881 -0.013367
v 0.005751 -0.008869 -0.014774
v 0.004393 -0.008897 -0.016184
v 0.003036 -0.008932 -0.017597
v 0.001677 -0.008945 -0.019008
v 0.000318 -0.008962 -0.020420
v 0.000333 -0.008928 -0.021825
v -0.001032 -0.008478 -0.023155
v -0.001043 -0.007151 -0.023572
v -0.002418 -0.007188 -0.023591
v -0.003804 -0.005853 -0.023652
v -0.005193 -0.004518 -0.023696
v -0.006583 -0.003183 -0.023753
v -0.007974 -0.001847 -0.023781
v -0.009366 -0.000509 -0.023833
v -0.010759 0.000831 -0.023879
v -0.012156 0.002173 -0.023907
v -0.013554 0.003513 -0.023951
v -0.014955 0.004850 -0.023982
v -0.016361 0.006188 -0.023952
v -0.016407 0.007514 -0.023514
v -0.017777 0.007501 -0.023573
v -0.019182 0.007813 -0.022208
v -0.019197 0.007819 -0.020787
v -0.017837 0.007836 -0.019363
v -0.016476 0.007837 -0.017953
v -0.015116 0.007848 -0.016549
v -0.013758 0.007863 -0.015146
v -0.012402 0.007881 -0.013738
v -0.011046 0.007882 -0.012331
v -0.009692 0.007890 -0.010923
v -0.008339 0.007894 -0.009519
v -0.006987 0.007922 -0.008113
v -0.005634 0.007927 -0.006707
v -0.004284 0.007924 -0.005305
v -0.002934 0.007955 -0.003902
v -0.001585 0.007995 -0.002500
v -0.000236 0.008016 -0.001099
v 0.001114 0.008051 0.000300
v 0.002465 0.008092 0.001700
v 0.003817 0.008142 0.003097
v 0.005171 0.008204 0.004493
v 0.006523 0.008275 0.005886
v 0.007875 0.008345 0.007277
v 0.009229 0.008389 0.008665
v 0.010586 0.008462 0.010051
v 0.011946 0.008513 0.011433
v 0.013309 0.008611 0.012810
v 0.014677 0.008679 0.014183
v 0.016046 0.008792 0.015554
v 0.017417 0.008864 0.016926
v 0.018793 0.008941 0.018299
v 0.020169 0.009026 0.019674
v 0.021538 0.009041 0.021055
v 0.022903 0.008750 0.022435
v 0.024276 0.008749 0.022449
v 0.024283 0.007371 0.022585
v 0.025670 0.006037 0.022686
v 0.027050 0.004710 0.022696
v 0.028427 0.003380 0.022723
v 0.029795 0.002043 0.022777
v 0.031153 0.000706 0.022909
v 0.032503 -0.000634 0.022928
v 0.033827 -0.001968 0.023015
v 0.035129 -0.003301 0.023124
v 0.036386 -0.004639 0.023192
v 0.037570 -0.005878 0.022925
v 0.036612 -0.007632 0.020618
v 0.035347 -0.007720 0.019135
v 0.034039 -0.007794 0.017675
v 0.032709 -0.007881 0.016222
v 0.031373 -0.007980 0.014784
v 0.030038 -0.008023 0.011953
v 0.030031 -0.008030 0.013359
v 0.028694 -0.008093 0.010540
v 0.027351 -0.008157 0.009126
v 0.026009 -0.008215 0.007712
v 0.024667 -0.008291 0.006297
v 0.023325 -0.008371 0.004886
v 0.021978 -0.008396 0.003474
v 0.020631 -0.008463 0.002062
v 0.019281 -0.008532 0.000652
v 0.017934 -0.008588 -0.000753
v 0.016584 -0.008647 -0.002160
v 0.015230 -0.008702 -0.003566
v 0.013876 -0.008716 -0.004971
v 0.012522 -0.008756 -0.006373
v 0.011168 -0.008803 -0.007775
v 0.009811 -0.008838 -0.009173
v 0.008454 -0.008868 -0.010574
v 0.007095 -0.008900 -0.011978
v 0.005737 -0.008883 -0.013384
v 0.004379 -0.008908 -0.014791
v 0.003020 -0.008933 -0.016198
v 0.001663 -0.008969 -0.017610
v 0.000303 -0.008983 -0.019021
v -0.001058 -0.008987 -0.020433
v -0.001044 -0.008925 -0.021828
v -0.002403 -0.008525 -0.023207
v -0.002418 -0.007188 -0.023591
v -0.003788 -0.007231 -0.023623
v -0.005177 -0.005893 -0.023658
v -0.006565 -0.004557 -0.023721
v -0.007955 -0.003222 -0.023764
v -0.009346 -0.001886 -0.023798
v -0.010738 -0.000549 -0.023865
v -0.012132 0.000791 -0.023918
v -0.013528 0.002132 -0.023955
v -0.014926 0.003472 -0.023995
v -0.016327 0.004812 -0.024038
v -0.017734 0.006159 -0.024013
v -0.017777 0.007501 -0.023573
v -0.019150 0.007445 -0.023597
v -0.020554 0.007767 -0.022224
v -0.020570 0.007780 -0.020804
v -0.019210 0.007793 -0.019377
v -0.017850 0.007805 -0.017963
v -0.016490 0.007806 -0.016560
v -0.015131 0.007821 -0.015157
v -0.013774 0.007837 -0.013752
v -0.012418 0.007845 -0.012344
v -0.011063 0.007859 -0.010939
v -0.009709 0.007859 -0.009533
v -0.008356 0.007870 -0.008128
v -0.007003 0.007901 -0.006722
v -0.005651 0.007906 -0.005318
v -0.004300 0.007927 -0.003916
v -0.002950 0.007953 -0.002515
v -0.001602 0.007991 -0.001115
v -0.000253 0.008026 0.000283
v 0.001098 0.008046 0.001683
v 0.002450 0.008102 0.003080
v 0.003805 0.008145 0.004478
v 0.005158 0.008213 0.005873
v 0.006511 0.008296 0.007264
v 0.007864 0.008363 0.008653
v 0.009219 0.008427 0.010040
v 0.010578 0.008488 0.011423
v 0.011941 0.008550 0.012803
v 0.013307 0.008648 0.014177
v 0.014677 0.008716 0.015548
v 0.016044 0.008878 0.016915
v 0.017420 0.008900 0.018289
v 0.018795 0.009009 0.019662
v 0.020166 0.009013 0.021040
v 0.021529 0.008727 0.022414
v 0.022903 0.008750 0.022435
v 0.022918 0.007349 0.022567
v 0.024308 0.006001 0.022636
v 0.025693 0.004667 0.022654
v 0.027072 0.003333 0.022714
v 0.028449 0.001997 0.022765
v 0.029813 0.000656 0.022865
v 0.031168 -0.000687 0.022926
v 0.032506 -0.002027 0.022965
v 0.033822 -0.003366 0.023045
v 0.035102 -0.004729 0.023153
v 0.036359 -0.006175 0.023083
v 0.036486 -0.007158 0.021967
v 0.035290 -0.007621 0.020561
v 0.034011 -0.007755 0.019100
v 0.032691 -0.007848 0.017644
v 0.031362 -0.007942 0.016199
v 0.030024 -0.008062 0.014767
v 0.028682 -0.008095 0.013343
v 0.028687 -0.008090 0.011937
v 0.027344 -0.008168 0.010522
v 0.026001 -0.008223 0.009108
v 0.024656 -0.008273 0.007693
v 0.023313 -0.008367 0.006279
v 0.021967 -0.008416 0.004867
v 0.020620 -0.008464 0.003455
v 0.019269 -0.008527 0.002044
v 0.017920 -0.008591 0.000636
v 0.016570 -0.008642 -0.000770
v 0.015218 -0.008704 -0.002176
v 0.013864 -0.008746 -0.003581
v 0.012509 -0.008764 -0.004985
v 0.011154 -0.008806 -0.006387
v 0.009798 -0.008848 -0.007787
v 0.008441 -0.008883 -0.009187
v 0.007082 -0.008907 -0.010589
v 0.005723 -0.008922 -0.011994
v 0.004365 -0.008924 -0.013399
v 0.003006 -0.008948 -0.014803
v 0.001647 -0.008966 -0.016210
v 0.000288 -0.008998 -0.017622
v -0.001072 -0.009020 -0.019033
v -0.002433 -0.008995 -0.020451
v -0.002418 -0.008948 -0.021850
v -0.003778 -0.008582 -0.023253
v -0.003788 -0.007231 -0.023623
v -0.005163 -0.007265 -0.023624
v -0.006549 -0.005932 -0.023683
v -0.007937 -0.004596 -0.023739
v -0.009328 -0.003261 -0.023767
v -0.010719 -0.001926 -0.023833
v -0.012111 -0.000588 -0.023890
v -0.013505 0.000751 -0.023962
v -0.014901 0.002093 -0.023998
v -0.016299 0.003435 -0.024065
v -0.017701 0.004780 -0.024104
v -0.019109 0.006125 -0.024062
v -0.019150 0.007445 -0.023597
v -0.020524 0.007388 -0.023630
v -0.021928 0.007725 -0.022230
v -0.021944 0.007751 -0.020811
v -0.020584 0.007762 -0.019388
v -0.019223 0.007771 -0.017973
v -0.017864 0.007773 -0.016569
v -0.016505 0.007788 -0.015168
v -0.015147 0.007802 -0.013763
v -0.013790 0.007812 -0.012359
v -0.012435 0.007822 -0.010953
v -0.011080 0.007836 -0.009547
v -0.009726 0.007829 -0.008143
v -0.008372 0.007850 -0.006738
v -0.007019 0.007879 -0.005332
v -0.005668 0.007893 -0.003932
v -0.004318 0.007925 -0.002531
v -0.002969 0.007949 -0.001132
v -0.001620 0.007992 0.000267
v -0.000269 0.008009 0.001666
v 0.001083 0.008061 0.003064
v 0.002437 0.008116 0.004462
v 0.003793 0.008152 0.005859
v 0.005146 0.008227 0.007251
v 0.006498 0.008312 0.008641
v 0.007853 0.008393 0.010028
v 0.009211 0.008455 0.011413
v 0.010572 0.008514 0.012794
v 0.011937 0.008600 0.014170
v 0.013306 0.008691 0.015541
v 0.014676 0.008770 0.016910
v 0.016046 0.008877 0.018279
v 0.017419 0.008970 0.019650
v 0.018792 0.008981 0.021023
v 0.020153 0.008700 0.022408
v 0.021529 0.008727 0.022414
v 0.021551 0.007321 0.022560
v 0.022942 0.005967 0.022605
v 0.024334 0.004625 0.022646
v 0.025718 0.003287 0.022677
v 0.027096 0.001948 0.022745
v 0.028468 0.000606 0.022811
v 0.029832 -0.000741 0.022857
v 0.031175 -0.002087 0.022920
v 0.032511 -0.003436 0.022989
v 0.033816 -0.004802 0.023086
v 0.035120 -0.006254 0.023004
v 0.036359 -0.006175 0.023083
v 0.035205 -0.007212 0.021934
v 0.033967 -0.007674 0.020529
v 0.032667 -0.007817 0.019067
v 0.031342 -0.007907 0.017616
v 0.030013 -0.008002 0.016180
v 0.028671 -0.008066 0.014749
v 0.027330 -0.008164 0.013325
v 0.027337 -0.008165 0.011923
v 0.025992 -0.008231 0.010505
v 0.024647 -0.008265 0.009088
v 0.023303 -0.008350 0.007674
v 0.021956 -0.008414 0.006261
v 0.020609 -0.008461 0.004850
v 0.019259 -0.008515 0.003438
v 0.017908 -0.008575 0.002027
v 0.016558 -0.008645 0.000620
v 0.015205 -0.008686 -0.000786
v 0.013851 -0.008747 -0.002191
v 0.012496 -0.008782 -0.003596
v 0.011141 -0.008815 -0.004999
v 0.009785 -0.008849 -0.006399
v 0.008428 -0.008893 -0.007799
v 0.007070 -0.008921 -0.009201
v 0.005710 -0.008941 -0.010606
v 0.004351 -0.008942 -0.012009
v 0.002993 -0.008962 -0.013413
v 0.001633 -0.008981 -0.014817
v 0.000273 -0.009004 -0.016223
v -0.001086 -0.009036 -0.017634
v -0.002447 -0.009033 -0.019049
v -0.003806 -0.009020 -0.020464
v -0.003791 -0.008970 -0.021865
v -0.005155 -0.008599 -0.023221
v -0.005163 -0.007265 -0.023624
v -0.006536 -0.007303 -0.023622
v -0.007921 -0.005968 -0.023700
v -0.009311 -0.004633 -0.023744
v -0.010701 -0.003300 -0.023789
v -0.012093 -0.001966 -0.023854
v -0.013484 -0.000628 -0.023939
v -0.014878 0.000714 -0.024004
v -0.016274 0.002057 -0.024070
v -0.017672 0.003403 -0.024147
v -0.019075 0.004750 -0.024163
v -0.020488 0.006080 -0.024060
v -0.020524 0.007388 -0.023630
v -0.021901 0.007371 -0.023653
v -0.023302 0.007684 -0.022233
v -0.023318 0.007733 -0.020816
v -0.021957 0.007738 -0.019398
v -0.020597 0.007751 -0.017982
v -0.019237 0.007751 -0.016578
v -0.017878 0.007749 -0.015178
v -0.016520 0.007767 -0.013774
v -0.015163 0.007788 -0.012370
v -0.013807 0.007796 -0.010968
v -0.012451 0.007805 -0.009561
v -0.011097 0.007802 -0.008157
v -0.009742 0.007814 -0.006752
v -0.008388 0.007830 -0.005349
v -0.007036 0.007866 -0.003946
v -0.005686 0.007894 -0.002545
v -0.004335 0.007910 -0.001146
v -0.002987 0.007946 0.000251
v -0.001637 0.007991 0.001650
v -0.000285 0.008016 0.003048
v 0.001069 0.008080 0.004446
v 0.002426 0.008136 0.005844
v 0.003781 0.008181 0.007238
v 0.005133 0.008257 0.008629
v 0.006488 0.008322 0.010018
v 0.007844 0.008413 0.011403
v 0.009204 0.008481 0.012785
v 0.010568 0.008556 0.014162
v 0.011934 0.008653 0.015534
v 0.013304 0.008736 0.016902
v 0.014674 0.008853 0.018269
v 0.016046 0.008935 0.019638
v 0.017416 0.008960 0.021017
v 0.018784 0.008593 0.022347
v 0.020153 0.008700 0.022408
v 0.020182 0.007282 0.022559
v 0.021576 0.005932 0.022625
v 0.022971 0.004585 0.022641
v 0.024360 0.003243 0.022662
v 0.025742 0.001903 0.022760
v 0.027119 0.000557 0.022796
v 0.028488 -0.000791 0.022830
v 0.029842 -0.002145 0.022889
v 0.031185 -0.003500 0.022924
v 0.032510 -0.004861 0.023039
v 0.033838 -0.006313 0.022985
v 0.035120 -0.006254 0.023004
v 0.033899 -0.007267 0.021906
v 0.032635 -0.007733 0.020497
v 0.031323 -0.007866 0.019036
v 0.029995 -0.007963 0.017592
v 0.028660 -0.008046 0.016157
v 0.027320 -0.008134 0.014729
v 0.025976 -0.008227 0.013308
v 0.025986 -0.008227 0.011906
v 0.024638 -0.008261 0.010487
v 0.023291 -0.008329 0.009069
v 0.021945 -0.008401 0.007656
v 0.020598 -0.008463 0.006244
v 0.019248 -0.008500 0.004832
v 0.017896 -0.008563 0.003419
v 0.016545 -0.008634 0.002010
v 0.015192 -0.008694 0.000603
v 0.013838 -0.008735 -0.000802
v 0.012483 -0.008792 -0.002207
v 0.011127 -0.008817 -0.003610
v 0.009772 -0.008858 -0.005011
v 0.008415 -0.008897 -0.006413
v 0.007057 -0.008932 -0.007813
v 0.005698 -0.008959 -0.009217
v 0.004338 -0.008953 -0.010621
v 0.002979 -0.008964 -0.012023
v 0.001619 -0.008997 -0.013426
v 0.000260 -0.009018 -0.014830
v -0.001101 -0.009035 -0.016236
v -0.002461 -0.009076 -0.017648
v -0.003822 -0.009054 -0.019059
v -0.005179 -0.009055 -0.020471
v -0.005163 -0.009011 -0.021869
v -0.006529 -0.008626 -0.023207
v -0.006536 -0.007303 -0.023622
v -0.007906 -0.007341 -0.023650
v -0.009294 -0.006002 -0.023712
v -0.010685 -0.004671 -0.023756
v -0.012075 -0.003341 -0.023808
v -0.013466 -0.002006 -0.023901
v -0.014857 -0.000665 -0.023998
v -0.016251 0.000678 -0.024069
v -0.017646 0.002025 -0.024154
v -0.019044 0.003375 -0.024241
v -0.020452 0.004721 -0.024215
v -0.021864 0.006053 -0.024079
v -0.021901 0.007371 -0.023653
v -0.023279 0.007377 -0.023666
v -0.024677 0.007658 -0.022238
v -0.024693 0.007712 -0.020823
v -0.023332 0.007717 -0.019404
v -0.021971 0.007724 -0.017992
v -0.020611 0.007736 -0.016588
v -0.019251 0.007733 -0.015185
v -0.017893 0.007729 -0.013785
v -0.016535 0.007747 -0.012382
v -0.015179 0.007766 -0.010978
v -0.013823 0.007778 -0.009575
v -0.012467 0.007789 -0.008169
v -0.011112 0.007783 -0.006766
v -0.009758 0.007802 -0.005364
v -0.008405 0.007819 -0.003962
v -0.007054 0.007856 -0.002560
v -0.005702 0.007874 -0.001161
v -0.004354 0.007905 0.000236
v -0.003004 0.007948 0.001634
v -0.001653 0.007994 0.003031
v -0.000299 0.008045 0.004430
v 0.001056 0.008097 0.005828
v 0.002412 0.008166 0.007223
v 0.003767 0.008193 0.008616
v 0.005121 0.008283 0.010006
v 0.006477 0.008348 0.011393
v 0.007836 0.008445 0.012777
v 0.009198 0.008523 0.014155
v 0.010564 0.008611 0.015529
v 0.011931 0.008717 0.016896
v 0.013301 0.008806 0.018259
v 0.014672 0.008923 0.019624
v 0.016043 0.008936 0.021000
v 0.017415 0.008595 0.022369
v 0.018784 0.008593 0.022347
v 0.018810 0.007232 0.022549
v 0.020208 0.005892 0.022614
v 0.021605 0.004546 0.022645
v 0.022998 0.003198 0.022672
v 0.024385 0.001853 0.022719
v 0.025766 0.000509 0.022786
v 0.027139 -0.000843 0.022830
v 0.028503 -0.002198 0.022857
v 0.029857 -0.003558 0.022874
v 0.031189 -0.004925 0.022967
v 0.032528 -0.006311 0.022915
v 0.033838 -0.006313 0.022985
v 0.032587 -0.007317 0.021868
v 0.031297 -0.007792 0.020466
v 0.029979 -0.007919 0.019011
v 0.028646 -0.008017 0.017568
v 0.027309 -0.008092 0.016136
v 0.025968 -0.008189 0.014710
v 0.024624 -0.008263 0.013291
v 0.024631 -0.008266 0.011888
v 0.023281 -0.008319 0.010467
v 0.021932 -0.008383 0.009049
v 0.020586 -0.008457 0.007638
v 0.019237 -0.008491 0.006225
v 0.017887 -0.008552 0.004813
v 0.016535 -0.008621 0.003401
v 0.015181 -0.008690 0.001991
v 0.013826 -0.008739 0.000586
v 0.012470 -0.008781 -0.000819
v 0.011114 -0.008824 -0.002223
v 0.009759 -0.008867 -0.003623
v 0.008402 -0.008902 -0.005025
v 0.007044 -0.008936 -0.006426
v 0.005685 -0.008967 -0.007828
v 0.004325 -0.008987 -0.009232
v 0.002965 -0.008978 -0.010634
v 0.001606 -0.009006 -0.012037
v 0.000246 -0.009038 -0.013440
v -0.001115 -0.009045 -0.014843
v -0.002475 -0.009074 -0.016249
v -0.003836 -0.009105 -0.017657
v -0.005196 -0.009078 -0.019066
v -0.006555 -0.009086 -0.020474
v -0.006539 -0.009043 -0.021871
v -0.007902 -0.008665 -0.023229
v -0.007906 -0.007341 -0.023650
v -0.009279 -0.007370 -0.023672
v -0.010669 -0.006037 -0.023710
v -0.012058 -0.004713 -0.023793
v -0.013448 -0.003383 -0.023874
v -0.014838 -0.002044 -0.023977
v -0.016231 -0.000701 -0.024057
v -0.017624 0.000646 -0.024144
v -0.019018 0.001997 -0.024249
v -0.020419 0.003350 -0.024306
v -0.021828 0.004696 -0.024242
v -0.023239 0.006033 -0.024082
v -0.023279 0.007377 -0.023666
v -0.024656 0.007325 -0.023644
v -0.026054 0.007630 -0.022241
v -0.026069 0.007664 -0.020829
v -0.024707 0.007693 -0.019415
v -0.023346 0.007703 -0.018004
v -0.021986 0.007727 -0.016597
v -0.020625 0.007710 -0.015195
v -0.019266 0.007723 -0.013792
v -0.017908 0.007708 -0.012392
v -0.016551 0.007727 -0.010990
v -0.015195 0.007749 -0.009588
v -0.013839 0.007767 -0.008183
v -0.012483 0.007765 -0.006779
v -0.011128 0.007774 -0.005378
v -0.009775 0.007791 -0.003976
v -0.008423 0.007818 -0.002576
v -0.007071 0.007846 -0.001175
v -0.005721 0.007873 0.000222
v -0.004372 0.007908 0.001618
v -0.003019 0.007952 0.003017
v -0.001667 0.008003 0.004415
v -0.000313 0.008056 0.005812
v 0.001043 0.008127 0.007208
v 0.002399 0.008193 0.008602
v 0.003755 0.008213 0.009994
v 0.005110 0.008298 0.011383
v 0.006469 0.008376 0.012768
v 0.007829 0.008491 0.014149
v 0.009193 0.008574 0.015524
v 0.010558 0.008683 0.016892
v 0.011927 0.008775 0.018254
v 0.013298 0.008884 0.019612
v 0.014670 0.008906 0.020976
v 0.016040 0.008614 0.022354
v 0.017415 0.008595 0.022369
v 0.017437 0.007199 0.022546
v 0.018838 0.005851 0.022616
v 0.020237 0.004503 0.022637
v 0.021633 0.003155 0.022651
v 0.023024 0.001807 0.022698
v 0.024410 0.000460 0.022755
v 0.025788 -0.000894 0.022760
v 0.027158 -0.002252 0.022840
v 0.028517 -0.003615 0.022829
v 0.029865 -0.004983 0.022949
v 0.031212 -0.006378 0.022898
v 0.032528 -0.006311 0.022915
v 0.031262 -0.007363 0.021841
v 0.029958 -0.007834 0.020434
v 0.028630 -0.007965 0.018980
v 0.027295 -0.008047 0.017541
v 0.025957 -0.008152 0.016114
v 0.024614 -0.008231 0.014693
v 0.023266 -0.008320 0.013269
v 0.023273 -0.008313 0.011869
v 0.021923 -0.008378 0.010448
v 0.020575 -0.008453 0.009031
v 0.019226 -0.008505 0.007619
v 0.017875 -0.008550 0.006207
v 0.016524 -0.008612 0.004793
v 0.015170 -0.008675 0.003383
v 0.013814 -0.008746 0.001974
v 0.012458 -0.008785 0.000569
v 0.011101 -0.008835 -0.000836
v 0.009746 -0.008873 -0.002237
v 0.008389 -0.008914 -0.003638
v 0.007031 -0.008946 -0.005039
v 0.005672 -0.008977 -0.006441
v 0.004312 -0.008998 -0.007844
v 0.002952 -0.009017 -0.009247
v 0.001592 -0.009020 -0.010647
v 0.000232 -0.009046 -0.012049
v -0.001129 -0.009070 -0.013450
v -0.002490 -0.009083 -0.014853
v -0.003851 -0.009107 -0.016259
v -0.005212 -0.009116 -0.017664
v -0.006572 -0.009108 -0.019070
v -0.007931 -0.009114 -0.020471
v -0.007914 -0.009064 -0.021870
v -0.009277 -0.008654 -0.023218
v -0.009279 -0.007370 -0.023672
v -0.010654 -0.007402 -0.023682
v -0.012043 -0.006082 -0.023755
v -0.013433 -0.004759 -0.023835
v -0.014821 -0.003424 -0.023944
v -0.016212 -0.002081 -0.024032
v -0.017604 -0.000734 -0.024130
v -0.018996 0.000618 -0.024235
v -0.020393 0.001972 -0.024323
v -0.021794 0.003328 -0.024375
v -0.023204 0.004672 -0.024259
v -0.024614 0.006011 -0.024103
v -0.024656 0.007325 -0.023644
v -0.026032 0.007289 -0.023627
v -0.027433 0.007607 -0.022250
v -0.027446 0.007625 -0.020840
v -0.026083 0.007656 -0.019424
v -0.024721 0.007683 -0.018014
v -0.023360 0.007700 -0.016607
v -0.022000 0.007697 -0.015205
v -0.020640 0.007711 -0.013801
v -0.019281 0.007694 -0.012402
v -0.017923 0.007691 -0.011002
v -0.016567 0.007710 -0.009601
v -0.015211 0.007748 -0.008199
v -0.013855 0.007753 -0.006795
v -0.012499 0.007745 -0.005391
v -0.011144 0.007764 -0.003989
v -0.009792 0.007793 -0.002589
v -0.008440 0.007818 -0.001190
v -0.007090 0.007847 0.000207
v -0.005739 0.007882 0.001604
v -0.004388 0.007914 0.003001
v -0.003035 0.007968 0.004399
v -0.001681 0.008018 0.005796
v -0.000326 0.008080 0.007192
v 0.001029 0.008171 0.008587
v 0.002386 0.008214 0.009980
v 0.003743 0.008242 0.011372
v 0.005100 0.008339 0.012758
v 0.006460 0.008424 0.014143
v 0.007821 0.008547 0.015520
v 0.009185 0.008656 0.016889
v 0.010553 0.008745 0.018250
v 0.011923 0.008847 0.019600
v 0.013294 0.008913 0.020956
v 0.014665 0.008573 0.022318
v 0.016040 0.008614 0.022354
v 0.016066 0.007178 0.022515
v 0.017466 0.005814 0.022626
v 0.018867 0.004462 0.022613
v 0.020266 0.003111 0.022642
v 0.021661 0.001762 0.022683
v 0.023051 0.000414 0.022761
v 0.024433 -0.000941 0.022755
v 0.025808 -0.002307 0.022785
v 0.027176 -0.003670 0.022825
v 0.028531 -0.005034 0.022892
v 0.029884 -0.006417 0.022815
v 0.031212 -0.006378 0.022898
v 0.029926 -0.007443 0.021822
v 0.028613 -0.007884 0.020401
v 0.027278 -0.008012 0.018951
v 0.025944 -0.008100 0.017521
v 0.024604 -0.008198 0.016096
v 0.023258 -0.008275 0.014673
v 0.021909 -0.008381 0.013251
v 0.021914 -0.008376 0.011847
v 0.020564 -0.008447 0.010428
v 0.019216 -0.008534 0.009013
v 0.017864 -0.008544 0.007600
v 0.016512 -0.008595 0.006187
v 0.015159 -0.008666 0.004776
v 0.013803 -0.008724 0.003363
v 0.012447 -0.008787 0.001957
v 0.011090 -0.008833 0.000553
v 0.009732 -0.008853 -0.000851
v 0.008376 -0.008915 -0.002252
v 0.007018 -0.008951 -0.003653
v 0.005659 -0.008994 -0.005054
v 0.004299 -0.009011 -0.006457
v 0.002939 -0.009033 -0.007858
v 0.001579 -0.009040 -0.009260
v 0.000218 -0.009053 -0.010661
v -0.001142 -0.009080 -0.012062
v -0.002504 -0.009102 -0.013460
v -0.003866 -0.009119 -0.014862
v -0.005227 -0.009120 -0.016268
v -0.006588 -0.009141 -0.017672
v -0.007949 -0.009143 -0.019072
v -0.009308 -0.009151 -0.020473
v -0.009290 -0.009075 -0.021864
v -0.010650 -0.008680 -0.023224
v -0.010654 -0.007402 -0.023682
v -0.012028 -0.007450 -0.023715
v -0.013417 -0.006131 -0.023802
v -0.014806 -0.004803 -0.023900
v -0.016195 -0.003462 -0.024005
v -0.017585 -0.002116 -0.024114
v -0.018977 -0.000763 -0.024211
v -0.020370 0.000592 -0.024322
v -0.021767 0.001949 -0.024402
v -0.023170 0.003306 -0.024423
v -0.024579 0.004648 -0.024279
v -0.025991 0.005981 -0.024116
v -0.026032 0.007289 -0.023627
v -0.027408 0.007244 -0.023654
v -0.028812 0.007565 -0.022249
v -0.028825 0.007600 -0.020843
v -0.027459 0.007617 -0.019435
v -0.026096 0.007654 -0.018024
v -0.024735 0.007689 -0.016617
v -0.023374 0.007696 -0.015213
v -0.022014 0.007693 -0.013812
v -0.020655 0.007700 -0.012410
v -0.019297 0.007679 -0.011013
v -0.017939 0.007679 -0.009615
v -0.016583 0.007703 -0.008213
v -0.015228 0.007735 -0.006811
v -0.013871 0.007733 -0.005407
v -0.012515 0.007731 -0.004004
v -0.011161 0.007758 -0.002604
v -0.009809 0.007813 -0.001204
v -0.008458 0.007817 0.000193
v -0.007108 0.007851 0.001589
v -0.005757 0.007886 0.002986
v -0.004404 0.007930 0.004384
v -0.003049 0.007983 0.005781
v -0.001695 0.008040 0.007177
v -0.000340 0.008110 0.008572
v 0.001016 0.008206 0.009966
v 0.002373 0.008229 0.011358
v 0.003732 0.008293 0.012748
v 0.005091 0.008387 0.014134
v 0.006452 0.008480 0.015515
v 0.007813 0.008610 0.016888
v 0.009179 0.008717 0.018248
v 0.010547 0.008821 0.019596
v 0.011919 0.008860 0.020934
v 0.013292 0.008542 0.022267
v 0.014665 0.008573 0.022318
v 0.014695 0.007146 0.022497
v 0.016095 0.005778 0.022591
v 0.017496 0.004422 0.022608
v 0.018897 0.003069 0.022608
v 0.020294 0.001719 0.022676
v 0.021687 0.000368 0.022742
v 0.023074 -0.000988 0.022756
v 0.024454 -0.002355 0.022769
v 0.025829 -0.003729 0.022793
v 0.027194 -0.005092 0.022875
v 0.028554 -0.006437 0.022743
v 0.029884 -0.006417 0.022815
v 0.028586 -0.007441 0.021749
v 0.027263 -0.007929 0.020369
v 0.025928 -0.008044 0.018931
v 0.024592 -0.008150 0.017503
v 0.023247 -0.008229 0.016076
v 0.021898 -0.008330 0.014653
v 0.020554 -0.008430 0.011827
v 0.020547 -0.008418 0.013231
v 0.019204 -0.008528 0.010409
v 0.017853 -0.008556 0.008994
v 0.016500 -0.008591 0.007580
v 0.015147 -0.008641 0.006168
v 0.013792 -0.008723 0.004755
v 0.012434 -0.008776 0.003344
v 0.011078 -0.008831 0.001939
v 0.009720 -0.008865 0.000536
v 0.008362 -0.008902 -0.000866
v 0.007005 -0.008958 -0.002267
v 0.005646 -0.008992 -0.003668
v 0.004287 -0.009030 -0.005071
v 0.002926 -0.009038 -0.006471
v 0.001566 -0.009053 -0.007872
v 0.000205 -0.009068 -0.009273
v -0.001156 -0.009079 -0.010674
v -0.002518 -0.009112 -0.012072
v -0.003880 -0.009141 -0.013472
v -0.005242 -0.009155 -0.014875
v -0.006604 -0.009147 -0.016278
v -0.007965 -0.009175 -0.017678
v -0.009326 -0.009171 -0.019078
v -0.010685 -0.009177 -0.020479
v -0.010665 -0.009100 -0.021870
v -0.012024 -0.008699 -0.023226
v -0.012028 -0.007450 -0.023715
v -0.013401 -0.007507 -0.023769
v -0.014791 -0.006183 -0.023868
v -0.016179 -0.004845 -0.023972
v -0.017568 -0.003500 -0.024088
v -0.018959 -0.002146 -0.024189
v -0.020351 -0.000789 -0.024290
v -0.021743 0.000569 -0.024407
v -0.023140 0.001929 -0.024495
v -0.024546 0.003284 -0.024467
v -0.025956 0.004627 -0.024315
v -0.027368 0.005945 -0.024106
v -0.027408 0.007244 -0.023654
v -0.028786 0.007213 -0.023660
v -0.030189 0.007544 -0.022256
v -0.030204 0.007591 -0.020847
v -0.028837 0.007594 -0.019441
v -0.027473 0.007617 -0.018033
v -0.026111 0.007660 -0.016627
v -0.024749 0.007684 -0.015223
v -0.023389 0.007689 -0.013820
v -0.022029 0.007695 -0.012419
v -0.020670 0.007683 -0.011021
v -0.019312 0.007670 -0.009626
v -0.017956 0.007676 -0.008229
v -0.016600 0.007697 -0.006828
v -0.015243 0.007715 -0.005423
v -0.013887 0.007717 -0.004019
v -0.012531 0.007723 -0.002618
v -0.011178 0.007755 -0.001219
v -0.009827 0.007773 0.000179
v -0.008476 0.007804 0.001575
v -0.007125 0.007854 0.002971
v -0.005773 0.007899 0.004368
v -0.004419 0.007946 0.005765
v -0.003064 0.008008 0.007162
v -0.001709 0.008065 0.008557
v -0.000353 0.008153 0.009951
v 0.001004 0.008214 0.011345
v 0.002362 0.008258 0.012736
v 0.003722 0.008341 0.014124
v 0.005082 0.008441 0.015508
v 0.006443 0.008556 0.016885
v 0.007806 0.008675 0.018251
v 0.009172 0.008798 0.019600
v 0.010543 0.008826 0.020923
v 0.011918 0.008521 0.022252
v 0.013292 0.008542 0.022267
v 0.013323 0.007116 0.022502
v 0.014725 0.005744 0.022562
v 0.016125 0.004383 0.022595
v 0.017526 0.003028 0.022607
v 0.018925 0.001674 0.022654
v 0.020321 0.000322 0.022710
v 0.021712 -0.001035 0.022736
v 0.023097 -0.002397 0.022756
v 0.024479 -0.003776 0.022736
v 0.025849 -0.005154 0.022868
v 0.027223 -0.006530 0.022736
v 0.028554 -0.006437 0.022743
v 0.027250 -0.007483 0.021713
v 0.025916 -0.007961 0.020349
v 0.024578 -0.008086 0.018913
v 0.023238 -0.008185 0.017483
v 0.021889 -0.008274 0.016058
v 0.020537 -0.008375 0.014632
v 0.019184 -0.008459 0.013207
v 0.019193 -0.008484 0.011807
v 0.017841 -0.008562 0.010389
v 0.016489 -0.008594 0.008974
v 0.015134 -0.008638 0.007559
v 0.013780 -0.008716 0.006147
v 0.012423 -0.008768 0.004733
v 0.011066 -0.008827 0.003326
v 0.009708 -0.008867 0.001923
v 0.008350 -0.008897 0.000521
v 0.006992 -0.008943 -0.000880
v 0.005634 -0.008997 -0.002282
v 0.004273 -0.009026 -0.003684
v 0.002913 -0.009054 -0.005085
v 0.001553 -0.009071 -0.006487
v 0.000192 -0.009082 -0.007888
v -0.001170 -0.009090 -0.009288
v -0.002531 -0.009117 -0.010686
v -0.003893 -0.009151 -0.012084
v -0.005255 -0.009178 -0.013484
v -0.006618 -0.009170 -0.014887
v -0.007980 -0.009189 -0.016288
v -0.009342 -0.009203 -0.017687
v -0.010703 -0.009202 -0.019087
v -0.012040 -0.009149 -0.021888
v -0.012062 -0.009214 -0.020491
v -0.013398 -0.008750 -0.023223
v -0.013401 -0.007507 -0.023769
v -0.014776 -0.007574 -0.023816
v -0.016164 -0.006231 -0.023934
v -0.017552 -0.004884 -0.024060
v -0.018941 -0.003531 -0.024175
v -0.020332 -0.002173 -0.024280
v -0.021724 -0.000812 -0.024380
v -0.023117 0.000548 -0.024492
v -0.024515 0.001911 -0.024588
v -0.025923 0.003263 -0.024498
v -0.027333 0.004609 -0.024370
v -0.028747 0.005926 -0.024150
v -0.028786 0.007213 -0.023660
v -0.030164 0.007208 -0.023671
v -0.031567 0.007514 -0.022250
v -0.031584 0.007568 -0.020840
v -0.030217 0.007583 -0.019442
v -0.028851 0.007598 -0.018041
v -0.027487 0.007629 -0.016636
v -0.026125 0.007672 -0.015231
v -0.024764 0.007684 -0.013830
v -0.023403 0.007694 -0.012428
v -0.022044 0.007688 -0.011030
v -0.020686 0.007673 -0.009634
v -0.019329 0.007668 -0.008241
v -0.017972 0.007674 -0.006842
v -0.016616 0.007695 -0.005440
v -0.015259 0.007700 -0.004036
v -0.013903 0.007708 -0.002633
v -0.012548 0.007716 -0.001233
v -0.011195 0.007743 0.000165
v -0.009844 0.007755 0.001562
v -0.008494 0.007812 0.002956
v -0.007142 0.007870 0.004353
v -0.005789 0.007916 0.005750
v -0.004434 0.007962 0.007146
v -0.003079 0.008032 0.008542
v -0.001722 0.008099 0.009937
v -0.000366 0.008196 0.011330
v 0.000992 0.008240 0.012723
v 0.002351 0.008310 0.014113
v 0.003712 0.008392 0.015500
v 0.005072 0.008519 0.016879
v 0.006435 0.008628 0.018252
v 0.007799 0.008762 0.019608
v 0.009168 0.008794 0.020940
v 0.010548 0.008487 0.022207
v 0.011918 0.008521 0.022252
v 0.011951 0.007085 0.022509
v 0.013354 0.005709 0.022555
v 0.014755 0.004345 0.022554
v 0.016156 0.002988 0.022619
v 0.017556 0.001632 0.022651
v 0.018953 0.000276 0.022700
v 0.020347 -0.001080 0.022702
v 0.021737 -0.002440 0.022750
v 0.023123 -0.003816 0.022713
v 0.024499 -0.005204 0.022803
v 0.025880 -0.006609 0.022725
v 0.027223 -0.006530 0.022736
v 0.025906 -0.007550 0.021693
v 0.024567 -0.008003 0.020328
v 0.023223 -0.008133 0.018889
v 0.021878 -0.008226 0.017460
v 0.020526 -0.008326 0.016034
v 0.019172 -0.008416 0.014607
v 0.017820 -0.008519 0.013184
v 0.017830 -0.008537 0.011785
v 0.016477 -0.008587 0.010369
v 0.015123 -0.008640 0.008953
v 0.013768 -0.008707 0.007538
v 0.012412 -0.008765 0.006125
v 0.011054 -0.008814 0.004715
v 0.009697 -0.008868 0.003311
v 0.008337 -0.008895 0.001908
v 0.006978 -0.008937 0.000505
v 0.005621 -0.008984 -0.000896
v 0.004261 -0.009026 -0.002299
v 0.002901 -0.009059 -0.003701
v 0.001540 -0.009091 -0.005102
v 0.000179 -0.009089 -0.006502
v -0.001183 -0.009099 -0.007902
v -0.002545 -0.009123 -0.009300
v -0.003906 -0.009166 -0.010697
v -0.005269 -0.009180 -0.012097
v -0.006631 -0.009215 -0.013497
v -0.007994 -0.009206 -0.014899
v -0.009357 -0.009220 -0.016298
v -0.010720 -0.009234 -0.017697
v -0.012081 -0.009238 -0.019100
v -0.013438 -0.009245 -0.020502
v -0.013416 -0.009170 -0.021893
v -0.014772 -0.008803 -0.023212
v -0.014776 -0.007574 -0.023816
v -0.016151 -0.007626 -0.023852
v -0.017538 -0.006269 -0.024008
v -0.018925 -0.004917 -0.024153
v -0.020314 -0.003558 -0.024274
v -0.021705 -0.002195 -0.024371
v -0.023096 -0.000833 -0.024486
v -0.024490 0.000529 -0.024585
v -0.025892 0.001891 -0.024625
v -0.027299 0.003246 -0.024548
v -0.028711 0.004589 -0.024401
v -0.030125 0.005909 -0.024153
v -0.030164 0.007208 -0.023671
v -0.031545 0.007205 -0.023656
v -0.032946 0.007486 -0.022223
v -0.032966 0.007548 -0.020827
v -0.031599 0.007573 -0.019439
v -0.030231 0.007589 -0.018045
v -0.028865 0.007622 -0.016643
v -0.027502 0.007649 -0.015239
v -0.026140 0.007671 -0.013838
v -0.024779 0.007694 -0.012439
v -0.023418 0.007695 -0.011039
v -0.022060 0.007684 -0.009643
v -0.020702 0.007675 -0.008250
v -0.019345 0.007661 -0.006855
v -0.017988 0.007679 -0.005455
v -0.016631 0.007687 -0.004052
v -0.015275 0.007696 -0.002649
v -0.013919 0.007701 -0.001248
v -0.012566 0.007724 0.000151
v -0.011213 0.007745 0.001548
v -0.009862 0.007777 0.002943
v -0.008511 0.007833 0.004338
v -0.007158 0.007891 0.005734
v -0.005803 0.007934 0.007131
v -0.004448 0.007993 0.008527
v -0.003092 0.008057 0.009922
v -0.001736 0.008137 0.011316
v -0.000379 0.008239 0.012708
v 0.000980 0.008275 0.014100
v 0.002340 0.008372 0.015489
v 0.003702 0.008473 0.016872
v 0.005064 0.008602 0.018248
v 0.006428 0.008717 0.019613
v 0.007796 0.008771 0.020957
v 0.009178 0.008477 0.022250
v 0.010548 0.008487 0.022207
v 0.010578 0.007052 0.022499
v 0.011983 0.005670 0.022537
v 0.013384 0.004307 0.022552
v 0.014785 0.002947 0.022598
v 0.016186 0.001589 0.022621
v 0.017583 0.000231 0.022690
v 0.018981 -0.001124 0.022669
v 0.020373 -0.002484 0.022720
v 0.021763 -0.003851 0.022709
v 0.023144 -0.005245 0.022773
v 0.024522 -0.006674 0.022717
v 0.025880 -0.006609 0.022725
v 0.024552 -0.007611 0.021680
v 0.023210 -0.008055 0.020301
v 0.021866 -0.008173 0.018867
v 0.020515 -0.008276 0.017436
v 0.019161 -0.008362 0.016008
v 0.017807 -0.008461 0.014585
v 0.016456 -0.008574 0.013164
v 0.016466 -0.008574 0.011765
v 0.015112 -0.008630 0.010348
v 0.013756 -0.008693 0.008931
v 0.012400 -0.008757 0.007517
v 0.011043 -0.008801 0.006106
v 0.009685 -0.008862 0.004699
v 0.008326 -0.008908 0.003294
v 0.006966 -0.008928 0.001892
v 0.005608 -0.008975 0.000490
v 0.004249 -0.009019 -0.000912
v 0.002888 -0.009056 -0.002316
v 0.001527 -0.009094 -0.003716
v 0.000166 -0.009121 -0.005118
v -0.001196 -0.009105 -0.006517
v -0.002558 -0.009129 -0.007915
v -0.003919 -0.009175 -0.009313
v -0.005282 -0.009217 -0.010710
v -0.006645 -0.009224 -0.012109
v -0.008008 -0.009234 -0.013510
v -0.009372 -0.009246 -0.014909
v -0.010735 -0.009246 -0.016309
v -0.012097 -0.009271 -0.017709
v -0.013458 -0.009282 -0.019112
v -0.014816 -0.009258 -0.020511
v -0.014792 -0.009206 -0.021897
v -0.016148 -0.008866 -0.023244
v -0.016151 -0.007626 -0.023852
v -0.017526 -0.007669 -0.023888
v -0.018913 -0.006302 -0.024078
v -0.020300 -0.004944 -0.024244
v -0.021687 -0.003580 -0.024369
v -0.023077 -0.002216 -0.024477
v -0.024469 -0.000853 -0.024581
v -0.025865 0.000512 -0.024676
v -0.027268 0.001874 -0.024686
v -0.028677 0.003229 -0.024585
v -0.030089 0.004571 -0.024401
v -0.031501 0.005904 -0.024174
v -0.031545 0.007205 -0.023656
v -0.032922 0.007159 -0.023615
v -0.034326 0.007480 -0.022204
v -0.034352 0.007543 -0.020811
v -0.032985 0.007562 -0.019431
v -0.031613 0.007581 -0.018044
v -0.030245 0.007614 -0.016648
v -0.028879 0.007635 -0.015249
v -0.027516 0.007657 -0.013847
v -0.026154 0.007673 -0.012447
v -0.024793 0.007700 -0.011049
v -0.023434 0.007700 -0.009653
v -0.022075 0.007682 -0.008259
v -0.020718 0.007665 -0.006865
v -0.019361 0.007669 -0.005469
v -0.018003 0.007672 -0.004067
v -0.016646 0.007675 -0.002664
v -0.015291 0.007689 -0.001264
v -0.013936 0.007702 0.000135
v -0.012583 0.007730 0.001533
v -0.011231 0.007753 0.002930
v -0.009879 0.007797 0.004325
v -0.008527 0.007856 0.005720
v -0.007173 0.007913 0.007116
v -0.005818 0.007965 0.008512
v -0.004462 0.008019 0.009907
v -0.003106 0.008088 0.011301
v -0.001749 0.008179 0.012694
v -0.000392 0.008263 0.014086
v 0.000969 0.008339 0.015476
v 0.002331 0.008441 0.016863
v 0.003693 0.008565 0.018242
v 0.005056 0.008683 0.019609
v 0.006423 0.008748 0.020966
v 0.007805 0.008413 0.022273
v 0.009178 0.008477 0.022250
v 0.009207 0.007014 0.022470
v 0.010610 0.005627 0.022536
v 0.012013 0.004265 0.022538
v 0.013415 0.002905 0.022543
v 0.014815 0.001546 0.022612
v 0.016214 0.000187 0.022639
v 0.017611 -0.001172 0.022663
v 0.019007 -0.002528 0.022689
v 0.020400 -0.003893 0.022709
v 0.021785 -0.005275 0.022764
v 0.023163 -0.006672 0.022642
v 0.024522 -0.006674 0.022717
v 0.023194 -0.007664 0.021660
v 0.021854 -0.008103 0.020277
v 0.020505 -0.008226 0.018844
v 0.019151 -0.008310 0.017412
v 0.017797 -0.008410 0.015986
v 0.016444 -0.008523 0.014563
v 0.015100 -0.008606 0.011744
v 0.015089 -0.008611 0.013142
v 0.013746 -0.008682 0.010323
v 0.012389 -0.008744 0.008910
v 0.011031 -0.008806 0.007496
v 0.009674 -0.008841 0.006088
v 0.008315 -0.008915 0.004682
v 0.006954 -0.008934 0.003278
v 0.005595 -0.008965 0.001876
v 0.004236 -0.009012 0.000473
v 0.002876 -0.009046 -0.000930
v 0.001515 -0.009097 -0.002332
v 0.000153 -0.009133 -0.003733
v -0.001208 -0.009120 -0.005132
v -0.002571 -0.009135 -0.006531
v -0.003932 -0.009179 -0.007928
v -0.005294 -0.009234 -0.009326
v -0.006658 -0.009262 -0.010722
v -0.008021 -0.009277 -0.012122
v -0.009386 -0.009265 -0.013521
v -0.010750 -0.009270 -0.014920
v -0.012113 -0.009278 -0.016321
v -0.013475 -0.009316 -0.017722
v -0.014835 -0.009295 -0.019124
v -0.016192 -0.009277 -0.020526
v -0.016169 -0.009238 -0.021910
v -0.017526 -0.008877 -0.023254
v -0.017526 -0.007669 -0.023888
v -0.018904 -0.007698 -0.023930
v -0.020289 -0.006328 -0.024144
v -0.021675 -0.004964 -0.024313
v -0.023061 -0.003601 -0.024464
v -0.024451 -0.002236 -0.024569
v -0.025843 -0.000871 -0.024664
v -0.027240 0.000495 -0.024759
v -0.028645 0.001859 -0.024742
v -0.030055 0.003212 -0.024598
v -0.031465 0.004562 -0.024425
v -0.032875 0.005907 -0.024191
v -0.032922 0.007159 -0.023615
v -0.034295 0.007148 -0.023562
v -0.035700 0.007470 -0.022187
v -0.035740 0.007542 -0.020794
v -0.034373 0.007549 -0.019420
v -0.032999 0.007575 -0.018039
v -0.031627 0.007607 -0.016649
v -0.030258 0.007618 -0.015255
v -0.028893 0.007647 -0.013857
v -0.027530 0.007668 -0.012456
v -0.026169 0.007686 -0.011059
v -0.024809 0.007701 -0.009662
v -0.023449 0.007692 -0.008268
v -0.022091 0.007680 -0.006875
v -0.020734 0.007664 -0.005479
v -0.019376 0.007665 -0.004081
v -0.018019 0.007668 -0.002679
v -0.016663 0.007676 -0.001279
v -0.015308 0.007688 0.000119
v -0.013954 0.007707 0.001517
v -0.012601 0.007734 0.002915
v -0.011247 0.007768 0.004312
v -0.009895 0.007821 0.005707
v -0.008541 0.007881 0.007102
v -0.007187 0.007941 0.008498
v -0.005832 0.007987 0.009892
v -0.004476 0.008045 0.011286
v -0.003120 0.008131 0.012679
v -0.001762 0.008224 0.014071
v -0.000403 0.008317 0.015462
v 0.000958 0.008420 0.016850
v 0.002322 0.008522 0.018235
v 0.003685 0.008654 0.019607
v 0.005051 0.008691 0.020963
v 0.006430 0.008372 0.022290
v 0.007805 0.008413 0.022273
v 0.007836 0.006962 0.022458
v 0.009238 0.005583 0.022539
v 0.010641 0.004219 0.022514
v 0.012043 0.002859 0.022528
v 0.013444 0.001503 0.022606
v 0.014844 0.000143 0.022618
v 0.016243 -0.001215 0.022631
v 0.017639 -0.002574 0.022691
v 0.019035 -0.003936 0.022682
v 0.020423 -0.005312 0.022736
v 0.021806 -0.006707 0.022615
v 0.023163 -0.006672 0.022642
v 0.021835 -0.007714 0.021637
v 0.020495 -0.008136 0.020252
v 0.019142 -0.008278 0.018819
v 0.017786 -0.008367 0.017390
v 0.016433 -0.008471 0.015966
v 0.015078 -0.008584 0.014544
v 0.013723 -0.008634 0.013121
v 0.013734 -0.008665 0.011720
v 0.012379 -0.008739 0.010302
v 0.011020 -0.008799 0.008886
v 0.009662 -0.008842 0.007476
v 0.008303 -0.008889 0.006070
v 0.006943 -0.008953 0.004665
v 0.005582 -0.008959 0.003261
v 0.004223 -0.009000 0.001858
v 0.002864 -0.009046 0.000456
v 0.001503 -0.009094 -0.000947
v 0.000141 -0.009135 -0.002348
v -0.001221 -0.009134 -0.003749
v -0.002583 -0.009148 -0.005147
v -0.003945 -0.009183 -0.006544
v -0.005307 -0.009233 -0.007942
v -0.006670 -0.009275 -0.009340
v -0.008034 -0.009308 -0.010736
v -0.009398 -0.009292 -0.012135
v -0.010763 -0.009302 -0.013532
v -0.012128 -0.009299 -0.014932
v -0.013491 -0.009316 -0.016332
v -0.014853 -0.009340 -0.017735
v -0.016213 -0.009303 -0.019137
v -0.017569 -0.009294 -0.020540
v -0.017545 -0.009250 -0.021925
v -0.018904 -0.008880 -0.023256
v -0.018904 -0.007698 -0.023930
v -0.020281 -0.007715 -0.023980
v -0.021665 -0.006346 -0.024213
v -0.023049 -0.004983 -0.024389
v -0.024435 -0.003620 -0.024548
v -0.025825 -0.002253 -0.024647
v -0.027216 -0.000887 -0.024767
v -0.028616 0.000481 -0.024831
v -0.030024 0.001843 -0.024755
v -0.031433 0.003199 -0.024602
v -0.032839 0.004552 -0.024412
v -0.034247 0.005917 -0.024187
v -0.034295 0.007148 -0.023562
v -0.035656 0.007139 -0.023576
v -0.037074 0.007432 -0.022150
v -0.037139 0.007516 -0.020772
v -0.035769 0.007579 -0.019408
v -0.034389 0.007561 -0.018032
v -0.033011 0.007593 -0.016649
v -0.031638 0.007628 -0.015258
v -0.030271 0.007626 -0.013863
v -0.028907 0.007662 -0.012466
v -0.027545 0.007681 -0.011068
v -0.026184 0.007695 -0.009672
v -0.024824 0.007700 -0.008277
v -0.023465 0.007690 -0.006884
v -0.022107 0.007675 -0.005489
v -0.020749 0.007664 -0.004093
v -0.019391 0.007658 -0.002693
v -0.018035 0.007668 -0.001295
v -0.016679 0.007677 0.000105
v -0.015324 0.007689 0.001503
v -0.013971 0.007719 0.002900
v -0.012617 0.007748 0.004297
v -0.011263 0.007793 0.005694
v -0.009910 0.007846 0.007089
v -0.008556 0.007905 0.008483
v -0.007201 0.007965 0.009878
v -0.005846 0.008015 0.011271
v -0.004490 0.008092 0.012664
v -0.003133 0.008181 0.014056
v -0.001774 0.008283 0.015447
v -0.000414 0.008385 0.016836
v 0.000948 0.008497 0.018223
v 0.002312 0.008627 0.019600
v 0.003678 0.008679 0.020962
v 0.005054 0.008346 0.022295
v 0.006430 0.008372 0.022290
v 0.006462 0.006915 0.022448
v 0.007866 0.005539 0.022515
v 0.009269 0.004173 0.022510
v 0.010671 0.002812 0.022529
v 0.012073 0.001458 0.022570
v 0.013474 0.000101 0.022607
v 0.014875 -0.001256 0.022597
v 0.016271 -0.002618 0.022664
v 0.017667 -0.003979 0.022666
v 0.019059 -0.005350 0.022706
v 0.020446 -0.006726 0.022608
v 0.021806 -0.006707 0.022615
v 0.020474 -0.007740 0.021611
v 0.019132 -0.008186 0.020228
v 0.017776 -0.008317 0.018797
v 0.016421 -0.008421 0.017370
v 0.015068 -0.008536 0.015946
v 0.013711 -0.008620 0.014521
v 0.012354 -0.008667 0.013096
v 0.012367 -0.008712 0.011698
v 0.011009 -0.008768 0.010279
v 0.009650 -0.008835 0.008866
v 0.008292 -0.008872 0.007457
v 0.006932 -0.008932 0.006051
v 0.005571 -0.008957 0.004647
v 0.004211 -0.008991 0.003244
v 0.002851 -0.009040 0.001841
v 0.001491 -0.009091 0.000439
v 0.000129 -0.009139 -0.000963
v -0.001233 -0.009164 -0.002365
v -0.002596 -0.009151 -0.003763
v -0.003957 -0.009195 -0.005160
v -0.005320 -0.009236 -0.006558
v -0.006683 -0.009288 -0.007956
v -0.008046 -0.009331 -0.009353
v -0.009411 -0.009337 -0.010750
v -0.010776 -0.009325 -0.012146
v -0.012141 -0.009332 -0.013545
v -0.013506 -0.009326 -0.014944
v -0.014869 -0.009340 -0.016344
v -0.016231 -0.009354 -0.017748
v -0.017589 -0.009318 -0.019151
v -0.018945 -0.009317 -0.020559
v -0.018923 -0.009271 -0.021942
v -0.020279 -0.008931 -0.023308
v -0.020281 -0.007715 -0.023980
v -0.021659 -0.007718 -0.024021
v -0.023039 -0.006361 -0.024261
v -0.024423 -0.005002 -0.024461
v -0.025810 -0.003637 -0.024606
v -0.027197 -0.002271 -0.024743
v -0.028592 -0.000901 -0.024848
v -0.029994 0.000468 -0.024895
v -0.031403 0.001827 -0.024765
v -0.032808 0.003188 -0.024616
v -0.034211 0.004543 -0.024401
v -0.035611 0.005910 -0.024214
v -0.035656 0.007139 -0.023576
v -0.036986 0.007065 -0.023519
v -0.038441 0.007117 -0.022089
v -0.038509 0.007232 -0.020756
v -0.037168 0.007546 -0.019396
v -0.035783 0.007588 -0.018026
v -0.034399 0.007588 -0.016646
v -0.033021 0.007615 -0.015260
v -0.031650 0.007630 -0.013868
v -0.030284 0.007634 -0.012474
v -0.028921 0.007677 -0.011076
v -0.027560 0.007697 -0.009682
v -0.026199 0.007702 -0.008286
v -0.024839 0.007704 -0.006893
v -0.023480 0.007693 -0.005499
v -0.022122 0.007671 -0.004104
v -0.020765 0.007660 -0.002707
v -0.019407 0.007657 -0.001309
v -0.018051 0.007666 0.000089
v -0.016695 0.007679 0.001489
v -0.015341 0.007694 0.002884
v -0.013987 0.007732 0.004282
v -0.012632 0.007770 0.005680
v -0.011279 0.007819 0.007074
v -0.009925 0.007874 0.008469
v -0.008570 0.007922 0.009863
v -0.007216 0.007989 0.011257
v -0.005861 0.008065 0.012649
v -0.004504 0.008148 0.014041
v -0.003145 0.008242 0.015433
v -0.001786 0.008346 0.016822
v -0.000425 0.008470 0.018208
v 0.000938 0.008593 0.019589
v 0.002304 0.008666 0.020956
v 0.003679 0.008309 0.022286
v 0.005054 0.008346 0.022295
v 0.005088 0.006875 0.022436
v 0.006494 0.005495 0.022496
v 0.007898 0.004127 0.022508
v 0.009301 0.002768 0.022503
v 0.010703 0.001412 0.022560
v 0.012104 0.000058 0.022591
v 0.013505 -0.001297 0.022582
v 0.014903 -0.002658 0.022626
v 0.016298 -0.004023 0.022659
v 0.017692 -0.005390 0.022702
v 0.019080 -0.006760 0.022580
v 0.020446 -0.006726 0.022608
v 0.019113 -0.007776 0.021586
v 0.017766 -0.008233 0.020203
v 0.016410 -0.008365 0.018777
v 0.015056 -0.008470 0.017353
v 0.013701 -0.008591 0.015925
v 0.012343 -0.008643 0.014496
v 0.010986 -0.008719 0.013072
v 0.010998 -0.008749 0.011674
v 0.009639 -0.008814 0.010257
v 0.008280 -0.008865 0.008845
v 0.006921 -0.008917 0.007440
v 0.005560 -0.008951 0.006034
v 0.004199 -0.008977 0.004630
v 0.002839 -0.009027 0.003227
v 0.001478 -0.009078 0.001825
v 0.000118 -0.009148 0.000422
v -0.001245 -0.009178 -0.000979
v -0.002608 -0.009177 -0.002380
v -0.003970 -0.009198 -0.003777
v -0.005332 -0.009244 -0.005174
v -0.006695 -0.009286 -0.006572
v -0.008058 -0.009343 -0.007970
v -0.009422 -0.009357 -0.009367
v -0.010788 -0.009345 -0.010762
v -0.012153 -0.009369 -0.012160
v -0.013519 -0.009355 -0.013559
v -0.014884 -0.009357 -0.014957
v -0.016247 -0.009357 -0.016359
v -0.017608 -0.009370 -0.017763
v -0.018966 -0.009337 -0.019167
v -0.020320 -0.009345 -0.020579
v -0.020298 -0.009286 -0.021968
v -0.021655 -0.008922 -0.023352
v -0.021659 -0.007718 -0.024021
v -0.023033 -0.007716 -0.024025
v -0.024414 -0.006376 -0.024321
v -0.025797 -0.005021 -0.024532
v -0.027181 -0.003655 -0.024688
v -0.028570 -0.002287 -0.024828
v -0.029968 -0.000914 -0.024939
v -0.031374 0.000453 -0.024925
v -0.032781 0.001814 -0.024793
v -0.034182 0.003176 -0.024636
v -0.035580 0.004532 -0.024444
v -0.036964 0.005855 -0.024207
v -0.036986 0.007065 -0.023519
v -0.038219 0.006925 -0.023393
v -0.038441 0.007117 -0.022089
v -0.039178 0.005850 -0.022070
v -0.039284 0.005943 -0.020709
v -0.038509 0.007232 -0.020756
v -0.038561 0.007308 -0.019387
v -0.037180 0.007584 -0.018017
v -0.035790 0.007608 -0.016642
v -0.034407 0.007611 -0.015259
v -0.033031 0.007626 -0.013871
v -0.031661 0.007647 -0.012480
v -0.030297 0.007662 -0.011087
v -0.028936 0.007693 -0.009690
v -0.027575 0.007709 -0.008295
v -0.026215 0.007703 -0.006901
v -0.024855 0.007703 -0.005508
v -0.023496 0.007679 -0.004115
v -0.022138 0.007666 -0.002719
v -0.020780 0.007659 -0.001322
v -0.019423 0.007657 0.000075
v -0.018066 0.007667 0.001474
v -0.016712 0.007689 0.002871
v -0.015358 0.007711 0.004267
v -0.014002 0.007751 0.005665
v -0.012648 0.007799 0.007061
v -0.011294 0.007847 0.008455
v -0.009940 0.007903 0.009849
v -0.008585 0.007962 0.011242
v -0.007230 0.008031 0.012634
v -0.005874 0.008107 0.014026
v -0.004516 0.008205 0.015418
v -0.003157 0.008308 0.016807
v -0.001797 0.008434 0.018193
v -0.000436 0.008562 0.019574
v 0.000929 0.008632 0.020941
v 0.002302 0.008283 0.022260
v 0.003679 0.008309 0.022286
v 0.003715 0.006843 0.022436
v 0.005122 0.005456 0.022487
v 0.006526 0.004084 0.022499
v 0.007930 0.002723 0.022505
v 0.009333 0.001365 0.022547
v 0.010735 0.000012 0.022580
v 0.012136 -0.001342 0.022573
v 0.013535 -0.002700 0.022597
v 0.014931 -0.004065 0.022623
v 0.016324 -0.005430 0.022698
v 0.017716 -0.006791 0.022519
v 0.019080 -0.006760 0.022580
v 0.017747 -0.007833 0.021567
v 0.016400 -0.008277 0.020185
v 0.015045 -0.008411 0.018762
v 0.013689 -0.008525 0.017330
v 0.012332 -0.008605 0.015899
v 0.010975 -0.008676 0.014470
v 0.009618 -0.008768 0.013046
v 0.009629 -0.008788 0.011651
v 0.008269 -0.008849 0.010233
v 0.006910 -0.008912 0.008828
v 0.005550 -0.008956 0.007422
v 0.004188 -0.008984 0.006016
v 0.002827 -0.009019 0.004613
v 0.001466 -0.009063 0.003210
v 0.000105 -0.009124 0.001807
v -0.001256 -0.009172 0.000407
v -0.002619 -0.009201 -0.000995
v -0.003982 -0.009202 -0.002394
v -0.005344 -0.009247 -0.003791
v -0.006707 -0.009296 -0.005188
v -0.008070 -0.009342 -0.006586
v -0.009434 -0.009372 -0.007984
v -0.010799 -0.009402 -0.009381
v -0.012166 -0.009384 -0.010775
v -0.013531 -0.009390 -0.012174
v -0.014896 -0.009383 -0.013572
v -0.016261 -0.009380 -0.014971
v -0.017624 -0.009389 -0.016374
v -0.018984 -0.009397 -0.017779
v -0.020342 -0.009368 -0.019184
v -0.021695 -0.009357 -0.020597
v -0.021672 -0.009313 -0.021996
v -0.023032 -0.008946 -0.023396
v -0.023033 -0.007716 -0.024025
v -0.024407 -0.007727 -0.024065
v -0.025789 -0.006391 -0.024355
v -0.027170 -0.005037 -0.024587
v -0.028554 -0.003670 -0.024761
v -0.029945 -0.002300 -0.024908
v -0.031346 -0.000928 -0.025022
v -0.032755 0.000436 -0.024944
v -0.034159 0.001799 -0.024819
v -0.035553 0.003167 -0.024692
v -0.036946 0.004522 -0.024499
v -0.038219 0.006925 -0.023393
v -0.038773 0.005764 -0.023344
v -0.039120 0.004441 -0.022033
v -0.039128 0.004498 -0.020679
v -0.039209 0.005987 -0.019333
v -0.038561 0.007308 -0.019387
v -0.038560 0.007345 -0.018003
v -0.037179 0.007608 -0.016636
v -0.035796 0.007628 -0.015256
v -0.034413 0.007634 -0.013873
v -0.033041 0.007640 -0.012484
v -0.031674 0.007676 -0.011093
v -0.030312 0.007681 -0.009698
v -0.028951 0.007715 -0.008305
v -0.027590 0.007717 -0.006911
v -0.026230 0.007716 -0.005518
v -0.024871 0.007694 -0.004124
v -0.023512 0.007672 -0.002731
v -0.022153 0.007666 -0.001335
v -0.020796 0.007653 0.000061
v -0.019439 0.007655 0.001458
v -0.018082 0.007679 0.002857
v -0.016728 0.007706 0.004252
v -0.015374 0.007737 0.005649
v -0.014018 0.007771 0.007046
v -0.012664 0.007826 0.008440
v -0.011310 0.007875 0.009834
v -0.009954 0.007943 0.011228
v -0.008599 0.008009 0.012620
v -0.007244 0.008077 0.014012
v -0.005887 0.008165 0.015403
v -0.004529 0.008273 0.016792
v -0.003169 0.008394 0.018179
v -0.001808 0.008521 0.019559
v -0.000446 0.008593 0.020932
v 0.000929 0.008242 0.022225
v 0.002302 0.008283 0.022260
v 0.002343 0.006807 0.022448
v 0.003751 0.005417 0.022470
v 0.005156 0.004043 0.022482
v 0.006559 0.002676 0.022495
v 0.007962 0.001318 0.022536
v 0.009365 -0.000037 0.022561
v 0.010767 -0.001387 0.022578
v 0.012167 -0.002743 0.022591
v 0.013565 -0.004104 0.022587
v 0.014958 -0.005472 0.022671
v 0.016355 -0.006824 0.022504
v 0.017716 -0.006791 0.022519
v 0.016383 -0.007873 0.021543
v 0.015035 -0.008328 0.020173
v 0.013678 -0.008458 0.018744
v 0.012320 -0.008549 0.017301
v 0.010963 -0.008635 0.015872
v 0.009606 -0.008728 0.014442
v 0.008248 -0.008816 0.013022
v 0.008258 -0.008827 0.011626
v 0.006899 -0.008899 0.010215
v 0.005539 -0.008955 0.008810
v 0.004178 -0.008991 0.007405
v 0.002816 -0.009017 0.005999
v 0.001455 -0.009053 0.004597
v 0.000093 -0.009112 0.003193
v -0.001268 -0.009168 0.001791
v -0.002630 -0.009203 0.000390
v -0.003993 -0.009224 -0.001010
v -0.005356 -0.009254 -0.002407
v -0.006719 -0.009297 -0.003805
v -0.008082 -0.009350 -0.005202
v -0.009446 -0.009378 -0.006599
v -0.010811 -0.009404 -0.007997
v -0.012177 -0.009406 -0.009392
v -0.013543 -0.009412 -0.010788
v -0.014909 -0.009412 -0.012187
v -0.016274 -0.009403 -0.013585
v -0.017639 -0.009410 -0.014987
v -0.019001 -0.009408 -0.016390
v -0.020361 -0.009395 -0.017793
v -0.021717 -0.009384 -0.019201
v -0.023069 -0.009389 -0.020614
v -0.023047 -0.009351 -0.022019
v -0.024407 -0.008936 -0.023397
v -0.024407 -0.007727 -0.024065
v -0.025782 -0.007738 -0.024066
v -0.027162 -0.006409 -0.024394
v -0.028541 -0.005053 -0.024645
v -0.029925 -0.003686 -0.024837
v -0.031321 -0.002314 -0.024980
v -0.032726 -0.000946 -0.025080
v -0.034136 0.000419 -0.024992
v -0.035537 0.001787 -0.024878
v -0.036920 0.003160 -0.024725
v -0.038293 0.004518 -0.024437
v -0.038882 0.004434 -0.023342
v -0.039080 0.003068 -0.022052
v -0.039101 0.003091 -0.020679
v -0.039143 0.004537 -0.019312
v -0.039122 0.006003 -0.017961
v -0.038560 0.007345 -0.018003
v -0.038553 0.007344 -0.016623
v -0.037184 0.007651 -0.015251
v -0.035799 0.007648 -0.013872
v -0.034421 0.007660 -0.012486
v -0.033052 0.007659 -0.011097
v -0.031688 0.007693 -0.009707
v -0.030327 0.007698 -0.008313
v -0.028966 0.007730 -0.006920
v -0.027606 0.007725 -0.005528
v -0.026246 0.007713 -0.004134
v -0.024886 0.007683 -0.002742
v -0.023527 0.007672 -0.001347
v -0.022169 0.007664 0.000048
v -0.020811 0.007652 0.001445
v -0.019455 0.007667 0.002841
v -0.018099 0.007693 0.004238
v -0.016744 0.007721 0.005634
v -0.015389 0.007755 0.007030
v -0.014033 0.007796 0.008427
v -0.012678 0.007841 0.009821
v -0.011323 0.007901 0.011214
v -0.009968 0.007973 0.012606
v -0.008614 0.008054 0.013997
v -0.007258 0.008134 0.015388
v -0.005900 0.008240 0.016777
v -0.004541 0.008361 0.018164
v -0.003180 0.008480 0.019546
v -0.001818 0.008535 0.020914
v -0.000441 0.008195 0.022221
v 0.000929 0.008242 0.022225
v 0.000971 0.006763 0.022420
v 0.002379 0.005375 0.022479
v 0.003785 0.004000 0.022465
v 0.005189 0.002633 0.022530
v 0.006591 0.001271 0.022519
v 0.007995 -0.000084 0.022533
v 0.009398 -0.001435 0.022547
v 0.010799 -0.002790 0.022563
v 0.012197 -0.004146 0.022580
v 0.013593 -0.005512 0.022624
v 0.014991 -0.006876 0.022498
v 0.016355 -0.006824 0.022504
v 0.015018 -0.007925 0.021535
v 0.013667 -0.008382 0.020156
v 0.012309 -0.008507 0.018713
v 0.010952 -0.008585 0.017272
v 0.009595 -0.008676 0.015841
v 0.008237 -0.008767 0.014416
v 0.006877 -0.008843 0.012999
v 0.006888 -0.008876 0.011605
v 0.005528 -0.008942 0.010198
v 0.004167 -0.008969 0.008792
v 0.002806 -0.009004 0.007388
v 0.001443 -0.009042 0.005982
v 0.000082 -0.009095 0.004579
v -0.001280 -0.009160 0.003176
v -0.002642 -0.009206 0.001775
v -0.004005 -0.009240 0.000376
v -0.005368 -0.009263 -0.001023
v -0.006731 -0.009307 -0.002421
v -0.008094 -0.009346 -0.003818
v -0.009458 -0.009384 -0.005216
v -0.010823 -0.009404 -0.006613
v -0.012189 -0.009427 -0.008009
v -0.013555 -0.009420 -0.009404
v -0.014921 -0.009430 -0.010802
v -0.016287 -0.009429 -0.012200
v -0.017652 -0.009440 -0.013599
v -0.019016 -0.009439 -0.015002
v -0.020378 -0.009402 -0.016405
v -0.021736 -0.009425 -0.017809
v -0.023092 -0.009402 -0.019215
v -0.024443 -0.009417 -0.020628
v -0.024421 -0.009347 -0.022034
v -0.025775 -0.008946 -0.023413
v -0.025782 -0.007738 -0.024066
v -0.027154 -0.007758 -0.024076
v -0.028532 -0.006424 -0.024419
v -0.029910 -0.005067 -0.024692
v -0.031297 -0.003700 -0.024874
v -0.032698 -0.002333 -0.025041
v -0.034110 -0.000964 -0.025138
v -0.035524 0.000404 -0.025057
v -0.036913 0.001772 -0.024898
v -0.038283 0.003141 -0.024587
v -0.038882 0.004434 -0.023342
v -0.038718 0.003075 -0.023341
v -0.039167 0.001696 -0.022100
v -0.039290 0.001706 -0.020708
v -0.039144 0.003121 -0.019306
v -0.039064 0.004562 -0.017941
v -0.039068 0.005996 -0.016575
v -0.038553 0.007344 -0.016623
v -0.038555 0.007344 -0.015241
v -0.037189 0.007649 -0.013868
v -0.035803 0.007686 -0.012487
v -0.034432 0.007677 -0.011098
v -0.033066 0.007682 -0.009711
v -0.031704 0.007706 -0.008320
v -0.030343 0.007723 -0.006928
v -0.028982 0.007724 -0.005536
v -0.027621 0.007730 -0.004144
v -0.026261 0.007707 -0.002752
v -0.024902 0.007674 -0.001360
v -0.023542 0.007676 0.000036
v -0.022184 0.007664 0.001431
v -0.020827 0.007659 0.002827
v -0.019471 0.007676 0.004223
v -0.018115 0.007695 0.005619
v -0.016760 0.007733 0.007016
v -0.015404 0.007782 0.008412
v -0.014048 0.007819 0.009807
v -0.012692 0.007863 0.011201
v -0.011338 0.007936 0.012592
v -0.009983 0.008013 0.013983
v -0.008628 0.008102 0.015373
v -0.007270 0.008198 0.016763
v -0.005912 0.008327 0.018148
v -0.004552 0.008455 0.019531
v -0.003187 0.008499 0.020904
v -0.001811 0.008154 0.022208
v -0.000441 0.008195 0.022221
v -0.000401 0.006719 0.022417
v 0.001007 0.005329 0.022464
v 0.002414 0.003955 0.022464
v 0.003819 0.002587 0.022491
v 0.005222 0.001226 0.022539
v 0.006624 -0.000131 0.022537
v 0.008028 -0.001485 0.022528
v 0.009430 -0.002837 0.022560
v 0.010829 -0.004192 0.022565
v 0.012226 -0.005551 0.022607
v 0.013625 -0.006910 0.022469
v 0.014991 -0.006876 0.022498
v 0.013649 -0.007962 0.021522
v 0.012298 -0.008425 0.020128
v 0.010941 -0.008529 0.018681
v 0.009583 -0.008620 0.017243
v 0.008226 -0.008727 0.015813
v 0.006867 -0.008801 0.014393
v 0.005506 -0.008878 0.012978
v 0.005517 -0.008911 0.011586
v 0.004156 -0.008951 0.010179
v 0.002795 -0.008981 0.008775
v 0.001433 -0.009028 0.007370
v 0.000070 -0.009080 0.005966
v -0.001291 -0.009147 0.004562
v -0.002653 -0.009206 0.003162
v -0.004016 -0.009247 0.001762
v -0.005379 -0.009274 0.000362
v -0.006742 -0.009310 -0.001037
v -0.008106 -0.009346 -0.002434
v -0.009470 -0.009383 -0.003832
v -0.010835 -0.009402 -0.005229
v -0.012200 -0.009439 -0.006626
v -0.013566 -0.009430 -0.008020
v -0.014933 -0.009444 -0.009417
v -0.016299 -0.009439 -0.010814
v -0.017665 -0.009449 -0.012213
v -0.019030 -0.009462 -0.013614
v -0.020393 -0.009427 -0.015016
v -0.021755 -0.009416 -0.016419
v -0.023112 -0.009445 -0.017823
v -0.024467 -0.009432 -0.019228
v -0.025819 -0.009434 -0.020640
v -0.025795 -0.009365 -0.022049
v -0.027144 -0.008999 -0.023446
v -0.027154 -0.007758 -0.024076
v -0.028520 -0.007777 -0.024088
v -0.029897 -0.006435 -0.024425
v -0.031276 -0.005081 -0.024718
v -0.032669 -0.003718 -0.024922
v -0.034080 -0.002353 -0.025108
v -0.035502 -0.000986 -0.025204
v -0.036919 0.000383 -0.025053
v -0.038270 0.001752 -0.024712
v -0.038718 0.003075 -0.023341
v -0.038597 0.001697 -0.023347
v -0.039240 0.000318 -0.022150
v -0.039419 0.000318 -0.020745
v -0.039272 0.001716 -0.019316
v -0.039092 0.003140 -0.017931
v -0.038986 0.004570 -0.016568
v -0.038915 0.005979 -0.015206
v -0.038555 0.007344 -0.015241
v -0.038592 0.007392 -0.013858
v -0.037186 0.007683 -0.012487
v -0.035810 0.007699 -0.011100
v -0.034445 0.007690 -0.009712
v -0.033080 0.007702 -0.008326
v -0.031719 0.007734 -0.006935
v -0.030359 0.007732 -0.005544
v -0.028998 0.007733 -0.004154
v -0.027637 0.007729 -0.002761
v -0.026277 0.007705 -0.001370
v -0.024917 0.007675 0.000024
v -0.023558 0.007673 0.001418
v -0.022199 0.007663 0.002813
v -0.020842 0.007672 0.004209
v -0.019486 0.007686 0.005605
v -0.018129 0.007710 0.007002
v -0.016773 0.007756 0.008398
v -0.015418 0.007808 0.009793
v -0.014062 0.007830 0.011187
v -0.012706 0.007903 0.012579
v -0.011353 0.007980 0.013968
v -0.009998 0.008066 0.015358
v -0.008641 0.008167 0.016748
v -0.007283 0.008288 0.018133
v -0.005923 0.008418 0.019514
v -0.004560 0.008485 0.020891
v -0.003183 0.008137 0.022219
v -0.001811 0.008154 0.022208
v -0.001773 0.006683 0.022415
v -0.000364 0.005285 0.022447
v 0.001042 0.003911 0.022473
v 0.002448 0.002542 0.022503
v 0.003852 0.001181 0.022507
v 0.005255 -0.000176 0.022524
v 0.006658 -0.001531 0.022543
v 0.008061 -0.002886 0.022554
v 0.009462 -0.004244 0.022565
v 0.010859 -0.005598 0.022585
v 0.012259 -0.006955 0.022470
v 0.013625 -0.006910 0.022469
v 0.012280 -0.007983 0.021486
v 0.010929 -0.008446 0.020094
v 0.009571 -0.008563 0.018644
v 0.008214 -0.008665 0.017214
v 0.006855 -0.008756 0.015788
v 0.005495 -0.008840 0.014371
v 0.004145 -0.008940 0.011567
v 0.004134 -0.008911 0.012957
v 0.002783 -0.008975 0.010161
v 0.001422 -0.009013 0.008757
v 0.000059 -0.009069 0.007352
v -0.001303 -0.009134 0.005950
v -0.002665 -0.009200 0.004548
v -0.004027 -0.009247 0.003148
v -0.005390 -0.009288 0.001749
v -0.006754 -0.009303 0.000349
v -0.008117 -0.009355 -0.001051
v -0.009481 -0.009385 -0.002448
v -0.010846 -0.009408 -0.003845
v -0.012211 -0.009448 -0.005241
v -0.013577 -0.009443 -0.006636
v -0.014944 -0.009440 -0.008032
v -0.016310 -0.009461 -0.009429
v -0.017677 -0.009452 -0.010828
v -0.019042 -0.009481 -0.012228
v -0.020408 -0.009474 -0.013628
v -0.021771 -0.009420 -0.015030
v -0.023131 -0.009446 -0.016432
v -0.024489 -0.009456 -0.017835
v -0.025843 -0.009448 -0.019240
v -0.027167 -0.009381 -0.022059
v -0.027193 -0.009450 -0.020648
v -0.028512 -0.009028 -0.023464
v -0.028520 -0.007777 -0.024088
v -0.029883 -0.007790 -0.024094
v -0.031256 -0.006450 -0.024446
v -0.032639 -0.005102 -0.024768
v -0.034042 -0.003741 -0.024971
v -0.035467 -0.002387 -0.025166
v -0.036907 -0.001019 -0.025217
v -0.038332 0.000354 -0.024835
v -0.038597 0.001697 -0.023347
v -0.038614 0.000306 -0.023416
v -0.039394 -0.001062 -0.022235
v -0.039577 -0.001068 -0.020781
v -0.039434 0.000316 -0.019337
v -0.039237 0.001725 -0.017931
v -0.039079 0.003150 -0.016554
v -0.038945 0.004568 -0.015190
v -0.038592 0.007392 -0.013858
v -0.038934 0.005975 -0.013829
v -0.038577 0.007407 -0.012477
v -0.037183 0.007692 -0.011101
v -0.035823 0.007725 -0.009714
v -0.034459 0.007710 -0.008328
v -0.033097 0.007725 -0.006940
v -0.031736 0.007758 -0.005551
v -0.030375 0.007734 -0.004161
v -0.029014 0.007734 -0.002770
v -0.027652 0.007734 -0.001379
v -0.026291 0.007710 0.000012
v -0.024931 0.007679 0.001406
v -0.023572 0.007672 0.002800
v -0.022214 0.007668 0.004196
v -0.020857 0.007679 0.005591
v -0.019500 0.007699 0.006988
v -0.018143 0.007728 0.008384
v -0.016787 0.007776 0.009780
v -0.015432 0.007826 0.011173
v -0.014077 0.007871 0.012565
v -0.012721 0.007948 0.013955
v -0.011367 0.008032 0.015344
v -0.010010 0.008130 0.016733
v -0.008653 0.008244 0.018121
v -0.007293 0.008378 0.019499
v -0.005932 0.008446 0.020870
v -0.004555 0.008089 0.022203
v -0.003183 0.008137 0.022219
v -0.003145 0.006648 0.022393
v -0.001736 0.005249 0.022445
v -0.000329 0.003870 0.022464
v 0.001076 0.002501 0.022488
v 0.002481 0.001135 0.022501
v 0.003885 -0.000222 0.022493
v 0.005288 -0.001580 0.022533
v 0.006691 -0.002935 0.022544
v 0.008093 -0.004296 0.022568
v 0.009491 -0.005652 0.022571
v 0.010888 -0.007004 0.022485
v 0.012259 -0.006955 0.022470
v 0.010912 -0.008006 0.021453
v 0.009559 -0.008470 0.020053
v 0.008202 -0.008600 0.018615
v 0.006844 -0.008700 0.017189
v 0.005484 -0.008796 0.015768
v 0.004123 -0.008871 0.014350
v 0.002762 -0.008945 0.012939
v 0.002773 -0.008959 0.011550
v 0.001411 -0.009002 0.010145
v 0.000049 -0.009054 0.008741
v -0.001314 -0.009117 0.007337
v -0.002676 -0.009190 0.005936
v -0.004038 -0.009242 0.004534
v -0.005401 -0.009285 0.003135
v -0.006765 -0.009294 0.001735
v -0.008128 -0.009339 0.000334
v -0.009492 -0.009378 -0.001065
v -0.010857 -0.009414 -0.002461
v -0.012222 -0.009447 -0.003857
v -0.013588 -0.009461 -0.005251
v -0.014954 -0.009443 -0.006648
v -0.016321 -0.009464 -0.008044
v -0.017688 -0.009469 -0.009443
v -0.019054 -0.009488 -0.010843
v -0.020420 -0.009530 -0.012243
v -0.021785 -0.009465 -0.013642
v -0.023149 -0.009435 -0.015042
v -0.024509 -0.009463 -0.016445
v -0.025866 -0.009471 -0.017846
v -0.027219 -0.009455 -0.019248
v -0.028566 -0.009460 -0.020659
v -0.028536 -0.009391 -0.022069
v -0.029875 -0.009065 -0.023488
v -0.029883 -0.007790 -0.024094
v -0.031238 -0.007807 -0.024106
v -0.032609 -0.006468 -0.024455
v -0.034000 -0.005124 -0.024793
v -0.035419 -0.003779 -0.025034
v -0.036865 -0.002434 -0.025191
v -0.038316 -0.001067 -0.024886
v -0.038614 0.000306 -0.023416
v -0.038325 -0.001048 -0.023234
v -0.039510 -0.002453 -0.022251
v -0.039717 -0.002465 -0.020801
v -0.039594 -0.001080 -0.019360
v -0.039442 0.000323 -0.017941
v -0.039245 0.001737 -0.016550
v -0.039058 0.003153 -0.015177
v -0.038913 0.004564 -0.013811
v -0.038577 0.007407 -0.012477
v -0.038885 0.005983 -0.012449
v -0.038537 0.007447 -0.011096
v -0.037199 0.007710 -0.009714
v -0.035836 0.007753 -0.008331
v -0.034476 0.007734 -0.006943
v -0.033115 0.007754 -0.005555
v -0.031753 0.007777 -0.004168
v -0.030391 0.007745 -0.002779
v -0.029029 0.007736 -0.001389
v -0.027666 0.007737 0.000003
v -0.026306 0.007708 0.001394
v -0.024946 0.007679 0.002788
v -0.023587 0.007680 0.004183
v -0.022228 0.007680 0.005579
v -0.020871 0.007682 0.006974
v -0.019515 0.007720 0.008369
v -0.018156 0.007759 0.009767
v -0.016801 0.007801 0.011161
v -0.015446 0.007860 0.012552
v -0.014090 0.007916 0.013943
v -0.012735 0.007996 0.015331
v -0.011380 0.008093 0.016719
v -0.010022 0.008208 0.018107
v -0.008664 0.008344 0.019489
v -0.007301 0.008387 0.020852
v -0.005928 0.008073 0.022194
v -0.004555 0.008089 0.022203
v -0.004516 0.006608 0.022369
v -0.003108 0.005212 0.022445
v -0.001701 0.003830 0.022462
v -0.000295 0.002458 0.022468
v 0.001110 0.001094 0.022491
v 0.002514 -0.000272 0.022507
v 0.003918 -0.001627 0.022511
v 0.005321 -0.002982 0.022533
v 0.006722 -0.004344 0.022523
v 0.008121 -0.005704 0.022571
v 0.009515 -0.007057 0.022436
v 0.010888 -0.007004 0.022485
v 0.009544 -0.008050 0.021430
v 0.008191 -0.008511 0.020021
v 0.006832 -0.008628 0.018591
v 0.005473 -0.008734 0.017168
v 0.004113 -0.008823 0.015746
v 0.002752 -0.008916 0.014332
v 0.001390 -0.008989 0.012923
v 0.001401 -0.009005 0.011534
v 0.000038 -0.009046 0.010129
v -0.001325 -0.009099 0.008727
v -0.002687 -0.009174 0.007324
v -0.004050 -0.009240 0.005922
v -0.005413 -0.009275 0.004521
v -0.006776 -0.009315 0.003122
v -0.008140 -0.009329 0.001720
v -0.009503 -0.009371 0.000320
v -0.010868 -0.009412 -0.001078
v -0.012233 -0.009443 -0.002473
v -0.013599 -0.009468 -0.003868
v -0.014965 -0.009462 -0.005263
v -0.016331 -0.009471 -0.006660
v -0.017698 -0.009480 -0.008058
v -0.019065 -0.009498 -0.009457
v -0.020432 -0.009536 -0.010857
v -0.021799 -0.009539 -0.012257
v -0.023164 -0.009453 -0.013654
v -0.024527 -0.009463 -0.015055
v -0.025887 -0.009474 -0.016455
v -0.027244 -0.009484 -0.017856
v -0.028595 -0.009475 -0.019258
v -0.029936 -0.009474 -0.020669
v -0.029902 -0.009411 -0.022081
v -0.031232 -0.009086 -0.023514
v -0.031238 -0.007807 -0.024106
v -0.032585 -0.007832 -0.024136
v -0.033958 -0.006492 -0.024475
v -0.035359 -0.005162 -0.024823
v -0.036807 -0.003839 -0.025048
v -0.038237 -0.002484 -0.024840
v -0.038325 -0.001048 -0.023234
v -0.038360 -0.002459 -0.023201
v -0.039532 -0.003864 -0.022254
v -0.039758 -0.003884 -0.020800
v -0.039685 -0.002486 -0.019372
v -0.039580 -0.001086 -0.017955
v -0.039382 0.000324 -0.016555
v -0.039203 0.001736 -0.015172
v -0.039043 0.003156 -0.013799
v -0.038923 0.004572 -0.012434
v -0.038772 0.005995 -0.011074
v -0.038537 0.007447 -0.011096
v -0.038577 0.007466 -0.009713
v -0.037215 0.007726 -0.008333
v -0.035854 0.007768 -0.006945
v -0.034495 0.007745 -0.005558
v -0.033133 0.007778 -0.004172
v -0.031769 0.007778 -0.002785
v -0.030406 0.007754 -0.001397
v -0.029043 0.007743 -0.000007
v -0.027680 0.007741 0.001384
v -0.026320 0.007699 0.002776
v -0.024959 0.007694 0.004170
v -0.023599 0.007695 0.005566
v -0.022241 0.007691 0.006961
v -0.020884 0.007712 0.008356
v -0.019528 0.007746 0.009752
v -0.018170 0.007788 0.011148
v -0.016814 0.007841 0.012541
v -0.015459 0.007899 0.013931
v -0.014103 0.007968 0.015319
v -0.012748 0.008057 0.016706
v -0.011391 0.008173 0.018093
v -0.010033 0.008307 0.019479
v -0.008672 0.008365 0.020848
v -0.007297 0.008034 0.022158
v -0.005928 0.008073 0.022194
v -0.005886 0.006583 0.022368
v -0.004479 0.005177 0.022437
v -0.003073 0.003794 0.022446
v -0.001667 0.002416 0.022482
v -0.000262 0.001050 0.022484
v 0.001143 -0.000314 0.022515
v 0.002547 -0.001674 0.022555
v 0.003950 -0.003033 0.022516
v 0.005351 -0.004390 0.022499
v 0.006750 -0.005754 0.022538
v 0.008145 -0.007098 0.022352
v 0.009515 -0.007057 0.022436
v 0.008173 -0.008095 0.021384
v 0.006820 -0.008547 0.019991
v 0.005461 -0.008664 0.018566
v 0.004102 -0.008772 0.017145
v 0.002742 -0.008864 0.015727
v 0.001380 -0.008960 0.014314
v 0.000017 -0.009012 0.012907
v 0.000027 -0.009035 0.011518
v -0.001336 -0.009091 0.010115
v -0.002699 -0.009144 0.008712
v -0.004061 -0.009228 0.007310
v -0.005424 -0.009269 0.005909
v -0.006787 -0.009313 0.004508
v -0.008151 -0.009327 0.003107
v -0.009515 -0.009355 0.001705
v -0.010879 -0.009402 0.000307
v -0.012244 -0.009437 -0.001089
v -0.013609 -0.009463 -0.002484
v -0.014975 -0.009479 -0.003879
v -0.016341 -0.009480 -0.005277
v -0.017708 -0.009482 -0.006674
v -0.019076 -0.009500 -0.008072
v -0.020443 -0.009540 -0.009471
v -0.021810 -0.009562 -0.010870
v -0.023177 -0.009491 -0.012268
v -0.024543 -0.009477 -0.013667
v -0.025907 -0.009471 -0.015065
v -0.027266 -0.009493 -0.016466
v -0.028622 -0.009498 -0.017864
v -0.029969 -0.009484 -0.019268
v -0.031304 -0.009489 -0.020674
v -0.031263 -0.009436 -0.022090
v -0.032579 -0.009098 -0.023498
v -0.032585 -0.007832 -0.024136
v -0.033922 -0.007866 -0.024147
v -0.035292 -0.006529 -0.024503
v -0.036718 -0.005219 -0.024809
v -0.038211 -0.003888 -0.024698
v -0.038360 -0.002459 -0.023201
v -0.038376 -0.003844 -0.023125
v -0.039486 -0.005285 -0.022203
v -0.039658 -0.005325 -0.020781
v -0.039808 -0.003898 -0.019377
v -0.039706 -0.002497 -0.017964
v -0.039564 -0.001083 -0.016561
v -0.039368 0.000329 -0.015171
v -0.039190 0.001742 -0.013791
v -0.039005 0.003158 -0.012419
v -0.038856 0.004579 -0.011055
v -0.038774 0.006004 -0.009692
v -0.038577 0.007466 -0.009713
v -0.038593 0.007430 -0.008328
v -0.037230 0.007730 -0.006948
v -0.035875 0.007776 -0.005559
v -0.034514 0.007760 -0.004175
v -0.033149 0.007790 -0.002790
v -0.031784 0.007792 -0.001403
v -0.030420 0.007758 -0.000016
v -0.029057 0.007747 0.001375
v -0.027694 0.007737 0.002766
v -0.026332 0.007697 0.004159
v -0.024971 0.007698 0.005553
v -0.023612 0.007706 0.006949
v -0.022254 0.007712 0.008344
v -0.020898 0.007733 0.009739
v -0.019540 0.007784 0.011134
v -0.018183 0.007817 0.012529
v -0.016828 0.007882 0.013920
v -0.015471 0.007945 0.015308
v -0.014117 0.008029 0.016693
v -0.012760 0.008138 0.018078
v -0.011403 0.008272 0.019464
v -0.010042 0.008340 0.020850
v -0.008666 0.008019 0.022176
v -0.007297 0.008034 0.022158
v -0.007255 0.006547 0.022351
v -0.005850 0.005143 0.022416
v -0.004444 0.003754 0.022430
v -0.003038 0.002377 0.022469
v -0.001633 0.001007 0.022505
v -0.000229 -0.000357 0.022486
v 0.001175 -0.001718 0.022556
v 0.002579 -0.003079 0.022524
v 0.003981 -0.004442 0.022497
v 0.005381 -0.005807 0.022529
v 0.006779 -0.007159 0.022324
v 0.008145 -0.007098 0.022352
v 0.006800 -0.008133 0.021326
v 0.005449 -0.008602 0.019966
v 0.004091 -0.008698 0.018542
v 0.002731 -0.008806 0.017121
v 0.001370 -0.008912 0.015705
v 0.000007 -0.008989 0.014297
v -0.001346 -0.009070 0.011504
v -0.001357 -0.009039 0.012892
v -0.002709 -0.009134 0.010101
v -0.004072 -0.009195 0.008699
v -0.005435 -0.009260 0.007297
v -0.006798 -0.009300 0.005896
v -0.008162 -0.009330 0.004494
v -0.009526 -0.009346 0.003091
v -0.010890 -0.009383 0.001692
v -0.012254 -0.009428 0.000295
v -0.013620 -0.009460 -0.001100
v -0.014986 -0.009489 -0.002495
v -0.016352 -0.009474 -0.003892
v -0.017718 -0.009496 -0.005290
v -0.019085 -0.009504 -0.006688
v -0.020453 -0.009545 -0.008085
v -0.021821 -0.009578 -0.009485
v -0.023189 -0.009536 -0.010882
v -0.024557 -0.009503 -0.012281
v -0.025922 -0.009488 -0.013678
v -0.027286 -0.009509 -0.015076
v -0.028646 -0.009499 -0.016476
v -0.030001 -0.009494 -0.017872
v -0.031344 -0.009503 -0.019273
v -0.032673 -0.009507 -0.020677
v -0.032620 -0.009449 -0.022093
v -0.033918 -0.009124 -0.023497
v -0.033922 -0.007866 -0.024147
v -0.035238 -0.007907 -0.024163
v -0.036611 -0.006568 -0.024483
v -0.038104 -0.005268 -0.024488
v -0.038376 -0.003844 -0.023125
v -0.038427 -0.005231 -0.023103
v -0.039548 -0.006728 -0.022217
v -0.039566 -0.006793 -0.020779
v -0.039702 -0.005344 -0.019375
v -0.039821 -0.003911 -0.017971
v -0.039668 -0.002501 -0.016568
v -0.039520 -0.001080 -0.015172
v -0.039365 0.000337 -0.013787
v -0.039177 0.001751 -0.012408
v -0.039006 0.003170 -0.011038
v -0.038842 0.004583 -0.009673
v -0.038593 0.007430 -0.008328
v -0.038805 0.005997 -0.008310
v -0.038601 0.007430 -0.006946
v -0.037255 0.007746 -0.005562
v -0.035897 0.007777 -0.004177
v -0.034530 0.007777 -0.002794
v -0.033164 0.007803 -0.001408
v -0.031798 0.007813 -0.000022
v -0.030433 0.007764 0.001366
v -0.029069 0.007757 0.002755
v -0.027706 0.007734 0.004148
v -0.026344 0.007700 0.005541
v -0.024983 0.007708 0.006936
v -0.023625 0.007726 0.008331
v -0.022267 0.007731 0.009726
v -0.020910 0.007769 0.011121
v -0.019553 0.007824 0.012515
v -0.018197 0.007855 0.013908
v -0.016840 0.007923 0.015298
v -0.015484 0.008009 0.016683
v -0.014128 0.008105 0.018065
v -0.012772 0.008233 0.019446
v -0.011412 0.008322 0.020837
v -0.010037 0.007965 0.022176
v -0.008666 0.008019 0.022176
v -0.008626 0.006515 0.022339
v -0.007219 0.005107 0.022402
v -0.005815 0.003720 0.022444
v -0.004410 0.002338 0.022445
v -0.003005 0.000965 0.022487
v -0.001600 -0.000402 0.022499
v -0.000196 -0.001762 0.022499
v 0.001208 -0.003124 0.022516
v 0.002610 -0.004487 0.022499
v 0.004011 -0.005858 0.022531
v 0.005412 -0.007228 0.022352
v 0.006779 -0.007159 0.022324
v 0.005430 -0.008176 0.021302
v 0.004078 -0.008627 0.019939
v 0.002721 -0.008731 0.018517
v 0.001360 -0.008838 0.017100
v -0.000003 -0.008955 0.015686
v -0.001367 -0.009018 0.014281
v -0.002731 -0.009072 0.012877
v -0.002720 -0.009110 0.011489
v -0.004083 -0.009171 0.010087
v -0.005446 -0.009233 0.008685
v -0.006810 -0.009277 0.007282
v -0.008173 -0.009326 0.005881
v -0.009537 -0.009334 0.004479
v -0.010901 -0.009363 0.003078
v -0.012265 -0.009417 0.001679
v -0.013630 -0.009451 0.000283
v -0.014996 -0.009478 -0.001112
v -0.016362 -0.009492 -0.002507
v -0.017728 -0.009498 -0.003906
v -0.019095 -0.009511 -0.005304
v -0.020463 -0.009540 -0.006701
v -0.021831 -0.009583 -0.008099
v -0.023200 -0.009564 -0.009497
v -0.024569 -0.009529 -0.010894
v -0.025937 -0.009502 -0.012292
v -0.027303 -0.009512 -0.013689
v -0.028667 -0.009522 -0.015086
v -0.030027 -0.009518 -0.016484
v -0.031380 -0.009504 -0.017881
v -0.032722 -0.009524 -0.019276
v -0.034047 -0.009523 -0.020670
v -0.033976 -0.009474 -0.022082
v -0.035234 -0.009223 -0.023513
v -0.035238 -0.007907 -0.024163
v -0.036520 -0.007927 -0.024196
v -0.037935 -0.006625 -0.024281
v -0.038427 -0.005231 -0.023103
v -0.038453 -0.006601 -0.023090
v -0.039319 -0.008221 -0.022203
v -0.039478 -0.008282 -0.020778
v -0.039631 -0.006823 -0.019370
v -0.039755 -0.005355 -0.017976
v -0.039763 -0.003916 -0.016575
v -0.039635 -0.002494 -0.015176
v -0.039522 -0.001073 -0.013785
v -0.039357 0.000347 -0.012401
v -0.039181 0.001765 -0.011025
v -0.039010 0.003176 -0.009656
v -0.038880 0.004585 -0.008289
v -0.038601 0.007430 -0.006946
v -0.038827 0.005984 -0.006922
v -0.038635 0.007445 -0.005562
v -0.037281 0.007774 -0.004179
v -0.035915 0.007793 -0.002795
v -0.034545 0.007798 -0.001412
v -0.033177 0.007821 -0.000026
v -0.031810 0.007817 0.001360
v -0.030445 0.007773 0.002747
v -0.029080 0.007758 0.004138
v -0.027717 0.007734 0.005530
v -0.026355 0.007715 0.006924
v -0.024995 0.007737 0.008319
v -0.023637 0.007747 0.009713
v -0.022279 0.007754 0.011109
v -0.020921 0.007812 0.012504
v -0.019566 0.007844 0.013896
v -0.018208 0.007900 0.015287
v -0.016852 0.007980 0.016674
v -0.015496 0.008074 0.018056
v -0.014138 0.008186 0.019430
v -0.012778 0.008277 0.020809
v -0.011408 0.007932 0.022159
v -0.010037 0.007965 0.022176
v -0.009993 0.006488 0.022348
v -0.008587 0.005075 0.022380
v -0.007185 0.003680 0.022436
v -0.005781 0.002303 0.022467
v -0.004376 0.000923 0.022472
v -0.002972 -0.000446 0.022475
v -0.001568 -0.001808 0.022513
v -0.000164 -0.003169 0.022497
v 0.001239 -0.004531 0.022496
v 0.002641 -0.005901 0.022538
v 0.004041 -0.007274 0.022354
v 0.005412 -0.007228 0.022352
v 0.004060 -0.008208 0.021276
v 0.002710 -0.008654 0.019915
v 0.001350 -0.008764 0.018496
v -0.000012 -0.008881 0.017079
v -0.001376 -0.008976 0.015671
v -0.002741 -0.009047 0.014267
v -0.004105 -0.009119 0.012863
v -0.004094 -0.009142 0.011474
v -0.005457 -0.009204 0.010073
v -0.006821 -0.009250 0.008670
v -0.008184 -0.009313 0.007269
v -0.009548 -0.009327 0.005866
v -0.010912 -0.009351 0.004464
v -0.012276 -0.009396 0.003065
v -0.013640 -0.009443 0.001668
v -0.015006 -0.009470 0.000272
v -0.016372 -0.009488 -0.001123
v -0.017738 -0.009507 -0.002520
v -0.019104 -0.009519 -0.003919
v -0.020472 -0.009540 -0.005318
v -0.021841 -0.009570 -0.006714
v -0.023210 -0.009588 -0.008113
v -0.024579 -0.009545 -0.009509
v -0.025949 -0.009522 -0.010907
v -0.027317 -0.009530 -0.012304
v -0.028684 -0.009533 -0.013700
v -0.030048 -0.009533 -0.015097
v -0.031409 -0.009506 -0.016494
v -0.032763 -0.009540 -0.017888
v -0.034110 -0.009549 -0.019274
v -0.035439 -0.009549 -0.020652
v -0.035337 -0.009502 -0.022060
v -0.036531 -0.009208 -0.023450
v -0.036520 -0.007927 -0.024196
v -0.037754 -0.007945 -0.024050
v -0.038453 -0.006601 -0.023090
v -0.038330 -0.007938 -0.023070
v -0.038103 -0.009093 -0.021977
v -0.038246 -0.009060 -0.020667
v -0.039478 -0.008282 -0.020778
v -0.039319 -0.008221 -0.022203
v -0.039580 -0.008409 -0.019361
v -0.039657 -0.006824 -0.017970
v -0.039782 -0.005352 -0.016580
v -0.039701 -0.003906 -0.015179
v -0.039572 -0.002485 -0.013785
v -0.039468 -0.001063 -0.012395
v -0.039353 0.000356 -0.011015
v -0.039148 0.001767 -0.009642
v -0.039002 0.003177 -0.008273
v -0.038931 0.004585 -0.006903
v -0.038635 0.007445 -0.005562
v -0.038842 0.005989 -0.005535
v -0.038671 0.007486 -0.004177
v -0.037299 0.007774 -0.002795
v -0.035928 0.007817 -0.001413
v -0.034558 0.007813 -0.000030
v -0.033189 0.007830 0.001356
v -0.031821 0.007826 0.002741
v -0.030455 0.007775 0.004130
v -0.029091 0.007759 0.005520
v -0.027728 0.007734 0.006912
v -0.026365 0.007726 0.008307
v -0.025005 0.007750 0.009702
v -0.023647 0.007753 0.011097
v -0.022290 0.007789 0.012492
v -0.020933 0.007827 0.013885
v -0.019577 0.007874 0.015276
v -0.018220 0.007951 0.016665
v -0.016864 0.008057 0.018047
v -0.015506 0.008149 0.019421
v -0.014145 0.008228 0.020788
v -0.012775 0.007894 0.022149
v -0.011408 0.007932 0.022159
v -0.011362 0.006458 0.022361
v -0.009955 0.005049 0.022379
v -0.008553 0.003642 0.022410
v -0.007153 0.002264 0.022450
v -0.005747 0.000886 0.022452
v -0.004342 -0.000488 0.022470
v -0.002939 -0.001851 0.022496
v -0.001536 -0.003212 0.022506
v -0.000132 -0.004575 0.022490
v 0.001269 -0.005938 0.022512
v 0.002669 -0.007308 0.022341
v 0.004041 -0.007274 0.022354
v 0.002691 -0.008246 0.021255
v 0.001342 -0.008694 0.019894
v -0.000022 -0.008805 0.018474
v -0.001386 -0.008917 0.017063
v -0.002751 -0.008996 0.015659
v -0.004115 -0.009075 0.014252
v -0.005478 -0.009160 0.012850
v -0.005468 -0.009177 0.011461
v -0.006832 -0.009227 0.010058
v -0.008195 -0.009293 0.008656
v -0.009559 -0.009329 0.007253
v -0.010922 -0.009342 0.005851
v -0.012287 -0.009381 0.004451
v -0.013650 -0.009441 0.003053
v -0.015016 -0.009462 0.001656
v -0.016381 -0.009488 0.000261
v -0.017748 -0.009500 -0.001135
v -0.019114 -0.009529 -0.002533
v -0.020481 -0.009540 -0.003933
v -0.021850 -0.009562 -0.005330
v -0.023219 -0.009596 -0.006727
v -0.024588 -0.009581 -0.008126
v -0.025959 -0.009542 -0.009522
v -0.027329 -0.009552 -0.010919
v -0.028698 -0.009545 -0.012315
v -0.030065 -0.009542 -0.013711
v -0.031431 -0.009543 -0.015108
v -0.032794 -0.009537 -0.016504
v -0.034156 -0.009569 -0.017892
v -0.035516 -0.009574 -0.019273
v -0.036874 -0.009538 -0.020645
v -0.036732 -0.009512 -0.022009
v -0.038330 -0.007938 -0.023070
v -0.038319 -0.009128 -0.019319
v -0.039580 -0.008409 -0.019361
v -0.039571 -0.008367 -0.017947
v -0.039648 -0.006804 -0.016574
v -0.039736 -0.005334 -0.015184
v -0.039645 -0.003895 -0.013785
v -0.039529 -0.002473 -0.012393
v -0.039423 -0.001054 -0.011007
v -0.039327 0.000363 -0.009630
v -0.039174 0.001775 -0.008259
v -0.039028 0.003179 -0.006888
v -0.038908 0.004582 -0.005517
v -0.038887 0.005997 -0.004150
v -0.038671 0.007486 -0.004177
v -0.038687 0.007471 -0.002786
v -0.037311 0.007785 -0.001411
v -0.035939 0.007823 -0.000030
v -0.034569 0.007822 0.001353
v -0.033199 0.007836 0.002738
v -0.031831 0.007833 0.004123
v -0.030465 0.007785 0.005513
v -0.029100 0.007751 0.006902
v -0.027737 0.007742 0.008295
v -0.026375 0.007729 0.009689
v -0.025016 0.007751 0.011085
v -0.023658 0.007763 0.012480
v -0.022301 0.007809 0.013873
v -0.020945 0.007853 0.015265
v -0.019588 0.007929 0.016655
v -0.018232 0.008024 0.018040
v -0.016874 0.008121 0.019415
v -0.015513 0.008190 0.020780
v -0.014139 0.007862 0.022109
v -0.012775 0.007894 0.022149
v -0.012730 0.006424 0.022353
v -0.011322 0.005016 0.022409
v -0.009920 0.003610 0.022381
v -0.008523 0.002223 0.022432
v -0.007120 0.000851 0.022447
v -0.005712 -0.000530 0.022467
v -0.004309 -0.001896 0.022481
v -0.002907 -0.003257 0.022489
v -0.001505 -0.004619 0.022495
v -0.000102 -0.005980 0.022478
v 0.001297 -0.007350 0.022328
v 0.002669 -0.007308 0.022341
v 0.001323 -0.008271 0.021222
v -0.000029 -0.008739 0.019872
v -0.001395 -0.008838 0.018457
v -0.002760 -0.008934 0.017050
v -0.004125 -0.009019 0.015646
v -0.005489 -0.009111 0.014242
v -0.006852 -0.009184 0.012835
v -0.006842 -0.009200 0.011446
v -0.008206 -0.009262 0.010043
v -0.009569 -0.009326 0.008642
v -0.010933 -0.009333 0.007240
v -0.012297 -0.009371 0.005837
v -0.013661 -0.009423 0.004438
v -0.015026 -0.009457 0.003042
v -0.016391 -0.009483 0.001645
v -0.017757 -0.009500 0.000249
v -0.019123 -0.009532 -0.001149
v -0.020490 -0.009553 -0.002547
v -0.021858 -0.009558 -0.003946
v -0.023227 -0.009587 -0.005342
v -0.024597 -0.009604 -0.006740
v -0.025967 -0.009552 -0.008137
v -0.027338 -0.009573 -0.009534
v -0.028709 -0.009566 -0.010931
v -0.030079 -0.009547 -0.012327
v -0.031448 -0.009559 -0.013722
v -0.032816 -0.009559 -0.015118
v -0.034185 -0.009585 -0.016513
v -0.035560 -0.009586 -0.017904
v -0.036956 -0.009566 -0.019285
v -0.038335 -0.009127 -0.017934
v -0.039571 -0.008367 -0.017947
v -0.039511 -0.008328 -0.016536
v -0.039636 -0.006767 -0.015177
v -0.039697 -0.005314 -0.013786
v -0.039610 -0.003881 -0.012388
v -0.039481 -0.002460 -0.011002
v -0.039386 -0.001046 -0.009622
v -0.039283 0.000367 -0.008247
v -0.039166 0.001776 -0.006874
v -0.039021 0.003181 -0.005503
v -0.038940 0.004585 -0.004133
v -0.038942 0.005998 -0.002763
v -0.038687 0.007471 -0.002786
v -0.038698 0.007486 -0.001400
v -0.037319 0.007794 -0.000028
v -0.035950 0.007822 0.001354
v -0.034579 0.007833 0.002736
v -0.033209 0.007843 0.004119
v -0.031840 0.007835 0.005506
v -0.030473 0.007762 0.006895
v -0.029109 0.007752 0.008285
v -0.027745 0.007742 0.009678
v -0.026384 0.007743 0.011073
v -0.025025 0.007749 0.012467
v -0.023669 0.007781 0.013861
v -0.022314 0.007837 0.015253
v -0.020956 0.007887 0.016645
v -0.019600 0.008001 0.018030
v -0.018241 0.008085 0.019409
v -0.016880 0.008146 0.020773
v -0.015504 0.007830 0.022115
v -0.014139 0.007862 0.022109
v -0.014095 0.006384 0.022326
v -0.012690 0.004981 0.022436
v -0.011288 0.003581 0.022387
v -0.009888 0.002186 0.022401
v -0.008498 0.000810 0.022450
v -0.007078 -0.000574 0.022457
v -0.005678 -0.001945 0.022469
v -0.004277 -0.003301 0.022473
v -0.002877 -0.004663 0.022495
v -0.001472 -0.006024 0.022479
v -0.000072 -0.007372 0.022273
v 0.001297 -0.007350 0.022328
v -0.000045 -0.008297 0.021194
v -0.001402 -0.008784 0.019859
v -0.002768 -0.008858 0.018443
v -0.004134 -0.008966 0.017038
v -0.005498 -0.009071 0.015633
v -0.006862 -0.009145 0.014227
v -0.008226 -0.009223 0.012820
v -0.008216 -0.009245 0.011432
v -0.009580 -0.009313 0.010029
v -0.010944 -0.009327 0.008628
v -0.012308 -0.009368 0.007226
v -0.013672 -0.009404 0.005824
v -0.015036 -0.009451 0.004427
v -0.016401 -0.009476 0.003031
v -0.017767 -0.009506 0.001634
v -0.019133 -0.009513 0.000237
v -0.020499 -0.009555 -0.001161
v -0.021867 -0.009557 -0.002560
v -0.023235 -0.009588 -0.003958
v -0.024605 -0.009607 -0.005353
v -0.025975 -0.009570 -0.006752
v -0.027347 -0.009585 -0.008148
v -0.028718 -0.009583 -0.009546
v -0.030090 -0.009575 -0.010943
v -0.031462 -0.009558 -0.012338
v -0.032833 -0.009579 -0.013732
v -0.034206 -0.009595 -0.015127
v -0.035589 -0.009594 -0.016522
v -0.036988 -0.009541 -0.017914
v -0.038324 -0.009106 -0.016543
v -0.039511 -0.008328 -0.016536
v -0.039431 -0.008217 -0.015145
v -0.039622 -0.006728 -0.013778
v -0.039645 -0.005296 -0.012386
v -0.039526 -0.003868 -0.010997
v -0.039438 -0.002453 -0.009614
v -0.039357 -0.001038 -0.008238
v -0.039278 0.000374 -0.006864
v -0.039154 0.001781 -0.005491
v -0.038999 0.003182 -0.004119
v -0.038927 0.004590 -0.002749
v -0.038848 0.006007 -0.001381
v -0.038698 0.007486 -0.001400
v -0.038686 0.007452 -0.000014
v -0.037334 0.007796 0.001359
v -0.035960 0.007836 0.002736
v -0.034588 0.007849 0.004117
v -0.033216 0.007840 0.005501
v -0.031846 0.007839 0.006889
v -0.030480 0.007767 0.008276
v -0.029115 0.007749 0.009668
v -0.027754 0.007744 0.011059
v -0.026393 0.007740 0.012455
v -0.025036 0.007763 0.013849
v -0.023680 0.007811 0.015242
v -0.022325 0.007859 0.016634
v -0.020968 0.007959 0.018021
v -0.019610 0.008056 0.019402
v -0.018248 0.008105 0.020765
v -0.016871 0.007814 0.022095
v -0.015504 0.007830 0.022115
v -0.015461 0.006355 0.022369
v -0.014057 0.004942 0.022413
v -0.012655 0.003546 0.022412
v -0.011255 0.002153 0.022395
v -0.009856 0.000757 0.022449
v -0.008432 -0.000630 0.022453
v -0.007046 -0.001994 0.022453
v -0.005647 -0.003349 0.022453
v -0.004247 -0.004713 0.022442
v -0.002845 -0.006073 0.022500
v -0.001439 -0.007422 0.022279
v -0.000072 -0.007372 0.022273
v -0.001413 -0.008345 0.021191
v -0.002775 -0.008788 0.019842
v -0.004142 -0.008882 0.018432
v -0.005507 -0.009008 0.017027
v -0.006872 -0.009094 0.015619
v -0.008236 -0.009183 0.014213
v -0.009600 -0.009259 0.012807
v -0.009590 -0.009286 0.011417
v -0.010955 -0.009321 0.010016
v -0.012319 -0.009348 0.008615
v -0.013683 -0.009389 0.007214
v -0.015047 -0.009427 0.005814
v -0.016412 -0.009476 0.004418
v -0.017777 -0.009498 0.003020
v -0.019142 -0.009527 0.001623
v -0.020508 -0.009538 0.000225
v -0.021875 -0.009569 -0.001174
v -0.023243 -0.009587 -0.002572
v -0.024613 -0.009598 -0.003968
v -0.025983 -0.009600 -0.005365
v -0.027354 -0.009597 -0.006763
v -0.028727 -0.009597 -0.008160
v -0.030098 -0.009580 -0.009558
v -0.031471 -0.009569 -0.010954
v -0.032845 -0.009593 -0.012348
v -0.034221 -0.009594 -0.013742
v -0.035603 -0.009601 -0.015138
v -0.037000 -0.009528 -0.016534
v -0.038300 -0.009071 -0.015153
v -0.039431 -0.008217 -0.015145
v -0.039375 -0.008128 -0.013758
v -0.039623 -0.006709 -0.012379
v -0.039583 -0.005287 -0.010991
v -0.039496 -0.003863 -0.009608
v -0.039464 -0.002443 -0.008230
v -0.039344 -0.001029 -0.006855
v -0.039269 0.000380 -0.005481
v -0.039130 0.001785 -0.004109
v -0.039034 0.003192 -0.002736
v -0.038917 0.004599 -0.001365
v -0.038832 0.006001 0.000005
v -0.038686 0.007452 -0.000014
v -0.038726 0.007475 0.001368
v -0.037346 0.007788 0.002740
v -0.035969 0.007847 0.004119
v -0.034596 0.007839 0.005499
v -0.033222 0.007844 0.006883
v -0.031852 0.007825 0.008270
v -0.030485 0.007773 0.009658
v -0.029122 0.007750 0.011049
v -0.027761 0.007751 0.012442
v -0.026403 0.007750 0.013836
v -0.025046 0.007795 0.015230
v -0.023691 0.007850 0.016622
v -0.022335 0.007929 0.018012
v -0.020979 0.008010 0.019395
v -0.019616 0.008059 0.020761
v -0.018240 0.007787 0.022090
v -0.016871 0.007814 0.022095
v -0.016828 0.006337 0.022410
v -0.015424 0.004912 0.022437
v -0.014023 0.003513 0.022433
v -0.012622 0.002119 0.022427
v -0.011221 0.000726 0.022471
v -0.009814 -0.000671 0.022451
v -0.008413 -0.002043 0.022439
v -0.007016 -0.003399 0.022440
v -0.005617 -0.004766 0.022404
v -0.004218 -0.006125 0.022463
v -0.002806 -0.007460 0.022254
v -0.001439 -0.007422 0.022279
v -0.002781 -0.008383 0.021182
v -0.004148 -0.008788 0.019826
v -0.005515 -0.008920 0.018422
v -0.006881 -0.009033 0.017015
v -0.008246 -0.009124 0.015605
v -0.009610 -0.009208 0.014198
v -0.010965 -0.009307 0.011403
v -0.010974 -0.009288 0.012791
v -0.012330 -0.009320 0.010004
v -0.013694 -0.009373 0.008605
v -0.015058 -0.009403 0.007202
v -0.016422 -0.009452 0.005804
v -0.017787 -0.009497 0.004407
v -0.019151 -0.009533 0.003008
v -0.020518 -0.009535 0.001610
v -0.021884 -0.009550 0.000212
v -0.023252 -0.009574 -0.001186
v -0.024620 -0.009605 -0.002583
v -0.025991 -0.009597 -0.003977
v -0.027362 -0.009613 -0.005376
v -0.028734 -0.009613 -0.006775
v -0.030106 -0.009596 -0.008174
v -0.031479 -0.009581 -0.009570
v -0.032854 -0.009597 -0.010964
v -0.034230 -0.009602 -0.012357
v -0.035610 -0.009600 -0.013751
v -0.037002 -0.009527 -0.015149
v -0.038281 -0.009070 -0.013766
v -0.039375 -0.008128 -0.013758
v -0.039352 -0.008104 -0.012377
v -0.039564 -0.006707 -0.010985
v -0.039532 -0.005280 -0.009602
v -0.039483 -0.003857 -0.008222
v -0.039414 -0.002434 -0.006847
v -0.039360 -0.001020 -0.005472
v -0.039259 0.000386 -0.004099
v -0.039137 0.001796 -0.002727
v -0.039038 0.003198 -0.001353
v -0.038941 0.004601 0.000018
v -0.038726 0.007475 0.001368
v -0.038866 0.005999 0.001388
v -0.038729 0.007438 0.002752
v -0.037352 0.007797 0.004122
v -0.035976 0.007834 0.005501
v -0.034600 0.007826 0.006880
v -0.033226 0.007846 0.008264
v -0.031856 0.007827 0.009650
v -0.030490 0.007773 0.011040
v -0.029128 0.007746 0.012431
v -0.027769 0.007756 0.013824
v -0.026412 0.007778 0.015218
v -0.025056 0.007829 0.016612
v -0.023701 0.007898 0.018002
v -0.022345 0.007973 0.019387
v -0.020985 0.008021 0.020759
v -0.019608 0.007722 0.022080
v -0.018240 0.007787 0.022090
v -0.018196 0.006308 0.022402
v -0.016791 0.004879 0.022448
v -0.015391 0.003478 0.022465
v -0.013991 0.002080 0.022441
v -0.012590 0.000690 0.022483
v -0.011188 -0.000697 0.022480
v -0.009784 -0.002081 0.022449
v -0.008384 -0.003446 0.022434
v -0.006985 -0.004811 0.022400
v -0.005587 -0.006180 0.022431
v -0.004175 -0.007530 0.022236
v -0.002806 -0.007460 0.022254
v -0.004154 -0.008412 0.021163
v -0.005520 -0.008825 0.019817
v -0.006889 -0.008950 0.018413
v -0.008255 -0.009062 0.017003
v -0.009619 -0.009167 0.015591
v -0.010984 -0.009236 0.014182
v -0.012350 -0.009305 0.012780
v -0.012340 -0.009320 0.011392
v -0.013705 -0.009352 0.009993
v -0.015070 -0.009392 0.008593
v -0.016433 -0.009434 0.007192
v -0.017798 -0.009484 0.005795
v -0.019162 -0.009520 0.004396
v -0.020527 -0.009535 0.002997
v -0.021893 -0.009549 0.001599
v -0.023260 -0.009564 0.000200
v -0.024628 -0.009603 -0.001197
v -0.025997 -0.009625 -0.002593
v -0.027368 -0.009624 -0.003988
v -0.028740 -0.009625 -0.005388
v -0.030113 -0.009602 -0.006788
v -0.031486 -0.009595 -0.008185
v -0.032860 -0.009608 -0.009580
v -0.034236 -0.009613 -0.010973
v -0.035614 -0.009595 -0.012366
v -0.037002 -0.009533 -0.013763
v -0.038277 -0.009102 -0.012378
v -0.039352 -0.008104 -0.012377
v -0.039390 -0.008142 -0.010988
v -0.039492 -0.006704 -0.009600
v -0.039506 -0.005274 -0.008216
v -0.039452 -0.003845 -0.006839
v -0.039391 -0.002422 -0.005465
v -0.039329 -0.001011 -0.004091
v -0.039259 0.000397 -0.002718
v -0.039160 0.001805 -0.001345
v -0.039031 0.003199 0.000029
v -0.038923 0.004600 0.001401
v -0.038847 0.005998 0.002771
v -0.038729 0.007438 0.002752
v -0.038729 0.007460 0.004134
v -0.037359 0.007797 0.005506
v -0.035978 0.007815 0.006883
v -0.034600 0.007834 0.008261
v -0.033229 0.007840 0.009643
v -0.031859 0.007823 0.011031
v -0.030496 0.007764 0.012420
v -0.029135 0.007759 0.013812
v -0.027778 0.007759 0.015205
v -0.026422 0.007808 0.016599
v -0.025067 0.007872 0.017990
v -0.023711 0.007948 0.019377
v -0.022351 0.007983 0.020755
v -0.020975 0.007678 0.022074
v -0.019608 0.007722 0.022080
v -0.019564 0.006265 0.022392
v -0.018158 0.004842 0.022479
v -0.016759 0.003441 0.022475
v -0.015359 0.002046 0.022484
v -0.013960 0.000658 0.022510
v -0.012559 -0.000731 0.022510
v -0.011157 -0.002115 0.022477
v -0.009755 -0.003487 0.022463
v -0.008355 -0.004852 0.022404
v -0.006955 -0.006225 0.022441
v -0.005548 -0.007607 0.022279
v -0.004175 -0.007530 0.022236
v -0.005528 -0.008472 0.021168
v -0.006894 -0.008885 0.019815
v -0.008262 -0.008998 0.018403
v -0.009628 -0.009114 0.016989
v -0.010994 -0.009188 0.015577
v -0.012359 -0.009274 0.014170
v -0.013725 -0.009303 0.012769
v -0.013715 -0.009334 0.011382
v -0.015080 -0.009384 0.009982
v -0.016445 -0.009422 0.008582
v -0.017809 -0.009469 0.007183
v -0.019172 -0.009512 0.005784
v -0.020536 -0.009535 0.004383
v -0.021902 -0.009541 0.002986
v -0.023268 -0.009568 0.001587
v -0.024635 -0.009591 0.000189
v -0.026004 -0.009634 -0.001207
v -0.027375 -0.009643 -0.002603
v -0.028746 -0.009619 -0.004001
v -0.030118 -0.009614 -0.005400
v -0.031492 -0.009611 -0.006800
v -0.032865 -0.009619 -0.008195
v -0.034241 -0.009623 -0.009588
v -0.035617 -0.009607 -0.010981
v -0.036999 -0.009548 -0.012375
v -0.038284 -0.009123 -0.010992
v -0.039390 -0.008142 -0.010988
v -0.039327 -0.008138 -0.009598
v -0.039466 -0.006697 -0.008213
v -0.039485 -0.005264 -0.006832
v -0.039400 -0.003831 -0.005458
v -0.039375 -0.002412 -0.004084
v -0.039356 -0.001002 -0.002710
v -0.039253 0.000405 -0.001337
v -0.039158 0.001806 0.000037
v -0.039033 0.003203 0.001411
v -0.038926 0.004603 0.002784
v -0.038853 0.006007 0.004155
v -0.038729 0.007460 0.004134
v -0.038737 0.007508 0.005519
v -0.037357 0.007787 0.006890
v -0.035972 0.007812 0.008263
v -0.034600 0.007834 0.009641
v -0.033230 0.007833 0.011024
v -0.031863 0.007813 0.012411
v -0.030503 0.007771 0.013799
v -0.029142 0.007757 0.015193
v -0.027786 0.007793 0.016586
v -0.026431 0.007843 0.017979
v -0.025077 0.007916 0.019365
v -0.023718 0.007951 0.020742
v -0.022342 0.007637 0.022086
v -0.020975 0.007678 0.022074
v -0.020930 0.006220 0.022385
v -0.019524 0.004806 0.022504
v -0.018127 0.003406 0.022492
v -0.016729 0.002008 0.022487
v -0.015329 0.000623 0.022546
v -0.013930 -0.000764 0.022528
v -0.012530 -0.002148 0.022498
v -0.011128 -0.003523 0.022482
v -0.009727 -0.004891 0.022426
v -0.008327 -0.006256 0.022436
v -0.006927 -0.007653 0.022287
v -0.005548 -0.007607 0.022279
v -0.006903 -0.008541 0.021170
v -0.008270 -0.008904 0.019804
v -0.009637 -0.009042 0.018388
v -0.011004 -0.009135 0.016972
v -0.012369 -0.009234 0.015563
v -0.013735 -0.009289 0.014159
v -0.015101 -0.009327 0.012760
v -0.015091 -0.009352 0.011371
v -0.016456 -0.009412 0.009973
v -0.017820 -0.009459 0.008572
v -0.019183 -0.009501 0.007172
v -0.020547 -0.009528 0.005771
v -0.021911 -0.009534 0.004372
v -0.023277 -0.009557 0.002975
v -0.024643 -0.009598 0.001576
v -0.026011 -0.009623 0.000179
v -0.027381 -0.009641 -0.001217
v -0.028752 -0.009644 -0.002614
v -0.030124 -0.009637 -0.004012
v -0.031496 -0.009639 -0.005412
v -0.032870 -0.009612 -0.006809
v -0.034243 -0.009635 -0.008202
v -0.035618 -0.009639 -0.009594
v -0.037001 -0.009574 -0.010985
v -0.038271 -0.009132 -0.009605
v -0.039327 -0.008138 -0.009598
v -0.039275 -0.008142 -0.008216
v -0.039470 -0.006692 -0.006829
v -0.039415 -0.005251 -0.005452
v -0.039381 -0.003822 -0.004078
v -0.039389 -0.002404 -0.002703
v -0.039336 -0.000994 -0.001329
v -0.039252 0.000410 0.000044
v -0.039137 0.001809 0.001419
v -0.039037 0.003210 0.002793
v -0.038901 0.004609 0.004166
v -0.038737 0.007508 0.005519
v -0.038840 0.006031 0.005539
v -0.038737 0.007557 0.006909
v -0.037340 0.007765 0.008271
v -0.035968 0.007804 0.009643
v -0.034600 0.007827 0.011020
v -0.033233 0.007819 0.012403
v -0.031870 0.007807 0.013788
v -0.030509 0.007784 0.015180
v -0.029150 0.007786 0.016573
v -0.027796 0.007811 0.017965
v -0.026442 0.007890 0.019353
v -0.025085 0.007906 0.020731
v -0.023709 0.007598 0.022082
v -0.022342 0.007637 0.022086
v -0.022297 0.006187 0.022406
v -0.020890 0.004771 0.022530
v -0.019494 0.003367 0.022538
v -0.018097 0.001972 0.022506
v -0.016700 0.000586 0.022555
v -0.015301 -0.000799 0.022558
v -0.013902 -0.002181 0.022537
v -0.012502 -0.003555 0.022480
v -0.011100 -0.004924 0.022452
v -0.009700 -0.006292 0.022439
v -0.008304 -0.007652 0.022218
v -0.006927 -0.007653 0.022287
v -0.008282 -0.008574 0.021166
v -0.009646 -0.008938 0.019788
v -0.011013 -0.009066 0.018371
v -0.012379 -0.009172 0.016957
v -0.013745 -0.009243 0.015551
v -0.015111 -0.009295 0.014150
v -0.016477 -0.009366 0.012751
v -0.016467 -0.009379 0.011361
v -0.017832 -0.009438 0.009964
v -0.019195 -0.009481 0.008564
v -0.020558 -0.009517 0.007161
v -0.021922 -0.009547 0.005761
v -0.023287 -0.009553 0.004363
v -0.024652 -0.009586 0.002964
v -0.026019 -0.009622 0.001566
v -0.027388 -0.009634 0.000170
v -0.028758 -0.009638 -0.001228
v -0.030130 -0.009645 -0.002625
v -0.031502 -0.009650 -0.004022
v -0.032875 -0.009624 -0.005419
v -0.034246 -0.009632 -0.006815
v -0.035617 -0.009638 -0.008208
v -0.036988 -0.009563 -0.009598
v -0.038255 -0.009118 -0.008217
v -0.039275 -0.008142 -0.008216
v -0.039305 -0.008170 -0.006830
v -0.039408 -0.006679 -0.005448
v -0.039396 -0.005239 -0.004072
v -0.039387 -0.003808 -0.002697
v -0.039381 -0.002395 -0.001323
v -0.039292 -0.000990 0.000052
v -0.039247 0.000414 0.001426
v -0.039167 0.001816 0.002801
v -0.039020 0.003214 0.004174
v -0.038863 0.004618 0.005547
v -0.038737 0.007557 0.006909
v -0.038865 0.006047 0.006920
v -0.038681 0.007507 0.008296
v -0.037331 0.007757 0.009652
v -0.035968 0.007810 0.011023
v -0.034602 0.007810 0.012398
v -0.033237 0.007801 0.013780
v -0.031875 0.007793 0.015167
v -0.030516 0.007779 0.016560
v -0.029159 0.007789 0.017953
v -0.027806 0.007860 0.019342
v -0.026451 0.007873 0.020726
v -0.025078 0.007554 0.022059
v -0.023709 0.007598 0.022082
v -0.023662 0.006145 0.022417
v -0.022256 0.004739 0.022568
v -0.020860 0.003334 0.022580
v -0.019466 0.001937 0.022552
v -0.018070 0.000552 0.022580
v -0.016673 -0.000835 0.022577
v -0.015274 -0.002216 0.022585
v -0.013876 -0.003588 0.022510
v -0.012473 -0.004959 0.022487
v -0.011072 -0.006324 0.022457
v -0.009679 -0.007703 0.022251
v -0.008304 -0.007652 0.022218
v -0.009662 -0.008578 0.021145
v -0.011022 -0.008970 0.019770
v -0.012389 -0.009084 0.018355
v -0.013755 -0.009185 0.016945
v -0.015121 -0.009250 0.015540
v -0.016487 -0.009336 0.014143
v -0.017854 -0.009397 0.012746
v -0.017843 -0.009416 0.011355
v -0.019208 -0.009457 0.009956
v -0.020571 -0.009493 0.008553
v -0.021934 -0.009545 0.007152
v -0.023297 -0.009561 0.005751
v -0.024662 -0.009575 0.004352
v -0.026028 -0.009619 0.002954
v -0.027395 -0.009627 0.001556
v -0.028765 -0.009636 0.000159
v -0.030136 -0.009645 -0.001237
v -0.031508 -0.009652 -0.002634
v -0.032880 -0.009645 -0.004031
v -0.034251 -0.009643 -0.005426
v -0.035618 -0.009648 -0.006821
v -0.036979 -0.009568 -0.008211
v -0.038274 -0.009150 -0.006829
v -0.039305 -0.008170 -0.006830
v -0.039282 -0.008143 -0.005439
v -0.039393 -0.006665 -0.004066
v -0.039404 -0.005223 -0.002691
v -0.039379 -0.003799 -0.001316
v -0.039359 -0.002389 0.000059
v -0.039305 -0.000983 0.001433
v -0.039246 0.000420 0.002809
v -0.039123 0.001818 0.004182
v -0.039014 0.003218 0.005555
v -0.038864 0.004619 0.006928
v -0.038836 0.006030 0.008300
v -0.038681 0.007507 0.008296
v -0.038670 0.007437 0.009671
v -0.037335 0.007724 0.011031
v -0.035971 0.007785 0.012398
v -0.034605 0.007792 0.013774
v -0.033244 0.007789 0.015157
v -0.031881 0.007776 0.016546
v -0.030522 0.007784 0.017938
v -0.029168 0.007821 0.019329
v -0.027816 0.007824 0.020713
v -0.026442 0.007499 0.022048
v -0.025078 0.007554 0.022059
v -0.025027 0.006105 0.022440
v -0.023622 0.004707 0.022614
v -0.022226 0.003297 0.022613
v -0.020834 0.001906 0.022603
v -0.019439 0.000516 0.022645
v -0.018045 -0.000871 0.022616
v -0.016647 -0.002253 0.022601
v -0.015249 -0.003625 0.022571
v -0.013848 -0.004994 0.022525
v -0.012445 -0.006356 0.022513
v -0.011056 -0.007709 0.022213
v -0.009679 -0.007703 0.022251
v -0.011039 -0.008613 0.021131
v -0.012398 -0.009002 0.019751
v -0.013764 -0.009116 0.018339
v -0.015131 -0.009200 0.016934
v -0.016498 -0.009270 0.015534
v -0.017865 -0.009348 0.014137
v -0.019231 -0.009434 0.012739
v -0.019219 -0.009448 0.011347
v -0.020584 -0.009482 0.009946
v -0.021946 -0.009543 0.008545
v -0.023309 -0.009577 0.007143
v -0.024672 -0.009571 0.005742
v -0.026037 -0.009609 0.004342
v -0.027403 -0.009628 0.002943
v -0.028772 -0.009628 0.001546
v -0.030142 -0.009653 0.000150
v -0.031514 -0.009658 -0.001246
v -0.032886 -0.009657 -0.002643
v -0.034257 -0.009664 -0.004037
v -0.035621 -0.009655 -0.005432
v -0.036978 -0.009557 -0.006824
v -0.038273 -0.009153 -0.005442
v -0.039282 -0.008143 -0.005439
v -0.039239 -0.008118 -0.004052
v -0.039375 -0.006645 -0.002682
v -0.039387 -0.005208 -0.001308
v -0.039365 -0.003793 0.000067
v -0.039331 -0.002385 0.001442
v -0.039301 -0.000979 0.002816
v -0.039227 0.000423 0.004191
v -0.039122 0.001820 0.005565
v -0.038975 0.003215 0.006937
v -0.038820 0.004603 0.008312
v -0.038813 0.005993 0.009684
v -0.038670 0.007437 0.009671
v -0.038696 0.007403 0.011044
v -0.037341 0.007710 0.012404
v -0.035974 0.007764 0.013772
v -0.034611 0.007772 0.015149
v -0.033248 0.007770 0.016533
v -0.031888 0.007789 0.017923
v -0.030529 0.007795 0.019315
v -0.029175 0.007774 0.020697
v -0.027802 0.007462 0.022069
v -0.026442 0.007499 0.022048
v -0.026391 0.006070 0.022441
v -0.024987 0.004677 0.022649
v -0.023592 0.003268 0.022660
v -0.022200 0.001871 0.022661
v -0.020809 0.000486 0.022685
v -0.019416 -0.000905 0.022674
v -0.018020 -0.002287 0.022648
v -0.016622 -0.003663 0.022629
v -0.015223 -0.005031 0.022578
v -0.013820 -0.006391 0.022557
v -0.012429 -0.007725 0.022210
v -0.011056 -0.007709 0.022213
v -0.012414 -0.008629 0.021098
v -0.013774 -0.009021 0.019731
v -0.015141 -0.009138 0.018327
v -0.016508 -0.009209 0.016926
v -0.017876 -0.009281 0.015529
v -0.019243 -0.009361 0.014131
v -0.020607 -0.009461 0.012733
v -0.020596 -0.009475 0.011339
v -0.021959 -0.009514 0.009936
v -0.023321 -0.009564 0.008535
v -0.024684 -0.009576 0.007133
v -0.026046 -0.009604 0.005731
v -0.027412 -0.009627 0.004333
v -0.028779 -0.009638 0.002933
v -0.030149 -0.009647 0.001537
v -0.031520 -0.009666 0.000141
v -0.032892 -0.009651 -0.001254
v -0.034262 -0.009672 -0.002650
v -0.035627 -0.009667 -0.004042
v -0.036980 -0.009572 -0.005438
v -0.038251 -0.009157 -0.004052
v -0.039239 -0.008118 -0.004052
v -0.039226 -0.008092 -0.002670
v -0.039365 -0.006623 -0.001300
v -0.039374 -0.005198 0.000075
v -0.039339 -0.003789 0.001450
v -0.039330 -0.002382 0.002825
v -0.039296 -0.000974 0.004198
v -0.039252 0.000427 0.005573
v -0.039101 0.001817 0.006949
v -0.038955 0.003205 0.008322
v -0.038848 0.004586 0.009698
v -0.038696 0.007403 0.011044
v -0.038841 0.005973 0.011068
v -0.038724 0.007431 0.012419
v -0.037339 0.007709 0.013776
v -0.035978 0.007738 0.015146
v -0.034615 0.007742 0.016522
v -0.033251 0.007769 0.017907
v -0.031890 0.007776 0.019298
v -0.030530 0.007751 0.020686
v -0.029165 0.007404 0.022030
v -0.027802 0.007462 0.022069
v -0.027750 0.006027 0.022446
v -0.026352 0.004648 0.022678
v -0.024957 0.003245 0.022715
v -0.023568 0.001845 0.022708
v -0.022178 0.000451 0.022715
v -0.020787 -0.000937 0.022720
v -0.019393 -0.002321 0.022729
v -0.017997 -0.003701 0.022671
v -0.016598 -0.005071 0.022624
v -0.015196 -0.006431 0.022581
v -0.013804 -0.007754 0.022202
v -0.012429 -0.007725 0.022210
v -0.013788 -0.008656 0.021075
v -0.015151 -0.009056 0.019721
v -0.016518 -0.009140 0.018319
v -0.017886 -0.009228 0.016922
v -0.019254 -0.009293 0.015524
v -0.020620 -0.009406 0.014127
v -0.021985 -0.009475 0.012726
v -0.021972 -0.009483 0.011330
v -0.023334 -0.009532 0.009927
v -0.024695 -0.009570 0.008524
v -0.026058 -0.009593 0.007122
v -0.027422 -0.009621 0.005722
v -0.028787 -0.009635 0.004322
v -0.030155 -0.009641 0.002924
v -0.031526 -0.009678 0.001528
v -0.032898 -0.009652 0.000133
v -0.034269 -0.009669 -0.001262
v -0.035634 -0.009666 -0.002655
v -0.036979 -0.009575 -0.004049
v -0.038267 -0.009166 -0.002666
v -0.039226 -0.008092 -0.002670
v -0.039181 -0.008050 -0.001288
v -0.039342 -0.006607 0.000084
v -0.039391 -0.005195 0.001460
v -0.039374 -0.003786 0.002833
v -0.039325 -0.002375 0.004206
v -0.039284 -0.000972 0.005581
v -0.039190 0.000423 0.006957
v -0.039095 0.001812 0.008335
v -0.038964 0.003193 0.009710
v -0.038829 0.004573 0.011082
v -0.038874 0.005968 0.012452
v -0.038724 0.007431 0.012419
v -0.038708 0.007452 0.013794
v -0.037346 0.007688 0.015151
v -0.035984 0.007716 0.016515
v -0.034617 0.007735 0.017893
v -0.033251 0.007764 0.019280
v -0.031890 0.007725 0.020665
v -0.030523 0.007381 0.022027
v -0.029165 0.007404 0.022030
v -0.029111 0.005999 0.022456
v -0.027713 0.004613 0.022686
v -0.026321 0.003220 0.022741
v -0.024933 0.001816 0.022755
v -0.023546 0.000422 0.022757
v -0.022159 -0.000967 0.022762
v -0.020768 -0.002351 0.022747
v -0.019373 -0.003737 0.022707
v -0.017974 -0.005114 0.022660
v -0.016573 -0.006481 0.022625
v -0.015177 -0.007784 0.022201
v -0.013804 -0.007754 0.022202
v -0.015163 -0.008686 0.021072
v -0.016528 -0.009065 0.019714
v -0.017896 -0.009160 0.018315
v -0.019264 -0.009244 0.016916
v -0.020632 -0.009332 0.015519
v -0.021999 -0.009423 0.014124
v -0.023361 -0.009495 0.012717
v -0.023348 -0.009507 0.011322
v -0.024708 -0.009559 0.009917
v -0.026069 -0.009567 0.008513
v -0.027432 -0.009598 0.007112
v -0.028796 -0.009624 0.005712
v -0.030163 -0.009634 0.004314
v -0.031532 -0.009658 0.002915
v -0.032903 -0.009655 0.001520
v -0.034274 -0.009677 0.000125
v -0.035640 -0.009666 -0.001269
v -0.036993 -0.009594 -0.002661
v -0.038269 -0.009148 -0.001282
v -0.039181 -0.008050 -0.001288
v -0.039141 -0.008021 0.000093
v -0.039328 -0.006608 0.001468
v -0.039372 -0.005192 0.002841
v -0.039345 -0.003782 0.004215
v -0.039329 -0.002372 0.005589
v -0.039249 -0.000972 0.006965
v -0.039174 0.000419 0.008343
v -0.039071 0.001803 0.009722
v -0.038965 0.003184 0.011097
v -0.038839 0.004569 0.012463
v -0.038708 0.007452 0.013794
v -0.038733 0.005974 0.013819
v -0.038694 0.007438 0.015163
v -0.037359 0.007664 0.016518
v -0.035985 0.007711 0.017882
v -0.034612 0.007728 0.019261
v -0.033249 0.007702 0.020643
v -0.031876 0.007340 0.021986
v -0.030523 0.007381 0.022027
v -0.030472 0.005969 0.022435
v -0.029075 0.004587 0.022704
v -0.027685 0.003191 0.022772
v -0.026298 0.001791 0.022781
v -0.024913 0.000396 0.022817
v -0.023529 -0.000994 0.022811
v -0.022142 -0.002384 0.022760
v -0.020749 -0.003767 0.022754
v -0.019351 -0.005151 0.022691
v -0.017950 -0.006529 0.022657
v -0.016554 -0.007825 0.022200
v -0.015177 -0.007784 0.022201
v -0.016541 -0.008691 0.021068
v -0.017905 -0.009086 0.019712
v -0.019273 -0.009183 0.018311
v -0.020641 -0.009277 0.016910
v -0.022009 -0.009356 0.015515
v -0.023376 -0.009440 0.014116
v -0.024736 -0.009528 0.012709
v -0.024722 -0.009535 0.011312
v -0.026083 -0.009551 0.009907
v -0.027443 -0.009562 0.008503
v -0.028805 -0.009597 0.007102
v -0.030170 -0.009625 0.005703
v -0.031537 -0.009652 0.004304
v -0.032908 -0.009660 0.002907
v -0.034279 -0.009655 0.001511
v -0.035647 -0.009663 0.000118
v -0.037005 -0.009601 -0.001274
v -0.038289 -0.009167 0.000101
v -0.039141 -0.008021 0.000093
v -0.039192 -0.008049 0.001472
v -0.039353 -0.006608 0.002849
v -0.039364 -0.005189 0.004223
v -0.039342 -0.003776 0.005597
v -0.039261 -0.002371 0.006971
v -0.039230 -0.000974 0.008349
v -0.039147 0.000415 0.009730
v -0.039052 0.001795 0.011111
v -0.038921 0.003172 0.012483
v -0.038807 0.004560 0.013846
v -0.038683 0.005958 0.015190
v -0.038694 0.007438 0.015163
v -0.038748 0.007407 0.016531
v -0.037358 0.007642 0.017877
v -0.035975 0.007689 0.019245
v -0.034607 0.007660 0.020626
v -0.033232 0.007334 0.021979
v -0.031876 0.007340 0.021986
v -0.031830 0.005944 0.022420
v -0.030436 0.004563 0.022688
v -0.029048 0.003169 0.022804
v -0.027663 0.001772 0.022830
v -0.026279 0.000374 0.022869
v -0.024898 -0.001022 0.022855
v -0.023515 -0.002412 0.022819
v -0.022125 -0.003800 0.022809
v -0.020730 -0.005184 0.022730
v -0.019329 -0.006567 0.022670
v -0.017933 -0.007878 0.022193
v -0.016554 -0.007825 0.022200
v -0.017917 -0.008716 0.021060
v -0.019281 -0.009105 0.019706
v -0.020649 -0.009209 0.018303
v -0.022019 -0.009303 0.016906
v -0.023387 -0.009384 0.015509
v -0.024751 -0.009476 0.014108
v -0.026108 -0.009548 0.012695
v -0.026095 -0.009549 0.011301
v -0.027455 -0.009558 0.009897
v -0.028816 -0.009582 0.008493
v -0.030178 -0.009614 0.007093
v -0.031544 -0.009641 0.005695
v -0.032912 -0.009658 0.004294
v -0.034283 -0.009659 0.002898
v -0.035653 -0.009663 0.001503
v -0.037011 -0.009596 0.000111
v -0.038282 -0.009143 0.001482
v -0.039192 -0.008049 0.001472
v -0.039172 -0.008046 0.002857
v -0.039323 -0.006603 0.004232
v -0.039349 -0.005185 0.005605
v -0.039303 -0.003773 0.006978
v -0.039243 -0.002371 0.008354
v -0.039221 -0.000977 0.009736
v -0.039137 0.000408 0.011122
v -0.039051 0.001786 0.012503
v -0.038929 0.003161 0.013876
v -0.038794 0.004539 0.015233
v -0.038748 0.007407 0.016531
v -0.038709 0.005928 0.016565
v -0.038735 0.007396 0.017895
v -0.037345 0.007610 0.019233
v -0.035951 0.007617 0.020606
v -0.034581 0.007288 0.021942
v -0.033232 0.007334 0.021979
v -0.033184 0.005922 0.022391
v -0.031795 0.004540 0.022689
v -0.030410 0.003146 0.022814
v -0.029027 0.001749 0.022856
v -0.027647 0.000356 0.022906
v -0.026267 -0.001043 0.022882
v -0.024887 -0.002435 0.022847
v -0.023501 -0.003827 0.022834
v -0.022110 -0.005217 0.022735
v -0.020709 -0.006598 0.022680
v -0.019311 -0.007901 0.022169
v -0.017933 -0.007878 0.022193
v -0.019295 -0.008737 0.021045
v -0.020659 -0.009120 0.019694
v -0.022028 -0.009228 0.018297
v -0.023396 -0.009330 0.016901
v -0.024763 -0.009429 0.015504
v -0.026123 -0.009509 0.014095
v -0.027482 -0.009553 0.012686
v -0.027468 -0.009549 0.011290
v -0.028827 -0.009569 0.009885
v -0.030187 -0.009603 0.008484
v -0.031550 -0.009639 0.007084
v -0.032916 -0.009669 0.005683
v -0.034286 -0.009660 0.004286
v -0.035656 -0.009657 0.002889
v -0.037019 -0.009591 0.001494
v -0.038293 -0.009151 0.002860
v -0.039172 -0.008046 0.002857
v -0.039120 -0.008018 0.004240
v -0.039348 -0.006600 0.005615
v -0.039327 -0.005183 0.006987
v -0.039245 -0.003772 0.008360
v -0.039258 -0.002372 0.009740
v -0.039223 -0.000979 0.011127
v -0.039169 0.000403 0.012516
v -0.039073 0.001778 0.013898
v -0.038947 0.003146 0.015270
v -0.038820 0.004515 0.016617
v -0.038679 0.005901 0.017931
v -0.038735 0.007396 0.017895
v -0.038723 0.007365 0.019235
v -0.037296 0.007553 0.020570
v -0.035924 0.007259 0.021969
v -0.034581 0.007288 0.021942
v -0.034536 0.005910 0.022387
v -0.033153 0.004521 0.022656
v -0.031771 0.003129 0.022823
v -0.030390 0.001732 0.022900
v -0.029012 0.000336 0.022910
v -0.027636 -0.001058 0.022915
v -0.026258 -0.002454 0.022887
v -0.024877 -0.003848 0.022844
v -0.023489 -0.005240 0.022726
v -0.022092 -0.006624 0.022649
v -0.020687 -0.007917 0.022156
v -0.019311 -0.007901 0.022169
v -0.020671 -0.008730 0.021021
v -0.022036 -0.009133 0.019688
v -0.023406 -0.009260 0.018295
v -0.024775 -0.009359 0.016900
v -0.026138 -0.009455 0.015495
v -0.027496 -0.009527 0.014085
v -0.028854 -0.009564 0.012677
v -0.028840 -0.009559 0.011279
v -0.030198 -0.009590 0.009875
v -0.031558 -0.009634 0.008474
v -0.032921 -0.009676 0.007072
v -0.034288 -0.009672 0.005672
v -0.035656 -0.009653 0.004275
v -0.037024 -0.009584 0.002878
v -0.038301 -0.009166 0.004242
v -0.039120 -0.008018 0.004240
v -0.039084 -0.007995 0.005624
v -0.039312 -0.006593 0.006996
v -0.039313 -0.005177 0.008368
v -0.039267 -0.003770 0.009743
v -0.039269 -0.002373 0.011128
v -0.039220 -0.000982 0.012519
v -0.039154 0.000397 0.013910
v -0.039052 0.001763 0.015296
v -0.038940 0.003121 0.016670
v -0.038814 0.004483 0.018003
v -0.038763 0.005864 0.019284
v -0.038723 0.007365 0.019235
v -0.038687 0.007296 0.020533
v -0.037245 0.007207 0.021910
v -0.035924 0.007259 0.021969
v -0.035880 0.005900 0.022368
v -0.034511 0.004509 0.022632
v -0.033133 0.003115 0.022822
v -0.031755 0.001720 0.022904
v -0.030377 0.000321 0.022954
v -0.029002 -0.001077 0.022926
v -0.027628 -0.002475 0.022898
v -0.026250 -0.003866 0.022809
v -0.024866 -0.005260 0.022709
v -0.023471 -0.006655 0.022657
v -0.022061 -0.007960 0.022186
v -0.020687 -0.007917 0.022156
v -0.022045 -0.008775 0.021032
v -0.023413 -0.009166 0.019692
v -0.024784 -0.009290 0.018296
v -0.026151 -0.009386 0.016893
v -0.027511 -0.009476 0.015484
v -0.028870 -0.009536 0.014076
v -0.030225 -0.009585 0.012670
v -0.030211 -0.009575 0.011271
v -0.031567 -0.009622 0.009866
v -0.032926 -0.009677 0.008462
v -0.034290 -0.009671 0.007060
v -0.035656 -0.009653 0.005660
v -0.037016 -0.009566 0.004261
v -0.038316 -0.009186 0.005626
v -0.039084 -0.007995 0.005624
v -0.039046 -0.007975 0.007004
v -0.039276 -0.006586 0.008375
v -0.039285 -0.005175 0.009747
v -0.039319 -0.003771 0.011127
v -0.039260 -0.002373 0.012518
v -0.039248 -0.000986 0.013914
v -0.039146 0.000385 0.015310
v -0.039036 0.001741 0.016705
v -0.038927 0.003090 0.018081
v -0.038775 0.004447 0.019386
v -0.038687 0.007296 0.020533
v -0.038693 0.005816 0.020608
v -0.038409 0.007041 0.021591
v -0.037245 0.007207 0.021910
v -0.037199 0.005891 0.022301
v -0.035862 0.004507 0.022614
v -0.034498 0.003108 0.022807
v -0.033119 0.001709 0.022905
v -0.031743 0.000310 0.022951
v -0.030369 -0.001092 0.022942
v -0.028996 -0.002490 0.022866
v -0.027622 -0.003882 0.022794
v -0.026240 -0.005279 0.022669
v -0.024850 -0.006679 0.022629
v -0.023438 -0.008023 0.022242
v -0.022061 -0.007960 0.022186
v -0.023422 -0.008808 0.021045
v -0.024791 -0.009221 0.019701
v -0.026161 -0.009316 0.018294
v -0.027526 -0.009425 0.016886
v -0.028886 -0.009486 0.015474
v -0.030241 -0.009570 0.014067
v -0.031579 -0.009602 0.011262
v -0.031594 -0.009603 0.012660
v -0.032932 -0.009669 0.009855
v -0.034293 -0.009679 0.008449
v -0.035656 -0.009659 0.007046
v -0.037018 -0.009569 0.005647
v -0.038340 -0.009209 0.007012
v -0.039046 -0.007975 0.007004
v -0.039026 -0.007963 0.008383
v -0.039275 -0.006586 0.009753
v -0.039305 -0.005176 0.011128
v -0.039316 -0.003769 0.012512
v -0.039275 -0.002375 0.013909
v -0.039258 -0.000992 0.015314
v -0.039149 0.000371 0.016721
v -0.039000 0.001718 0.018126
v -0.038816 0.003064 0.019489
v -0.038691 0.004436 0.020766
v -0.038409 0.007041 0.021591
v -0.038415 0.005843 0.021883
v -0.037193 0.004510 0.022509
v -0.035863 0.003110 0.022804
v -0.034487 0.001704 0.022924
v -0.033109 0.000302 0.022940
v -0.031734 -0.001101 0.022899
v -0.030362 -0.002505 0.022859
v -0.028991 -0.003899 0.022767
v -0.027614 -0.005291 0.022655
v -0.026228 -0.006695 0.022602
v -0.024821 -0.008059 0.022246
v -0.023438 -0.008023 0.022242
v -0.024803 -0.008854 0.021064
v -0.026171 -0.009258 0.019701
v -0.027539 -0.009344 0.018287
v -0.028902 -0.009424 0.016874
v -0.030259 -0.009514 0.015466
v -0.031610 -0.009592 0.014057
v -0.032957 -0.009632 0.012646
v -0.032944 -0.009645 0.011251
v -0.034298 -0.009658 0.009841
v -0.035655 -0.009675 0.008435
v -0.037017 -0.009573 0.007031
v -0.038324 -0.009191 0.008396
v -0.039026 -0.007963 0.008383
v -0.039036 -0.007974 0.009762
v -0.039284 -0.006593 0.011131
v -0.039339 -0.005175 0.012507
v -0.039326 -0.003770 0.013900
v -0.039294 -0.002377 0.015306
v -0.039215 -0.001005 0.016723
v -0.039099 0.000351 0.018146
v -0.038913 0.001698 0.019556
v -0.038764 0.003065 0.020922
v -0.038464 0.004514 0.022130
v -0.037219 0.003122 0.022737
v -0.035859 0.001703 0.022927
v -0.034476 0.000298 0.022928
v -0.033098 -0.001107 0.022875
v -0.031725 -0.002518 0.022819
v -0.030357 -0.003915 0.022726
v -0.028986 -0.005305 0.022638
v -0.027605 -0.006706 0.022558
v -0.026205 -0.008093 0.022278
v -0.024821 -0.008059 0.022246
v -0.026185 -0.008887 0.021059
v -0.027550 -0.009282 0.019694
v -0.028916 -0.009367 0.018275
v -0.030277 -0.009450 0.016865
v -0.031630 -0.009529 0.015458
v -0.032975 -0.009603 0.014046
v -0.034314 -0.009639 0.012630
v -0.034305 -0.009642 0.011233
v -0.035657 -0.009670 0.009824
v -0.037012 -0.009587 0.008415
v -0.038307 -0.009205 0.009781
v -0.039036 -0.007974 0.009762
v -0.039046 -0.007988 0.011141
v -0.039306 -0.006595 0.012508
v -0.039358 -0.005175 0.013888
v -0.039341 -0.003766 0.015291
v -0.039265 -0.002382 0.016711
v -0.039148 -0.001023 0.018144
v -0.038995 0.000329 0.019580
v -0.038807 0.001688 0.021016
v -0.038542 0.003143 0.022375
v -0.037235 0.001711 0.022860
v -0.035848 0.000299 0.022935
v -0.034464 -0.001108 0.022859
v -0.033089 -0.002519 0.022763
v -0.031723 -0.003925 0.022678
v -0.030356 -0.005320 0.022593
v -0.028981 -0.006716 0.022541
v -0.027589 -0.008109 0.022248
v -0.026205 -0.008093 0.022278
v -0.027565 -0.008909 0.021048
v -0.028929 -0.009297 0.019676
v -0.030295 -0.009392 0.018266
v -0.031652 -0.009481 0.016860
v -0.032996 -0.009567 0.015448
v -0.034331 -0.009622 0.014030
v -0.035663 -0.009642 0.012608
v -0.035659 -0.009647 0.011215
v -0.037011 -0.009603 0.009804
v -0.038313 -0.009228 0.011166
v -0.039046 -0.007988 0.011141
v -0.039100 -0.008011 0.012519
v -0.039343 -0.006589 0.013883
v -0.039349 -0.005166 0.015273
v -0.039330 -0.003762 0.016690
v -0.039219 -0.002393 0.018129
v -0.039068 -0.001046 0.019580
v -0.038856 0.000309 0.021053
v -0.038566 0.001730 0.022558
v -0.037223 0.000297 0.022909
v -0.035827 -0.001110 0.022844
v -0.034451 -0.002522 0.022756
v -0.033086 -0.003937 0.022645
v -0.031727 -0.005333 0.022577
v -0.030355 -0.006729 0.022510
v -0.028971 -0.008117 0.022226
v -0.027589 -0.008109 0.022248
v -0.028946 -0.008924 0.021033
v -0.030309 -0.009313 0.019666
v -0.031673 -0.009421 0.018260
v -0.033020 -0.009518 0.016848
v -0.034352 -0.009591 0.015427
v -0.035675 -0.009627 0.014003
v -0.037008 -0.009582 0.012583
v -0.037008 -0.009587 0.011194
v -0.038302 -0.009221 0.012552
v -0.039100 -0.008011 0.012519
v -0.039120 -0.008007 0.013898
v -0.039370 -0.006585 0.015261
v -0.039354 -0.005155 0.016662
v -0.039266 -0.003770 0.018095
v -0.039123 -0.002420 0.019549
v -0.038836 -0.001084 0.021023
v -0.038559 0.000284 0.022586
v -0.037187 -0.001127 0.022849
v -0.035802 -0.002527 0.022745
v -0.034443 -0.003946 0.022674
v -0.033094 -0.005353 0.022555
v -0.031731 -0.006750 0.022489
v -0.030351 -0.008113 0.022172
v -0.028971 -0.008117 0.022226
v -0.030326 -0.008958 0.021019
v -0.031691 -0.009348 0.019660
v -0.033048 -0.009451 0.018250
v -0.034381 -0.009548 0.016830
v -0.035694 -0.009605 0.015402
v -0.037007 -0.009544 0.013973
v -0.038295 -0.009202 0.013937
v -0.039120 -0.008007 0.013898
v -0.039104 -0.007977 0.015272
v -0.039347 -0.006569 0.016638
v -0.039290 -0.005153 0.018047
v -0.039193 -0.003793 0.019503
v -0.038901 -0.002471 0.020962
v -0.038491 -0.001138 0.022491
v -0.037150 -0.002539 0.022721
v -0.035788 -0.003956 0.022668
v -0.034453 -0.005372 0.022549
v -0.033105 -0.006783 0.022489
v -0.031728 -0.008118 0.022124
v -0.030351 -0.008113 0.022172
v -0.031709 -0.008996 0.021007
v -0.033073 -0.009378 0.019650
v -0.034417 -0.009489 0.018233
v -0.035726 -0.009575 0.016803
v -0.037020 -0.009520 0.015365
v -0.038303 -0.009160 0.015320
v -0.039104 -0.007977 0.015272
v -0.039198 -0.007999 0.016635
v -0.039348 -0.006560 0.018007
v -0.039217 -0.005172 0.019438
v -0.038923 -0.003853 0.020885
v -0.038464 -0.002552 0.022370
v -0.037124 -0.003961 0.022624
v -0.035797 -0.005394 0.022550
v -0.034476 -0.006810 0.022473
v -0.033106 -0.008171 0.022134
v -0.031728 -0.008118 0.022124
v -0.033093 -0.009019 0.020994
v -0.034452 -0.009392 0.019634
v -0.035773 -0.009533 0.018210
v -0.037046 -0.009495 0.016762
v -0.038305 -0.009120 0.016705
v -0.039198 -0.007999 0.016635
v -0.039291 -0.008005 0.017987
v -0.039333 -0.006551 0.019373
v -0.038981 -0.005226 0.020817
v -0.038398 -0.003949 0.022232
v -0.037118 -0.005395 0.022503
v -0.035837 -0.006830 0.022447
v -0.034489 -0.008199 0.022115
v -0.033106 -0.008171 0.022134
v -0.034477 -0.009069 0.020998
v -0.035824 -0.009430 0.019615
v -0.037100 -0.009456 0.018163
v -0.038362 -0.009117 0.018088
v -0.039291 -0.008005 0.017987
v -0.039414 -0.008000 0.019302
v -0.039104 -0.006572 0.020746
v -0.038361 -0.005350 0.022091
v -0.037178 -0.006845 0.022383
v -0.035877 -0.008256 0.022120
v -0.034489 -0.008199 0.022115
v -0.035866 -0.009112 0.020984
v -0.037180 -0.009437 0.019575
v -0.038421 -0.009038 0.019450
v -0.039414 -0.008000 0.019302
v -0.039422 -0.007915 0.020660
v -0.038397 -0.006744 0.021934
v -0.037275 -0.008302 0.022111
v -0.035877 -0.008256 0.022120
v -0.037250 -0.009157 0.020974
v -0.038515 -0.008073 0.021661
v -0.037275 -0.008302 0.022111
vn 0.9409 0.3367 -0.0361
vn 0.9010 0.4338 -0.0071
vn 0.8547 -0.5078 0.1073
vn 0.8300 0.2939 -0.4741
vn 0.7705 -0.0773 -0.6327
vn 0.1750 0.7030 -0.6893
vn 0.7739 0.0894 -0.6269
vn 0.8819 0.0863 -0.4635
vn 0.1082 -0.0022 -0.9941
vn 0.9722 -0.2255 -0.0637
vn 0.9892 -0.1377 -0.0494
vn 0.9969 -0.0374 -0.0698
vn 0.9710 -0.0948 0.2197
vn 0.5909 -0.2822 0.7558
vn 0.6340 -0.6227 0.4586
vn -0.4861 0.7157 -0.5015
vn -0.5033 0.3328 -0.7975
vn -0.9040 0.2288 -0.3612
vn -0.5149 -0.3274 -0.7923
vn -0.4182 -0.7218 -0.5515
vn -0.7684 -0.3078 -0.5611
vn -0.9046 -0.2867 0.3154
vn -0.5020 -0.8068 0.3116
vn -0.5807 -0.3985 0.7099
vn 0.1704 0.9692 -0.1777
vn 0.1110 0.9882 -0.1060
vn 0.8300 0.2938 -0.4741
vn 0.1749 0.7030 -0.6893
vn 0.0198 0.9866 -0.1618
vn 0.0001 0.9978 -0.0666
vn 0.8793 0.4763 -0.0012
vn 0.0593 0.9963 -0.0623
vn 0.8793 -0.4738 0.0492
vn 0.9637 -0.2573 0.0712
vn 0.9462 -0.2571 0.1964
vn 0.0304 0.7134 -0.7001
vn 0.0002 0.9889 -0.1483
vn -0.0144 0.9987 -0.0492
vn -0.0227 0.9988 -0.0442
vn 0.0406 0.9985 -0.0364
vn 0.8771 0.4800 -0.0160
vn 0.9020 -0.4316 0.0043
vn 0.9824 -0.1865 0.0128
vn 0.9955 0.0901 0.0282
vn 0.9743 0.0394 0.2217
vn 0.8581 0.0121 -0.5133
vn 0.0335 0.1124 -0.9931
vn 0.0095 0.7265 -0.6871
vn -0.0176 0.9902 -0.1383
vn -0.0202 0.9987 -0.0457
vn -0.0231 0.9992 -0.0326
vn -0.0367 0.9989 -0.0306
vn 0.0304 0.9994 -0.0166
vn 0.8626 0.5055 -0.0217
vn 0.9119 -0.4103 -0.0098
vn 0.9885 -0.1506 -0.0143
vn 0.9920 0.1260 -0.0068
vn 0.9901 0.1401 -0.0096
vn 0.9828 0.0874 0.1629
vn 0.8422 0.0359 -0.5380
vn 0.0357 -0.0041 -0.9994
vn 0.0049 0.1259 -0.9920
vn -0.0037 0.7345 -0.6786
vn -0.0292 0.9904 -0.1354
vn -0.0265 0.9983 -0.0520
vn -0.0189 0.9994 -0.0294
vn -0.0284 0.9993 -0.0246
vn -0.0427 0.9990 -0.0106
vn 0.0256 0.9996 -0.0111
vn 0.8577 0.5139 0.0182
vn 0.8576 0.5139 0.0182
vn 0.9140 -0.4047 0.0291
vn 0.9873 -0.1589 -0.0087
vn 0.9906 0.1357 -0.0171
vn 0.9887 0.1490 -0.0143
vn 0.9901 0.1391 -0.0189
vn 0.9849 0.1264 0.1181
vn 0.0268 -0.0026 -0.9996
vn -0.0029 -0.0137 -0.9999
vn 0.0070 0.1226 -0.9924
vn -0.0063 0.7308 -0.6825
vn -0.0260 0.9905 -0.1349
vn -0.0265 0.9980 -0.0567
vn -0.0217 0.9993 -0.0301
vn -0.0241 0.9995 -0.0184
vn -0.0294 0.9995 -0.0096
vn -0.0434 0.9989 -0.0159
vn 0.0310 0.9994 -0.0165
vn 0.8543 0.5191 0.0271
vn 0.9194 -0.3922 0.0292
vn 0.9868 -0.1593 0.0288
vn 0.9903 0.1387 -0.0028
vn 0.9886 0.1492 -0.0179
vn 0.9894 0.1446 -0.0130
vn 0.9914 0.1279 -0.0287
vn 0.9831 0.1387 0.1194
vn 0.0092 0.0054 -0.9999
vn -0.0103 -0.0102 -0.9999
vn 0.0061 -0.0180 -0.9998
vn 0.0149 0.1198 -0.9927
vn -0.0089 0.7289 -0.6846
vn -0.0219 0.9907 -0.1344
vn -0.0278 0.9982 -0.0523
vn -0.0236 0.9993 -0.0301
vn -0.0257 0.9996 -0.0081
vn -0.0290 0.9995 -0.0109
vn -0.0325 0.9994 -0.0130
vn -0.0407 0.9989 -0.0240
vn 0.0397 0.9991 -0.0149
vn 0.8622 0.5062 -0.0185
vn 0.9282 -0.3715 -0.0208
vn 0.9916 -0.1294 0.0003
vn 0.9879 0.1544 0.0116
vn 0.9880 0.1543 -0.0091
vn 0.9902 0.1390 -0.0145
vn 0.9917 0.1280 -0.0083
vn 0.9902 0.0924 0.1051
vn 0.9940 0.1058 -0.0278
vn -0.0209 0.0041 -0.9998
vn -0.0145 -0.0102 -0.9998
vn 0.8566 0.0349 -0.5148
vn 0.0084 -0.0113 -0.9999
vn 0.0131 -0.0166 -0.9998
vn 0.0162 0.1205 -0.9926
vn -0.0160 0.7383 -0.6743
vn -0.0195 0.9911 -0.1315
vn -0.0305 0.9987 -0.0400
vn -0.0358 0.9990 -0.0262
vn -0.0305 0.9995 -0.0052
vn -0.0346 0.9994 -0.0097
vn -0.0300 0.9995 -0.0072
vn -0.0391 0.9990 -0.0226
vn -0.0394 0.9990 -0.0197
vn 0.0458 0.9989 -0.0092
vn 0.8704 0.4922 -0.0140
vn 0.9287 -0.3707 -0.0024
vn 0.9928 -0.1165 -0.0265
vn 0.9862 0.1650 -0.0113
vn 0.9865 0.1634 -0.0063
vn 0.9904 0.1371 -0.0163
vn 0.9919 0.1266 -0.0101
vn 0.9941 0.1071 -0.0141
vn 0.9950 0.0960 -0.0266
vn 0.9952 0.0723 0.0661
vn 0.1065 -0.0210 -0.9941
vn -0.0313 -0.0135 -0.9994
vn -0.0150 -0.0055 -0.9999
vn 0.0067 -0.0174 -0.9998
vn 0.8456 0.0210 -0.5335
vn 0.0147 -0.0087 -0.9999
vn 0.0226 -0.0159 -0.9996
vn 0.0057 0.1315 -0.9913
vn -0.0097 0.7411 -0.6713
vn -0.0280 0.9918 -0.1249
vn -0.0387 0.9989 -0.0281
vn -0.0438 0.9989 -0.0183
vn -0.0400 0.9992 -0.0032
vn -0.0338 0.9994 0.0016
vn -0.0411 0.9991 -0.0035
vn -0.0383 0.9992 -0.0139
vn -0.0424 0.9989 -0.0190
vn -0.0422 0.9991 -0.0077
vn 0.0451 0.9990 -0.0075
vn 0.8726 0.4883 0.0115
vn 0.9271 -0.3744 0.0181
vn 0.9929 -0.1182 0.0109
vn 0.9881 0.1531 -0.0129
vn 0.9863 0.1649 -0.0056
vn 0.9905 0.1375 -0.0089
vn 0.9919 0.1260 -0.0190
vn 0.9936 0.1126 -0.0126
vn 0.9949 0.0989 -0.0172
vn 0.9946 0.1003 -0.0249
vn 0.9962 0.0833 0.0239
vn 0.1117 -0.0180 -0.9936
vn -0.0304 -0.0158 -0.9994
vn -0.0128 -0.0129 -0.9998
vn 0.0016 -0.0088 -1.0000
vn 0.0169 -0.0196 -0.9997
vn 0.8104 0.0398 -0.5846
vn 0.0221 -0.0082 -0.9997
vn 0.0207 -0.0118 -0.9997
vn 0.0066 0.1445 -0.9895
vn -0.0111 0.7423 -0.6700
vn -0.0311 0.9926 -0.1176
vn -0.0377 0.9991 -0.0211
vn -0.0476 0.9988 -0.0094
vn -0.0519 0.9987 -0.0000
vn -0.0443 0.9990 0.0091
vn -0.0430 0.9991 0.0029
vn -0.0467 0.9989 -0.0046
vn -0.0505 0.9986 -0.0130
vn -0.0457 0.9990 -0.0029
vn -0.0504 0.9987 -0.0021
vn 0.0385 0.9992 -0.0096
vn 0.8733 0.4871 0.0034
vn 0.9318 -0.3630 0.0080
vn 0.9932 -0.1163 0.0097
vn 0.9886 0.1502 0.0104
vn 0.9871 0.1601 -0.0017
vn 0.9911 0.1331 -0.0010
vn 0.9922 0.1248 -0.0060
vn 0.9932 0.1147 -0.0189
vn 0.9949 0.0997 -0.0159
vn 0.9954 0.0943 -0.0157
vn 0.9953 0.0957 -0.0162
vn 0.9962 0.0860 -0.0101
vn 0.1054 -0.0100 -0.9944
vn -0.0268 -0.0151 -0.9995
vn -0.0121 -0.0132 -0.9998
vn 0.0034 -0.0109 -0.9999
vn 0.0174 -0.0110 -0.9998
vn 0.0236 -0.0166 -0.9996
vn 0.7744 0.0386 -0.6315
vn 0.0253 -0.0083 -0.9996
vn 0.0161 -0.0053 -0.9999
vn 0.0071 0.1477 -0.9890
vn -0.0181 0.7373 -0.6753
vn -0.0255 0.9935 -0.1108
vn -0.0343 0.9993 -0.0147
vn -0.0383 0.9992 -0.0072
vn -0.0503 0.9987 0.0011
vn -0.0524 0.9986 0.0095
vn -0.0492 0.9988 0.0086
vn -0.0471 0.9989 -0.0015
vn -0.0512 0.9987 -0.0066
vn -0.0551 0.9985 -0.0018
vn -0.0475 0.9989 0.0026
vn -0.0580 0.9983 -0.0045
vn 0.0298 0.9995 -0.0113
vn 0.8675 0.4974 0.0025
vn 0.9372 -0.3486 0.0098
vn 0.9951 -0.0988 -0.0056
vn 0.9876 0.1572 0.0028
vn 0.9874 0.1582 0.0041
vn 0.9912 0.1327 -0.0016
vn 0.9927 0.1208 0.0040
vn 0.9938 0.1112 -0.0026
vn 0.9954 0.0952 -0.0144
vn 0.9960 0.0883 -0.0119
vn 0.9962 0.0870 -0.0104
vn 0.9978 0.0568 -0.0341
vn 0.9978 0.0657 -0.0108
vn 0.0968 -0.0111 -0.9952
vn -0.0114 -0.0009 -0.9999
vn -0.0027 -0.0055 -1.0000
vn 0.0116 -0.0059 -0.9999
vn 0.0188 -0.0058 -0.9998
vn 0.0265 -0.0109 -0.9996
vn 0.0253 -0.0150 -0.9996
vn 0.7634 0.0172 -0.6457
vn 0.0219 -0.0045 -0.9998
vn 0.0124 -0.0013 -0.9999
vn -0.0001 0.1466 -0.9892
vn -0.0122 0.7322 -0.6810
vn -0.0243 0.9937 -0.1091
vn -0.0276 0.9996 -0.0068
vn -0.0367 0.9993 -0.0108
vn -0.0329 0.9995 -0.0030
vn -0.0416 0.9991 0.0004
vn -0.0468 0.9989 0.0074
vn -0.0521 0.9986 -0.0006
vn -0.0490 0.9988 -0.0032
vn -0.0541 0.9985 -0.0012
vn -0.0530 0.9986 0.0008
vn -0.0476 0.9989 -0.0011
vn -0.0621 0.9980 -0.0069
vn 0.8574 0.5147 0.0031
vn 0.0222 0.9997 -0.0140
vn 0.8574 0.5147 0.0030
vn 0.9399 -0.3409 0.0177
vn 0.9965 -0.0834 -0.0013
vn 0.9876 0.1570 -0.0094
vn 0.9871 0.1602 0.0001
vn 0.9905 0.1376 0.0006
vn 0.9929 0.1189 -0.0050
vn 0.9943 0.1067 0.0083
vn 0.9961 0.0885 0.0024
vn 0.9970 0.0771 -0.0037
vn 0.9969 0.0786 -0.0035
vn 0.9981 0.0614 -0.0043
vn 0.9993 0.0347 -0.0141
vn 0.9982 0.0197 -0.0565
vn 0.1087 -0.0111 -0.9940
vn 0.0095 0.0066 -0.9999
vn 0.0076 0.0145 -0.9999
vn 0.0183 0.0025 -0.9998
vn 0.0221 -0.0000 -0.9998
vn 0.0240 -0.0069 -0.9997
vn 0.0236 -0.0112 -0.9997
vn 0.0242 -0.0170 -0.9996
vn 0.7466 -0.0308 -0.6645
vn 0.0158 0.0005 -0.9999
vn 0.0098 0.0055 -0.9999
vn 0.0033 0.1473 -0.9891
vn -0.0092 0.7362 -0.6767
vn -0.0239 0.9931 -0.1146
vn -0.0221 0.9998 -0.0023
vn -0.0321 0.9994 -0.0115
vn -0.0316 0.9995 -0.0095
vn -0.0284 0.9996 -0.0078
vn -0.0274 0.9996 -0.0017
vn -0.0422 0.9991 -0.0006
vn -0.0539 0.9985 -0.0009
vn -0.0550 0.9985 0.0040
vn -0.0590 0.9983 0.0028
vn -0.0539 0.9985 0.0011
vn -0.0515 0.9987 -0.0021
vn -0.0692 0.9976 -0.0073
vn 0.0158 0.9998 -0.0138
vn 0.8667 0.4988 0.0097
vn 0.9422 -0.3343 0.0207
vn 0.9974 -0.0716 0.0050
vn 0.9867 0.1620 -0.0122
vn 0.9863 0.1648 -0.0111
vn 0.9896 0.1436 -0.0047
vn 0.9923 0.1235 -0.0055
vn 0.9943 0.1061 -0.0071
vn 0.9960 0.0890 0.0069
vn 0.9975 0.0712 0.0032
vn 0.9976 0.0696 0.0070
vn 0.9984 0.0565 0.0022
vn 0.9994 0.0340 0.0021
vn 0.7987 -0.6017 0.0052
vn 0.8086 -0.5794 -0.1023
vn 0.1097 -0.0737 -0.9912
vn 0.0155 -0.0934 -0.9955
vn 0.0133 0.0163 -0.9998
vn 0.0195 0.0180 -0.9996
vn 0.0251 0.0064 -0.9997
vn 0.0210 0.0013 -0.9998
vn 0.0235 -0.0092 -0.9997
vn 0.0221 -0.0129 -0.9997
vn 0.0214 -0.0147 -0.9997
vn 0.6463 -0.4823 -0.5913
vn 0.0157 0.0029 -0.9999
vn 0.0102 0.0142 -0.9998
vn 0.0145 0.1483 -0.9888
vn -0.0185 0.7288 -0.6845
vn -0.0247 0.9927 -0.1182
vn -0.0284 0.9996 0.0005
vn -0.0246 0.9997 -0.0084
vn -0.0339 0.9994 -0.0121
vn -0.0311 0.9995 -0.0063
vn -0.0274 0.9996 -0.0081
vn -0.0206 0.9998 -0.0014
vn -0.0373 0.9993 -0.0033
vn -0.0521 0.9986 0.0052
vn -0.0613 0.9981 0.0085
vn -0.0650 0.9979 0.0053
vn -0.0561 0.9984 0.0013
vn -0.0555 0.9985 -0.0005
vn -0.0806 0.9967 -0.0068
vn 0.0108 0.9999 -0.0070
vn 0.8654 0.5009 0.0155
vn 0.8653 0.5010 0.0155
vn 0.9500 -0.3122 0.0061
vn 0.9987 -0.0511 -0.0000
vn 0.9844 0.1755 -0.0135
vn 0.9848 0.1724 -0.0230
vn 0.9884 0.1509 -0.0185
vn 0.9916 0.1286 -0.0100
vn 0.9945 0.1046 -0.0066
vn 0.9958 0.0909 -0.0071
vn 0.9972 0.0750 0.0014
vn 0.9979 0.0651 0.0029
vn 0.9984 0.0553 0.0106
vn 0.9997 0.0241 0.0091
vn 0.7853 -0.6188 0.0212
vn 0.1356 -0.9897 0.0469
vn 0.1504 -0.9838 -0.0971
vn 0.1425 -0.6619 -0.7359
vn 0.0092 -0.6907 -0.7230
vn 0.0053 -0.1080 -0.9941
vn 0.0160 0.0154 -0.9998
vn 0.0266 0.0169 -0.9995
vn 0.0215 0.0091 -0.9997
vn 0.0236 0.0001 -0.9997
vn 0.0230 -0.0067 -0.9997
vn 0.0264 -0.0122 -0.9996
vn 0.0210 -0.0070 -0.9998
vn 0.0161 0.0058 -0.9999
vn 0.0161 0.0140 -0.9998
vn 0.0008 0.1492 -0.9888
vn -0.0165 0.7246 -0.6890
vn -0.0224 0.9931 -0.1153
vn -0.0275 0.9996 0.0037
vn -0.0343 0.9994 -0.0029
vn -0.0307 0.9995 -0.0073
vn -0.0364 0.9993 -0.0018
vn -0.0363 0.9993 -0.0056
vn -0.0283 0.9996 -0.0009
vn -0.0219 0.9997 -0.0050
vn -0.0298 0.9996 -0.0003
vn -0.0460 0.9989 0.0079
vn -0.0648 0.9979 0.0091
vn -0.0686 0.9976 0.0022
vn -0.0566 0.9984 0.0004
vn -0.0573 0.9984 0.0005
vn -0.0915 0.9958 -0.0036
vn 0.0086 1.0000 -0.0026
vn 0.8563 0.5164 -0.0036
vn 0.9593 -0.2817 -0.0180
vn 0.9994 -0.0300 -0.0173
vn 0.9831 0.1826 -0.0158
vn 0.9844 0.1748 -0.0185
vn 0.9880 0.1526 -0.0251
vn 0.9912 0.1305 -0.0226
vn 0.9949 0.1003 -0.0100
vn 0.9960 0.0893 -0.0039
vn 0.9972 0.0752 -0.0036
vn 0.9980 0.0638 -0.0007
vn 0.9986 0.0516 0.0069
vn 0.9998 0.0104 0.0176
vn 0.7636 -0.6456 0.0127
vn 0.1033 -0.9940 0.0362
vn 0.0063 -0.9982 0.0601
vn 0.0011 -0.9954 -0.0961
vn -0.0121 -0.7008 -0.7132
vn 0.0094 -0.1213 -0.9926
vn 0.0244 0.0110 -0.9996
vn 0.0223 0.0163 -0.9996
vn 0.0224 0.0103 -0.9997
vn 0.0262 0.0010 -0.9997
vn 0.0285 -0.0042 -0.9996
vn 0.0295 -0.0067 -0.9995
vn 0.0188 -0.0026 -0.9998
vn 0.0135 0.0088 -0.9999
vn 0.0078 0.0109 -0.9999
vn -0.0022 0.1501 -0.9887
vn -0.0037 0.7251 -0.6886
vn -0.0236 0.9935 -0.1114
vn -0.0278 0.9996 0.0057
vn -0.0326 0.9995 0.0048
vn -0.0388 0.9992 -0.0028
vn -0.0394 0.9992 0.0044
vn -0.0423 0.9991 0.0006
vn -0.0403 0.9992 0.0007
vn -0.0338 0.9994 0.0009
vn -0.0253 0.9997 -0.0020
vn -0.0250 0.9997 0.0041
vn -0.0405 0.9991 0.0089
vn -0.0671 0.9977 0.0047
vn -0.0694 0.9976 -0.0001
vn -0.0571 0.9984 0.0020
vn -0.0598 0.9982 0.0036
vn -0.0973 0.9953 -0.0022
vn 0.0087 1.0000 0.0031
vn 0.8453 0.5338 -0.0237
vn 0.9605 -0.2771 -0.0246
vn 0.9993 -0.0277 -0.0246
vn 0.9842 0.1765 -0.0157
vn 0.9862 0.1655 -0.0084
vn 0.9888 0.1487 -0.0148
vn 0.9923 0.1231 -0.0154
vn 0.9948 0.0990 -0.0233
vn 0.9961 0.0876 -0.0070
vn 0.9975 0.0709 -0.0020
vn 0.9982 0.0604 0.0012
vn 0.9990 0.0438 0.0034
vn 0.9999 -0.0008 0.0133
vn 0.7498 -0.6615 0.0166
vn 0.0851 -0.9963 0.0099
vn 0.0160 -0.9989 0.0445
vn 0.0087 -0.9990 0.0445
vn -0.0084 -0.9949 -0.1008
vn -0.0010 -0.7040 -0.7102
vn 0.0094 -0.1214 -0.9926
vn 0.0212 -0.1276 -0.9916
vn 0.0224 0.0091 -0.9997
vn 0.0223 0.0156 -0.9996
vn 0.0274 0.0108 -0.9996
vn 0.0292 0.0022 -0.9996
vn 0.0337 -0.0033 -0.9994
vn 0.0204 -0.0046 -0.9998
vn 0.0131 -0.0040 -0.9999
vn 0.0059 0.0064 -1.0000
vn 0.0043 0.0153 -0.9999
vn 0.0116 0.1460 -0.9892
vn -0.0080 0.7243 -0.6894
vn -0.0311 0.9933 -0.1110
vn -0.0352 0.9993 0.0096
vn -0.0323 0.9994 0.0121
vn -0.0404 0.9992 0.0015
vn -0.0417 0.9991 0.0108
vn -0.0478 0.9988 0.0081
vn -0.0505 0.9987 0.0057
vn -0.0442 0.9990 0.0076
vn -0.0414 0.9991 0.0023
vn -0.0294 0.9996 0.0050
vn -0.0233 0.9997 0.0065
vn -0.0395 0.9992 0.0075
vn -0.0694 0.9976 0.0012
vn -0.0691 0.9976 0.0029
vn -0.0587 0.9983 0.0064
vn -0.0639 0.9980 0.0020
vn -0.0944 0.9955 -0.0005
vn 0.8371 0.5464 -0.0273
vn 0.0069 1.0000 0.0046
vn 0.9574 -0.2863 -0.0373
vn 0.9989 -0.0475 -0.0047
vn 0.9875 0.1574 -0.0029
vn 0.9874 0.1581 -0.0091
vn 0.9891 0.1475 -0.0015
vn 0.9936 0.1125 -0.0098
vn 0.9950 0.0995 -0.0079
vn 0.9966 0.0805 -0.0184
vn 0.9976 0.0696 -0.0060
vn 0.9984 0.0563 0.0009
vn 0.9993 0.0382 0.0047
vn 1.0000 0.0018 0.0005
vn 0.7410 -0.6715 0.0033
vn 0.0762 -0.9971 0.0021
vn 0.0147 -0.9997 0.0177
vn 0.0202 -0.9990 0.0403
vn 0.0210 -0.9993 0.0299
vn 0.0041 -0.9930 -0.1180
vn 0.0156 -0.6980 -0.7159
vn 0.0193 -0.1336 -0.9909
vn 0.0179 0.0054 -0.9998
vn 0.0251 0.0124 -0.9996
vn 0.0259 0.0081 -0.9996
vn 0.0269 -0.0046 -0.9996
vn 0.0137 -0.0056 -0.9999
vn 0.0090 -0.0085 -0.9999
vn 0.0043 -0.0043 -1.0000
vn 0.0067 0.0020 -1.0000
vn 0.0109 0.0181 -0.9998
vn 0.0095 0.1417 -0.9899
vn -0.0138 0.7298 -0.6836
vn -0.0359 0.9927 -0.1148
vn -0.0356 0.9993 0.0128
vn -0.0373 0.9992 0.0143
vn -0.0379 0.9993 0.0075
vn -0.0442 0.9989 0.0128
vn -0.0458 0.9989 0.0140
vn -0.0525 0.9986 0.0106
vn -0.0546 0.9985 0.0098
vn -0.0497 0.9987 0.0077
vn -0.0437 0.9990 0.0064
vn -0.0329 0.9994 0.0068
vn -0.0258 0.9996 0.0120
vn -0.0419 0.9991 0.0045
vn -0.0705 0.9975 0.0024
vn -0.0694 0.9976 0.0068
vn -0.0599 0.9982 0.0044
vn -0.0661 0.9978 -0.0045
vn -0.0878 0.9961 0.0040
vn 0.0040 1.0000 0.0077
vn 0.8239 0.5652 0.0413
vn 0.9628 -0.2687 0.0284
vn 0.9969 -0.0751 -0.0215
vn 0.9890 0.1481 0.0029
vn 0.9871 0.1597 0.0083
vn 0.9894 0.1449 -0.0058
vn 0.9937 0.1123 -0.0048
vn 0.9955 0.0952 -0.0024
vn 0.9972 0.0745 -0.0073
vn 0.9976 0.0686 -0.0114
vn 0.9986 0.0533 -0.0050
vn 0.9992 0.0398 -0.0004
vn 0.9999 0.0123 0.0016
vn 0.7513 -0.6595 -0.0246
vn 0.0721 -0.9973 -0.0098
vn 0.0097 -0.9999 0.0072
vn 0.0232 -0.9995 0.0206
vn 0.0326 -0.9989 0.0322
vn 0.0233 -0.9996 0.0158
vn 0.0118 -0.9911 -0.1327
vn 0.0171 -0.7033 -0.7107
vn 0.0193 -0.1337 -0.9908
vn 0.0110 -0.1436 -0.9896
vn 0.0172 -0.0040 -0.9998
vn 0.0194 0.0064 -0.9998
vn 0.0134 -0.0016 -0.9999
vn 0.0092 -0.0139 -0.9999
vn 0.0031 -0.0108 -0.9999
vn 0.0093 -0.0081 -0.9999
vn 0.0045 -0.0040 -1.0000
vn 0.0127 0.0025 -0.9999
vn 0.0111 0.0168 -0.9998
vn 0.0115 0.1414 -0.9899
vn -0.0205 0.7263 -0.6871
vn -0.0352 0.9918 -0.1232
vn -0.0328 0.9994 0.0132
vn -0.0344 0.9993 0.0119
vn -0.0368 0.9993 0.0104
vn -0.0409 0.9991 0.0134
vn -0.0442 0.9989 0.0161
vn -0.0471 0.9988 0.0108
vn -0.0528 0.9986 0.0091
vn -0.0532 0.9985 0.0096
vn -0.0536 0.9985 0.0070
vn -0.0438 0.9990 0.0076
vn -0.0345 0.9993 0.0156
vn -0.0310 0.9995 0.0083
vn -0.0431 0.9991 0.0025
vn -0.0679 0.9977 0.0037
vn -0.0690 0.9976 0.0042
vn -0.0610 0.9981 -0.0036
vn -0.0656 0.9978 0.0011
vn -0.0849 0.9964 0.0077
vn 0.0046 0.9999 0.0116
vn 0.8397 0.5418 0.0364
vn 0.9695 -0.2437 0.0247
vn 0.9981 -0.0614 -0.0080
vn 0.9879 0.1550 -0.0079
vn 0.9874 0.1580 0.0026
vn 0.9896 0.1439 0.0049
vn 0.9935 0.1136 -0.0011
vn 0.9961 0.0881 -0.0048
vn 0.9972 0.0752 0.0008
vn 0.9979 0.0649 -0.0046
vn 0.9987 0.0505 -0.0087
vn 0.9992 0.0406 -0.0017
vn 0.9999 0.0144 -0.0010
vn 0.7555 -0.6550 -0.0091
vn 0.0636 -0.9976 -0.0256
vn 0.0039 -1.0000 -0.0057
vn 0.0225 -0.9997 0.0099
vn 0.0392 -0.9990 0.0194
vn 0.0360 -0.9991 0.0228
vn 0.0265 -0.9996 0.0016
vn 0.0169 -0.9900 -0.1402
vn 0.0182 -0.7113 -0.7027
vn 0.0108 -0.1523 -0.9883
vn 0.0135 -0.0124 -0.9998
vn 0.0061 0.0024 -1.0000
vn 0.0045 -0.0101 -0.9999
vn 0.0045 -0.0123 -0.9999
vn 0.0110 -0.0156 -0.9998
vn 0.0045 -0.0035 -1.0000
vn 0.0123 -0.0069 -0.9999
vn 0.0102 0.0035 -0.9999
vn 0.0125 0.0120 -0.9998
vn 0.0056 0.1443 -0.9895
vn -0.0224 0.7173 -0.6964
vn -0.0303 0.9907 -0.1330
vn -0.0300 0.9994 0.0153
vn -0.0346 0.9993 0.0123
vn -0.0366 0.9992 0.0144
vn -0.0417 0.9990 0.0181
vn -0.0428 0.9989 0.0172
vn -0.0448 0.9989 0.0109
vn -0.0462 0.9989 0.0082
vn -0.0505 0.9987 0.0073
vn -0.0535 0.9985 0.0092
vn -0.0555 0.9984 0.0083
vn -0.0423 0.9990 0.0144
vn -0.0372 0.9992 0.0120
vn -0.0313 0.9995 0.0009
vn -0.0433 0.9991 0.0023
vn -0.0653 0.9979 0.0040
vn -0.0700 0.9975 -0.0008
vn -0.0639 0.9980 0.0022
vn -0.0640 0.9979 0.0061
vn -0.0842 0.9964 0.0080
vn 0.0104 0.9999 0.0115
vn 0.8450 0.5348 0.0071
vn 0.9706 -0.2408 -0.0044
vn 0.9996 -0.0268 0.0057
vn 0.9886 0.1497 -0.0166
vn 0.9881 0.1537 -0.0103
vn 0.9896 0.1436 0.0080
vn 0.9937 0.1118 0.0041
vn 0.9964 0.0851 0.0007
vn 0.9972 0.0743 0.0001
vn 0.9982 0.0596 0.0027
vn 0.9987 0.0499 -0.0030
vn 0.9993 0.0367 -0.0057
vn 1.0000 0.0074 0.0050
vn 0.7668 -0.6418 0.0046
vn 0.0583 -0.9982 -0.0121
vn -0.0039 -0.9999 -0.0146
vn 0.0243 -0.9997 -0.0042
vn 0.0415 -0.9991 0.0097
vn 0.0421 -0.9990 0.0165
vn 0.0363 -0.9992 0.0152
vn 0.0312 -0.9995 -0.0080
vn 0.0266 -0.9891 -0.1450
vn 0.0204 -0.7131 -0.7008
vn 0.0158 -0.1537 -0.9880
vn 0.0064 -0.0153 -0.9999
vn 0.0006 0.0003 -1.0000
vn 0.0120 -0.0060 -0.9999
vn 0.0097 -0.0090 -0.9999
vn 0.0067 -0.0171 -0.9998
vn 0.0076 -0.0050 -1.0000
vn 0.0113 -0.0074 -0.9999
vn 0.0088 0.0032 -1.0000
vn 0.0104 0.0086 -0.9999
vn 0.0059 0.1413 -0.9900
vn -0.0181 0.7096 -0.7044
vn -0.0163 0.9908 -0.1343
vn -0.0237 0.9995 0.0196
vn -0.0325 0.9994 0.0143
vn -0.0368 0.9992 0.0183
vn -0.0432 0.9987 0.0256
vn -0.0465 0.9987 0.0190
vn -0.0460 0.9989 0.0134
vn -0.0439 0.9990 0.0065
vn -0.0462 0.9989 0.0061
vn -0.0481 0.9988 0.0091
vn -0.0555 0.9984 0.0098
vn -0.0563 0.9983 0.0125
vn -0.0408 0.9991 0.0142
vn -0.0413 0.9991 0.0014
vn -0.0313 0.9995 0.0046
vn -0.0448 0.9990 0.0054
vn -0.0667 0.9978 0.0019
vn -0.0712 0.9975 0.0029
vn -0.0638 0.9980 0.0034
vn -0.0593 0.9982 0.0042
vn -0.0826 0.9966 0.0049
vn 0.0160 0.9998 0.0078
vn 0.8320 0.5544 0.0226
vn 0.9697 -0.2437 0.0196
vn 0.9997 -0.0231 0.0061
vn 0.9902 0.1395 -0.0056
vn 0.9882 0.1527 -0.0082
vn 0.9903 0.1386 -0.0066
vn 0.9937 0.1116 0.0099
vn 0.9964 0.0842 0.0050
vn 0.9974 0.0718 0.0014
vn 0.9985 0.0549 0.0037
vn 0.9988 0.0486 0.0078
vn 0.9993 0.0374 -0.0059
vn 1.0000 -0.0012 -0.0003
vn 0.7654 -0.6436 0.0053
vn 0.0685 -0.9976 -0.0041
vn -0.0112 -0.9999 -0.0102
vn 0.0247 -0.9997 -0.0089
vn 0.0406 -0.9992 -0.0049
vn 0.0446 -0.9990 0.0094
vn 0.0395 -0.9991 0.0149
vn 0.0371 -0.9993 0.0091
vn 0.0334 -0.9994 -0.0105
vn 0.0300 -0.9881 -0.1509
vn 0.0307 -0.7012 -0.7123
vn 0.0158 -0.1538 -0.9880
vn 0.0177 -0.1453 -0.9892
vn 0.0023 -0.0121 -0.9999
vn 0.0114 -0.0050 -0.9999
vn 0.0065 -0.0042 -1.0000
vn 0.0044 -0.0140 -0.9999
vn 0.0059 -0.0159 -0.9999
vn 0.0173 -0.0031 -0.9998
vn 0.0105 -0.0049 -0.9999
vn 0.0111 0.0039 -0.9999
vn 0.0136 0.0097 -0.9999
vn 0.0082 0.1443 -0.9895
vn -0.0061 0.7019 -0.7123
vn -0.0061 0.9926 -0.1216
vn -0.0206 0.9995 0.0239
vn -0.0269 0.9995 0.0155
vn -0.0305 0.9994 0.0166
vn -0.0339 0.9991 0.0255
vn -0.0441 0.9989 0.0172
vn -0.0456 0.9989 0.0142
vn -0.0492 0.9988 0.0062
vn -0.0403 0.9992 0.0045
vn -0.0469 0.9988 0.0110
vn -0.0572 0.9983 0.0132
vn -0.0550 0.9984 0.0127
vn -0.0452 0.9989 0.0077
vn -0.0448 0.9990 0.0069
vn -0.0362 0.9993 0.0090
vn -0.0450 0.9990 0.0030
vn -0.0639 0.9980 -0.0014
vn -0.0685 0.9977 -0.0002
vn -0.0602 0.9982 -0.0014
vn -0.0578 0.9983 0.0058
vn -0.0796 0.9968 0.0041
vn 0.0211 0.9997 0.0116
vn 0.8280 0.5607 0.0047
vn 0.9701 -0.2427 -0.0079
vn 0.9996 -0.0272 0.0092
vn 0.9901 0.1403 0.0101
vn 0.9887 0.1499 -0.0008
vn 0.9909 0.1342 -0.0064
vn 0.9942 0.1071 0.0010
vn 0.9965 0.0835 0.0098
vn 0.9975 0.0706 0.0063
vn 0.9985 0.0556 -0.0005
vn 0.9990 0.0435 0.0081
vn 0.9992 0.0374 0.0124
vn 0.9999 -0.0097 -0.0031
vn 0.7620 -0.6476 0.0021
vn 0.0847 -0.9964 -0.0097
vn -0.0130 -0.9998 -0.0148
vn 0.0207 -0.9998 -0.0046
vn 0.0388 -0.9992 -0.0064
vn 0.0433 -0.9991 -0.0029
vn 0.0412 -0.9991 0.0072
vn 0.0439 -0.9990 0.0111
vn 0.0362 -0.9993 0.0030
vn 0.0331 -0.9994 -0.0100
vn 0.0339 -0.9872 -0.1560
vn 0.0402 -0.6995 -0.7135
vn 0.0177 -0.1454 -0.9892
vn 0.0109 -0.1362 -0.9906
vn 0.0071 -0.0093 -0.9999
vn 0.0074 -0.0097 -0.9999
vn -0.0011 -0.0054 -1.0000
vn 0.0081 -0.0154 -0.9998
vn 0.0238 -0.0133 -0.9996
vn 0.0125 0.0024 -0.9999
vn 0.0116 -0.0040 -0.9999
vn 0.0164 0.0061 -0.9998
vn 0.0145 0.0094 -0.9999
vn 0.0029 0.1462 -0.9892
vn 0.0083 0.7043 -0.7098
vn -0.0103 0.9944 -0.1053
vn -0.0199 0.9994 0.0276
vn -0.0240 0.9995 0.0185
vn -0.0264 0.9996 0.0135
vn -0.0273 0.9994 0.0215
vn -0.0312 0.9994 0.0157
vn -0.0398 0.9991 0.0114
vn -0.0455 0.9989 0.0084
vn -0.0504 0.9987 0.0030
vn -0.0410 0.9991 0.0093
vn -0.0450 0.9989 0.0106
vn -0.0476 0.9988 0.0145
vn -0.0566 0.9983 0.0107
vn -0.0522 0.9986 0.0103
vn -0.0502 0.9987 0.0086
vn -0.0465 0.9988 0.0127
vn -0.0396 0.9992 0.0031
vn -0.0430 0.9991 -0.0065
vn -0.0592 0.9982 -0.0030
vn -0.0663 0.9978 -0.0036
vn -0.0578 0.9983 0.0076
vn -0.0644 0.9979 0.0069
vn -0.0765 0.9970 0.0075
vn 0.0377 0.9990 0.0258
vn 0.8386 0.5445 -0.0153
vn 0.8386 0.5445 -0.0152
vn 0.9997 -0.0165 -0.0159
vn 0.9892 0.1463 -0.0042
vn 0.9892 0.1463 0.0082
vn 0.9916 0.1294 0.0056
vn 0.9947 0.1031 -0.0031
vn 0.9965 0.0829 0.0061
vn 0.9976 0.0682 0.0118
vn 0.9981 0.0612 0.0047
vn 0.9992 0.0403 -0.0028
vn 0.9994 0.0324 0.0134
vn 0.9999 -0.0101 0.0109
vn 0.7563 -0.6542 0.0085
vn 0.0945 -0.9955 -0.0046
vn -0.0100 -0.9998 -0.0195
vn 0.0158 -0.9998 -0.0136
vn 0.0379 -0.9993 -0.0025
vn 0.0427 -0.9991 -0.0059
vn 0.0440 -0.9990 -0.0027
vn 0.0486 -0.9988 0.0048
vn 0.0423 -0.9991 0.0047
vn 0.0326 -0.9995 -0.0001
vn 0.0344 -0.9993 -0.0109
vn 0.0379 -0.9871 -0.1557
vn 0.0221 -0.6972 -0.7166
vn 0.0080 -0.1357 -0.9907
vn 0.0051 -0.0115 -0.9999
vn -0.0012 -0.0079 -1.0000
vn 0.0085 -0.0084 -0.9999
vn 0.0238 -0.0153 -0.9996
vn 0.0146 -0.0112 -0.9998
vn 0.0071 -0.0010 -1.0000
vn 0.0193 -0.0030 -0.9998
vn 0.0125 0.0068 -0.9999
vn 0.0080 0.0097 -0.9999
vn 0.0054 0.1417 -0.9899
vn 0.0061 0.7080 -0.7062
vn -0.0213 0.9948 -0.0991
vn -0.0239 0.9993 0.0292
vn -0.0224 0.9995 0.0211
vn -0.0278 0.9995 0.0141
vn -0.0262 0.9994 0.0210
vn -0.0283 0.9994 0.0182
vn -0.0353 0.9993 0.0133
vn -0.0379 0.9992 0.0095
vn -0.0488 0.9988 0.0053
vn -0.0511 0.9986 0.0118
vn -0.0441 0.9990 0.0115
vn -0.0441 0.9989 0.0149
vn -0.0490 0.9987 0.0102
vn -0.0536 0.9985 0.0069
vn -0.0514 0.9986 0.0094
vn -0.0488 0.9987 0.0110
vn -0.0486 0.9988 0.0051
vn -0.0394 0.9992 -0.0085
vn -0.0421 0.9991 -0.0030
vn -0.0619 0.9981 -0.0000
vn -0.0628 0.9980 0.0038
vn -0.0576 0.9983 0.0118
vn -0.0699 0.9975 0.0072
vn -0.0745 0.9971 0.0138
vn 0.0609 0.9978 0.0259
vn 0.8449 0.5348 -0.0094
vn 0.8448 0.5349 -0.0094
vn 0.9890 0.1467 -0.0209
vn 0.9897 0.1432 -0.0054
vn 0.9917 0.1284 0.0070
vn 0.9950 0.0994 0.0084
vn 0.9967 0.0807 0.0017
vn 0.9976 0.0684 0.0045
vn 0.9979 0.0632 0.0143
vn 0.9991 0.0424 0.0005
vn 0.9996 0.0266 0.0006
vn 0.9999 -0.0051 0.0155
vn 0.7640 -0.6452 0.0081
vn 0.1010 -0.9949 0.0068
vn -0.0080 -0.9999 -0.0089
vn 0.0095 -0.9998 -0.0170
vn 0.0363 -0.9993 -0.0093
vn 0.0449 -0.9990 -0.0043
vn 0.0456 -0.9989 -0.0071
vn 0.0484 -0.9988 -0.0023
vn 0.0439 -0.9990 0.0052
vn 0.0324 -0.9995 0.0017
vn 0.0344 -0.9994 0.0012
vn 0.0354 -0.9992 -0.0166
vn 0.0269 -0.9867 -0.1601
vn 0.0160 -0.6936 -0.7201
vn 0.0080 -0.1358 -0.9907
vn 0.0059 -0.1390 -0.9903
vn 0.0042 -0.0103 -0.9999
vn 0.0087 -0.0046 -1.0000
vn 0.0200 -0.0107 -0.9997
vn 0.0158 -0.0167 -0.9997
vn 0.0007 -0.0131 -0.9999
vn 0.0191 -0.0062 -0.9998
vn 0.0131 -0.0010 -0.9999
vn 0.0069 0.0031 -1.0000
vn 0.0048 0.0135 -0.9999
vn 0.0095 0.1328 -0.9911
vn 0.0061 0.7080 -0.7061
vn -0.0124 0.7074 -0.7067
vn -0.0289 0.9945 -0.1011
vn -0.0304 0.9990 0.0322
vn -0.0272 0.9993 0.0251
vn -0.0274 0.9994 0.0194
vn -0.0292 0.9993 0.0213
vn -0.0285 0.9994 0.0219
vn -0.0326 0.9993 0.0190
vn -0.0426 0.9990 0.0131
vn -0.0415 0.9991 0.0114
vn -0.0511 0.9986 0.0123
vn -0.0543 0.9984 0.0149
vn -0.0451 0.9989 0.0139
vn -0.0433 0.9990 0.0106
vn -0.0509 0.9987 0.0062
vn -0.0519 0.9986 0.0097
vn -0.0504 0.9987 0.0083
vn -0.0478 0.9988 0.0078
vn -0.0498 0.9987 -0.0092
vn -0.0376 0.9993 -0.0040
vn -0.0438 0.9990 0.0047
vn -0.0667 0.9978 0.0016
vn -0.0563 0.9984 0.0090
vn -0.0595 0.9982 0.0097
vn -0.0681 0.9976 0.0103
vn -0.0737 0.9971 0.0185
vn 0.0737 0.9970 0.0220
vn 0.8521 0.5231 0.0143
vn 0.8521 0.5232 0.0143
vn 0.9891 -0.1467 0.0082
vn 0.9929 0.1124 -0.0381
vn 0.9906 0.1364 -0.0133
vn 0.9910 0.1337 -0.0069
vn 0.9948 0.1017 0.0035
vn 0.9967 0.0804 0.0062
vn 0.9971 0.0756 -0.0020
vn 0.9981 0.0615 0.0035
vn 0.9988 0.0465 0.0129
vn 0.9997 0.0231 -0.0010
vn 0.9999 -0.0110 0.0105
vn 0.7714 -0.6360 0.0185
vn 0.1052 -0.9944 0.0052
vn -0.0073 -1.0000 0.0012
vn 0.0047 -1.0000 -0.0081
vn 0.0292 -0.9995 -0.0081
vn 0.0436 -0.9990 -0.0044
vn 0.0461 -0.9989 -0.0059
vn 0.0445 -0.9990 -0.0052
vn 0.0385 -0.9993 0.0024
vn 0.0305 -0.9995 0.0084
vn 0.0313 -0.9995 0.0034
vn 0.0400 -0.9992 0.0021
vn 0.0356 -0.9991 -0.0241
vn 0.0261 -0.9848 -0.1715
vn 0.0235 -0.6958 -0.7179
vn 0.0134 -0.1388 -0.9902
vn 0.0112 -0.0060 -0.9999
vn 0.0154 -0.0061 -0.9999
vn 0.0133 -0.0156 -0.9998
vn 0.0026 -0.0128 -0.9999
vn 0.0154 -0.0170 -0.9997
vn 0.0144 -0.0084 -0.9999
vn 0.0036 -0.0005 -1.0000
vn 0.0059 -0.0009 -1.0000
vn 0.0061 0.0144 -0.9999
vn 0.0017 0.1284 -0.9917
vn -0.0216 0.7102 -0.7037
vn -0.0302 0.9940 -0.1050
vn -0.0316 0.9989 0.0353
vn -0.0354 0.9989 0.0301
vn -0.0330 0.9991 0.0259
vn -0.0326 0.9992 0.0224
vn -0.0297 0.9993 0.0240
vn -0.0295 0.9994 0.0204
vn -0.0364 0.9992 0.0184
vn -0.0469 0.9988 0.0149
vn -0.0443 0.9989 0.0118
vn -0.0492 0.9987 0.0156
vn -0.0569 0.9983 0.0133
vn -0.0446 0.9990 0.0101
vn -0.0424 0.9991 0.0077
vn -0.0530 0.9985 0.0109
vn -0.0526 0.9986 0.0082
vn -0.0502 0.9987 0.0093
vn -0.0535 0.9986 -0.0050
vn -0.0483 0.9988 -0.0069
vn -0.0340 0.9994 0.0039
vn -0.0472 0.9989 0.0049
vn -0.0649 0.9979 0.0032
vn -0.0529 0.9985 0.0109
vn -0.0607 0.9981 0.0070
vn -0.0618 0.9980 0.0152
vn -0.0715 0.9972 0.0206
vn 0.8626 0.5054 0.0221
vn 0.0817 0.9962 0.0302
vn 0.8625 0.5055 0.0221
vn 0.9875 -0.1575 0.0020
vn 0.9992 0.0406 0.0070
vn 0.9978 0.0604 -0.0269
vn 0.9912 0.1318 -0.0114
vn 0.9913 0.1317 -0.0029
vn 0.9947 0.1023 -0.0088
vn 0.9965 0.0837 0.0002
vn 0.9967 0.0809 0.0049
vn 0.9982 0.0602 -0.0069
vn 0.9989 0.0473 0.0055
vn 0.9997 0.0244 0.0099
vn 0.9998 -0.0202 0.0018
vn 0.7725 -0.6344 0.0291
vn 0.1114 -0.9937 0.0082
vn -0.0046 -1.0000 0.0030
vn 0.0080 -1.0000 -0.0030
vn 0.0230 -0.9997 -0.0063
vn 0.0381 -0.9993 -0.0007
vn 0.0465 -0.9989 -0.0021
vn 0.0410 -0.9991 -0.0047
vn 0.0318 -0.9995 0.0001
vn 0.0296 -0.9995 0.0050
vn 0.0307 -0.9995 0.0091
vn 0.0401 -0.9992 0.0056
vn 0.0399 -0.9992 0.0007
vn 0.0337 -0.9990 -0.0285
vn 0.0320 -0.9834 -0.1785
vn 0.0384 -0.6931 -0.7198
vn 0.0134 -0.1389 -0.9902
vn 0.0204 -0.1342 -0.9907
vn 0.0108 -0.0066 -0.9999
vn 0.0053 -0.0136 -0.9999
vn 0.0072 -0.0176 -0.9998
vn 0.0121 -0.0100 -0.9999
vn 0.0149 -0.0186 -0.9997
vn 0.0050 -0.0070 -1.0000
vn 0.0052 -0.0007 -1.0000
vn 0.0067 -0.0006 -1.0000
vn 0.0085 0.0163 -0.9998
vn -0.0011 0.1322 -0.9912
vn -0.0098 0.7063 -0.7079
vn -0.0263 0.9938 -0.1079
vn -0.0271 0.9990 0.0347
vn -0.0306 0.9991 0.0309
vn -0.0357 0.9990 0.0269
vn -0.0371 0.9990 0.0246
vn -0.0332 0.9992 0.0238
vn -0.0312 0.9993 0.0208
vn -0.0287 0.9994 0.0202
vn -0.0374 0.9992 0.0153
vn -0.0466 0.9989 0.0106
vn -0.0419 0.9990 0.0123
vn -0.0468 0.9988 0.0128
vn -0.0573 0.9983 0.0105
vn -0.0431 0.9991 0.0059
vn -0.0419 0.9991 0.0113
vn -0.0533 0.9985 0.0081
vn -0.0514 0.9986 0.0084
vn -0.0546 0.9985 0.0033
vn -0.0584 0.9983 -0.0082
vn -0.0460 0.9989 0.0012
vn -0.0308 0.9995 0.0060
vn -0.0513 0.9987 0.0023
vn -0.0585 0.9983 0.0068
vn -0.0517 0.9986 0.0059
vn -0.0552 0.9984 0.0075
vn -0.0560 0.9983 0.0148
vn -0.0644 0.9977 0.0214
vn 0.0949 0.9951 0.0276
vn 0.8715 0.4893 0.0325
vn 0.9872 -0.1591 0.0132
vn 0.9988 0.0479 0.0037
vn 0.9912 0.1318 -0.0084
vn 0.9917 0.1286 0.0005
vn 0.9928 0.1198 -0.0014
vn 0.9946 0.1033 0.0024
vn 0.9966 0.0818 -0.0042
vn 0.9970 0.0776 0.0013
vn 0.9981 0.0607 0.0050
vn 0.9989 0.0459 -0.0065
vn 0.9997 0.0235 0.0086
vn 0.9998 -0.0207 0.0036
vn 0.7723 -0.6351 0.0146
vn 0.1243 -0.9921 0.0195
vn -0.0017 -1.0000 0.0011
vn 0.0129 -0.9999 0.0003
vn 0.0252 -0.9996 -0.0098
vn 0.0354 -0.9994 -0.0046
vn 0.0468 -0.9989 0.0023
vn 0.0389 -0.9992 -0.0018
vn 0.0256 -0.9997 -0.0006
vn 0.0309 -0.9995 0.0027
vn 0.0369 -0.9993 -0.0008
vn 0.0408 -0.9991 0.0074
vn 0.0418 -0.9991 0.0048
vn 0.0358 -0.9994 -0.0017
vn 0.0370 -0.9990 -0.0262
vn 0.0448 -0.9835 -0.1753
vn 0.0449 -0.6903 -0.7222
vn 0.0204 -0.1343 -0.9907
vn 0.0128 -0.1321 -0.9912
vn 0.0011 -0.0079 -1.0000
vn 0.0067 -0.0199 -0.9998
vn 0.0124 -0.0150 -0.9998
vn 0.0144 -0.0121 -0.9998
vn 0.0084 -0.0168 -0.9998
vn 0.0061 -0.0050 -1.0000
vn 0.0085 -0.0000 -1.0000
vn 0.0140 0.0029 -0.9999
vn 0.0102 0.0240 -0.9997
vn 0.0146 0.1341 -0.9909
vn -0.0073 0.7015 -0.7126
vn -0.0272 0.9933 -0.1125
vn -0.0248 0.9992 0.0312
vn -0.0239 0.9993 0.0278
vn -0.0247 0.9995 0.0209
vn -0.0310 0.9992 0.0232
vn -0.0369 0.9991 0.0220
vn -0.0342 0.9991 0.0234
vn -0.0326 0.9993 0.0204
vn -0.0300 0.9994 0.0160
vn -0.0373 0.9992 0.0106
vn -0.0455 0.9989 0.0099
vn -0.0399 0.9991 0.0118
vn -0.0446 0.9990 0.0100
vn -0.0586 0.9983 0.0046
vn -0.0392 0.9992 0.0077
vn -0.0404 0.9992 0.0075
vn -0.0530 0.9986 0.0070
vn -0.0507 0.9987 0.0079
vn -0.0610 0.9981 -0.0053
vn -0.0580 0.9983 -0.0005
vn -0.0441 0.9990 0.0036
vn -0.0303 0.9995 0.0045
vn -0.0533 0.9986 0.0033
vn -0.0512 0.9987 0.0018
vn -0.0500 0.9987 0.0010
vn -0.0459 0.9989 0.0070
vn -0.0511 0.9986 0.0145
vn -0.0543 0.9984 0.0157
vn 0.1100 0.9936 0.0261
vn 0.8799 0.4738 0.0370
vn 0.8798 0.4738 0.0370
vn 0.9872 -0.1583 0.0204
vn 0.9981 0.0609 0.0035
vn 0.9917 0.1284 -0.0036
vn 0.9935 0.1137 0.0013
vn 0.9937 0.1119 -0.0057
vn 0.9946 0.1041 0.0056
vn 0.9968 0.0802 0.0005
vn 0.9971 0.0760 -0.0019
vn 0.9981 0.0608 0.0079
vn 0.9988 0.0479 0.0030
vn 0.9997 0.0217 -0.0070
vn 0.9998 -0.0189 0.0106
vn 0.7738 -0.6334 0.0050
vn 0.1353 -0.9907 0.0147
vn 0.0033 -1.0000 0.0056
vn 0.0130 -0.9999 0.0013
vn 0.0328 -0.9995 -0.0043
vn 0.0378 -0.9992 -0.0158
vn 0.0451 -0.9990 -0.0030
vn 0.0380 -0.9993 0.0027
vn 0.0208 -0.9998 0.0005
vn 0.0319 -0.9995 0.0021
vn 0.0473 -0.9989 -0.0028
vn 0.0449 -0.9990 -0.0091
vn 0.0447 -0.9990 0.0055
vn 0.0385 -0.9993 0.0022
vn 0.0356 -0.9994 -0.0048
vn 0.0380 -0.9991 -0.0209
vn 0.0460 -0.9848 -0.1676
vn 0.0302 -0.6922 -0.7211
vn 0.0128 -0.1321 -0.9911
vn 0.0043 -0.1338 -0.9910
vn 0.0038 -0.0082 -1.0000
vn 0.0155 -0.0199 -0.9997
vn 0.0135 -0.0134 -0.9998
vn 0.0087 -0.0138 -0.9999
vn 0.0074 -0.0145 -0.9999
vn 0.0094 -0.0043 -0.9999
vn 0.0145 -0.0013 -0.9999
vn 0.0172 0.0066 -0.9998
vn 0.0146 0.0270 -0.9995
vn 0.0114 0.1293 -0.9915
vn -0.0141 0.6927 -0.7211
vn -0.0201 0.9933 -0.1136
vn -0.0233 0.9994 0.0269
vn -0.0228 0.9994 0.0266
vn -0.0218 0.9996 0.0163
vn -0.0181 0.9997 0.0187
vn -0.0265 0.9995 0.0189
vn -0.0341 0.9991 0.0233
vn -0.0361 0.9991 0.0208
vn -0.0332 0.9993 0.0177
vn -0.0330 0.9994 0.0127
vn -0.0383 0.9992 0.0102
vn -0.0451 0.9989 0.0116
vn -0.0381 0.9992 0.0075
vn -0.0440 0.9990 0.0063
vn -0.0577 0.9983 0.0038
vn -0.0355 0.9994 0.0061
vn -0.0406 0.9991 0.0077
vn -0.0522 0.9986 0.0077
vn -0.0520 0.9986 -0.0022
vn -0.0642 0.9979 -0.0003
vn -0.0553 0.9985 0.0005
vn -0.0400 0.9992 0.0024
vn -0.0317 0.9995 0.0041
vn -0.0540 0.9985 -0.0011
vn -0.0470 0.9989 -0.0014
vn -0.0475 0.9989 0.0016
vn -0.0400 0.9991 0.0112
vn -0.0493 0.9987 0.0101
vn -0.0441 0.9989 0.0153
vn 0.1241 0.9916 0.0376
vn 0.8899 0.4553 0.0276
vn 0.9873 -0.1587 -0.0043
vn 0.9964 0.0846 0.0084
vn 0.9910 0.1334 -0.0108
vn 0.9927 0.1201 -0.0105
vn 0.9948 0.1017 -0.0018
vn 0.9947 0.1023 -0.0040
vn 0.9963 0.0857 0.0027
vn 0.9969 0.0781 -0.0018
vn 0.9984 0.0558 -0.0035
vn 0.9987 0.0490 0.0106
vn 0.9997 0.0235 0.0005
vn 0.9996 -0.0276 0.0004
vn 0.7746 -0.6324 0.0028
vn 0.1377 -0.9905 0.0012
vn 0.0100 -0.9999 0.0069
vn 0.0112 -0.9999 0.0023
vn 0.0358 -0.9994 0.0036
vn 0.0434 -0.9990 -0.0111
vn 0.0391 -0.9991 -0.0137
vn 0.0348 -0.9994 0.0009
vn 0.0196 -0.9998 0.0023
vn 0.0328 -0.9995 0.0017
vn 0.0546 -0.9985 -0.0001
vn 0.0510 -0.9986 -0.0103
vn 0.0449 -0.9989 -0.0112
vn 0.0409 -0.9992 0.0028
vn 0.0387 -0.9993 -0.0002
vn 0.0362 -0.9993 -0.0078
vn 0.0323 -0.9993 -0.0210
vn 0.0337 -0.9865 -0.1605
vn 0.0189 -0.7013 -0.7126
vn 0.0043 -0.1339 -0.9910
vn 0.0046 -0.1356 -0.9908
vn 0.0139 -0.0117 -0.9998
vn 0.0131 -0.0196 -0.9997
vn 0.0061 -0.0150 -0.9999
vn 0.0072 -0.0156 -0.9999
vn 0.0103 -0.0131 -0.9999
vn 0.0119 -0.0055 -0.9999
vn 0.0173 -0.0046 -0.9998
vn 0.0146 0.0096 -0.9998
vn 0.0113 0.0250 -0.9996
vn 0.0037 0.1244 -0.9922
vn 0.0003 0.6864 -0.7272
vn -0.0123 0.9944 -0.1054
vn -0.0212 0.9995 0.0247
vn -0.0219 0.9994 0.0277
vn -0.0251 0.9995 0.0179
vn -0.0206 0.9997 0.0156
vn -0.0141 0.9998 0.0156
vn -0.0223 0.9996 0.0196
vn -0.0323 0.9993 0.0213
vn -0.0363 0.9992 0.0181
vn -0.0343 0.9993 0.0151
vn -0.0360 0.9993 0.0123
vn -0.0378 0.9992 0.0106
vn -0.0458 0.9989 0.0066
vn -0.0368 0.9993 0.0072
vn -0.0460 0.9989 0.0040
vn -0.0547 0.9985 0.0034
vn -0.0332 0.9994 0.0067
vn -0.0405 0.9992 0.0064
vn -0.0509 0.9987 -0.0018
vn -0.0521 0.9986 -0.0000
vn -0.0643 0.9979 -0.0026
vn -0.0510 0.9987 -0.0028
vn -0.0339 0.9994 0.0017
vn -0.0326 0.9995 -0.0005
vn -0.0526 0.9986 -0.0040
vn -0.0466 0.9989 0.0011
vn -0.0443 0.9990 0.0079
vn -0.0374 0.9993 0.0085
vn -0.0474 0.9988 0.0084
vn -0.0309 0.9993 0.0219
vn 0.1449 0.9865 0.0758
vn 0.8876 0.4573 0.0543
vn 0.8876 0.4574 0.0543
vn 0.9872 -0.1593 -0.0112
vn 0.9956 0.0933 0.0089
vn 0.9915 0.1300 0.0006
vn 0.9926 0.1210 -0.0093
vn 0.9948 0.1011 -0.0101
vn 0.9959 0.0903 -0.0061
vn 0.9960 0.0899 -0.0004
vn 0.9969 0.0787 -0.0005
vn 0.9981 0.0616 -0.0074
vn 0.9990 0.0451 -0.0015
vn 0.9996 0.0257 0.0106
vn 0.9990 -0.0442 0.0075
vn 0.7645 -0.6446 0.0005
vn 0.1325 -0.9912 -0.0022
vn 0.0125 -0.9999 0.0001
vn 0.0118 -0.9999 0.0031
vn 0.0343 -0.9994 0.0038
vn 0.0455 -0.9989 0.0058
vn 0.0296 -0.9995 -0.0096
vn 0.0264 -0.9996 -0.0036
vn 0.0215 -0.9998 0.0019
vn 0.0341 -0.9994 0.0015
vn 0.0556 -0.9984 0.0022
vn 0.0527 -0.9986 -0.0014
vn 0.0428 -0.9990 -0.0124
vn 0.0393 -0.9992 -0.0069
vn 0.0389 -0.9992 0.0022
vn 0.0373 -0.9993 -0.0012
vn 0.0335 -0.9994 -0.0078
vn 0.0272 -0.9994 -0.0237
vn 0.0264 -0.9871 -0.1580
vn 0.0148 -0.7023 -0.7117
vn 0.0046 -0.1357 -0.9907
vn 0.0151 -0.1355 -0.9907
vn 0.0106 -0.0159 -0.9998
vn 0.0055 -0.0201 -0.9998
vn 0.0067 -0.0160 -0.9999
vn 0.0120 -0.0154 -0.9998
vn 0.0103 -0.0132 -0.9999
vn 0.0147 -0.0073 -0.9999
vn 0.0175 -0.0055 -0.9998
vn 0.0126 0.0119 -0.9998
vn 0.0087 0.0288 -0.9995
vn 0.0141 0.1208 -0.9926
vn 0.0087 0.6928 -0.7211
vn -0.0191 0.9950 -0.0978
vn -0.0238 0.9994 0.0249
vn -0.0211 0.9994 0.0281
vn -0.0261 0.9994 0.0231
vn -0.0271 0.9995 0.0145
vn -0.0194 0.9997 0.0136
vn -0.0107 0.9998 0.0160
vn -0.0182 0.9996 0.0199
vn -0.0327 0.9993 0.0184
vn -0.0358 0.9992 0.0152
vn -0.0353 0.9993 0.0147
vn -0.0367 0.9993 0.0089
vn -0.0370 0.9993 0.0079
vn -0.0472 0.9989 0.0078
vn -0.0389 0.9992 0.0069
vn -0.0470 0.9989 0.0019
vn -0.0518 0.9987 0.0036
vn -0.0305 0.9995 0.0052
vn -0.0415 0.9991 -0.0005
vn -0.0478 0.9989 -0.0034
vn -0.0528 0.9986 -0.0021
vn -0.0598 0.9982 -0.0078
vn -0.0486 0.9988 -0.0018
vn -0.0288 0.9996 -0.0022
vn -0.0349 0.9994 -0.0043
vn -0.0480 0.9988 -0.0012
vn -0.0433 0.9991 0.0022
vn -0.0393 0.9992 0.0045
vn -0.0313 0.9995 0.0016
vn -0.0391 0.9992 0.0077
vn -0.0100 0.9987 0.0507
vn 0.1707 0.9694 0.1764
vn 0.8841 0.4539 0.1109
vn 0.8841 0.4540 0.1109
vn 0.9899 -0.1327 -0.0500
vn 0.9969 0.0787 0.0003
vn 0.9927 0.1180 0.0242
vn 0.9934 0.1139 0.0123
vn 0.9955 0.0946 -0.0017
vn 0.9961 0.0882 -0.0040
vn 0.9966 0.0823 -0.0080
vn 0.9967 0.0808 -0.0035
vn 0.9977 0.0675 -0.0002
vn 0.9990 0.0424 -0.0126
vn 0.9996 0.0275 -0.0001
vn 0.9986 -0.0520 0.0102
vn 0.7485 -0.6631 0.0073
vn 0.1196 -0.9928 -0.0021
vn 0.0107 -0.9999 0.0035
vn 0.0136 -0.9999 -0.0001
vn 0.0341 -0.9994 0.0022
vn 0.0399 -0.9992 0.0088
vn 0.0245 -0.9997 0.0067
vn 0.0166 -0.9999 -0.0009
vn 0.0243 -0.9997 0.0005
vn 0.0353 -0.9994 -0.0001
vn 0.0524 -0.9986 0.0033
vn 0.0508 -0.9987 0.0042
vn 0.0424 -0.9991 -0.0009
vn 0.0336 -0.9994 -0.0093
vn 0.0363 -0.9993 -0.0017
vn 0.0371 -0.9993 0.0028
vn 0.0332 -0.9994 -0.0019
vn 0.0281 -0.9996 -0.0077
vn 0.0207 -0.9995 -0.0247
vn 0.0200 -0.9872 -0.1581
vn 0.0263 -0.7008 -0.7129
vn 0.0159 -0.1310 -0.9913
vn 0.0066 -0.0171 -0.9998
vn 0.0092 -0.0172 -0.9998
vn 0.0151 -0.0142 -0.9998
vn 0.0097 -0.0136 -0.9999
vn 0.0143 -0.0137 -0.9998
vn 0.0203 -0.0063 -0.9998
vn 0.0160 -0.0025 -0.9999
vn 0.0142 0.0143 -0.9998
vn 0.0138 0.0325 -0.9994
vn 0.0171 0.1168 -0.9930
vn -0.0022 0.6978 -0.7163
vn -0.0257 0.9948 -0.0985
vn -0.0263 0.9993 0.0256
vn -0.0243 0.9993 0.0277
vn -0.0233 0.9993 0.0297
vn -0.0323 0.9993 0.0170
vn -0.0283 0.9995 0.0146
vn -0.0210 0.9996 0.0165
vn -0.0099 0.9998 0.0182
vn -0.0158 0.9997 0.0189
vn -0.0321 0.9994 0.0137
vn -0.0346 0.9993 0.0143
vn -0.0370 0.9993 0.0091
vn -0.0344 0.9994 0.0065
vn -0.0379 0.9992 0.0090
vn -0.0472 0.9989 0.0079
vn -0.0414 0.9991 0.0028
vn -0.0468 0.9989 0.0022
vn -0.0507 0.9987 0.0040
vn -0.0309 0.9995 0.0027
vn -0.0450 0.9990 -0.0041
vn -0.0435 0.9991 -0.0024
vn -0.0559 0.9984 -0.0095
vn -0.0552 0.9985 -0.0032
vn -0.0468 0.9989 -0.0054
vn -0.0282 0.9996 -0.0010
vn -0.0381 0.9993 -0.0028
vn -0.0435 0.9990 -0.0033
vn -0.0357 0.9994 -0.0028
vn -0.0331 0.9994 -0.0065
vn -0.0231 0.9997 -0.0015
vn -0.0290 0.9990 0.0353
vn 0.0189 0.9887 0.1486
vn 0.1818 0.7220 0.6676
vn 0.7442 0.4343 0.5074
vn 0.8094 0.0612 0.5840
vn 0.9968 0.0567 -0.0558
vn 0.9946 0.1034 0.0087
vn 0.9935 0.1093 0.0324
vn 0.9953 0.0958 0.0144
vn 0.9963 0.0860 0.0026
vn 0.9968 0.0797 0.0004
vn 0.9982 0.0592 -0.0009
vn 0.9979 0.0643 -0.0027
vn 0.9989 0.0469 -0.0070
vn 0.9996 0.0251 -0.0095
vn 0.9988 -0.0487 -0.0043
vn 0.7384 -0.6743 0.0124
vn 0.1078 -0.9942 -0.0009
vn 0.0044 -1.0000 0.0079
vn 0.0145 -0.9999 0.0047
vn 0.0350 -0.9994 -0.0007
vn 0.0352 -0.9994 0.0020
vn 0.0275 -0.9996 0.0098
vn 0.0144 -0.9999 0.0046
vn 0.0280 -0.9996 0.0010
vn 0.0381 -0.9993 -0.0024
vn 0.0504 -0.9987 -0.0008
vn 0.0507 -0.9987 0.0045
vn 0.0445 -0.9990 0.0033
vn 0.0346 -0.9994 -0.0050
vn 0.0323 -0.9995 -0.0048
vn 0.0358 -0.9994 0.0010
vn 0.0344 -0.9994 0.0022
vn 0.0294 -0.9996 -0.0023
vn 0.0222 -0.9997 -0.0099
vn 0.0177 -0.9995 -0.0250
vn 0.0226 -0.9877 -0.1548
vn 0.0313 -0.7031 -0.7104
vn 0.0152 -0.1234 -0.9922
vn 0.0124 -0.0155 -0.9998
vn 0.0171 -0.0144 -0.9998
vn 0.0126 -0.0105 -0.9999
vn 0.0160 -0.0117 -0.9998
vn 0.0242 -0.0110 -0.9996
vn 0.0187 -0.0044 -0.9998
vn 0.0168 0.0005 -0.9999
vn 0.0133 0.0152 -0.9998
vn 0.0145 0.0306 -0.9994
vn 0.0153 0.1158 -0.9932
vn -0.0069 0.7019 -0.7122
vn -0.0313 0.9937 -0.1072
vn -0.0261 0.9993 0.0260
vn -0.0273 0.9992 0.0289
vn -0.0246 0.9992 0.0326
vn -0.0278 0.9994 0.0216
vn -0.0360 0.9992 0.0171
vn -0.0324 0.9993 0.0206
vn -0.0258 0.9994 0.0210
vn -0.0127 0.9997 0.0211
vn -0.0190 0.9997 0.0164
vn -0.0302 0.9995 0.0129
vn -0.0352 0.9993 0.0119
vn -0.0388 0.9992 0.0051
vn -0.0318 0.9995 0.0088
vn -0.0372 0.9993 0.0062
vn -0.0452 0.9990 0.0023
vn -0.0415 0.9991 0.0014
vn -0.0461 0.9989 0.0039
vn -0.0488 0.9988 0.0019
vn -0.0340 0.9994 -0.0006
vn -0.0471 0.9989 -0.0041
vn -0.0442 0.9990 -0.0054
vn -0.0566 0.9984 -0.0055
vn -0.0531 0.9986 -0.0078
vn -0.0428 0.9991 -0.0024
vn -0.0319 0.9995 0.0010
vn -0.0413 0.9991 -0.0034
vn -0.0380 0.9992 -0.0105
vn -0.0308 0.9995 -0.0109
vn -0.0265 0.9996 -0.0079
vn -0.0211 0.9992 0.0336
vn -0.0200 0.9911 0.1315
vn 0.0339 0.7238 0.6891
vn 0.1348 0.1763 0.9751
vn 0.8223 0.0631 0.5655
vn 0.9962 0.0811 -0.0305
vn 0.9940 0.1083 0.0174
vn 0.9943 0.1021 0.0317
vn 0.9962 0.0861 0.0110
vn 0.9970 0.0767 0.0039
vn 0.9984 0.0558 0.0047
vn 0.9991 0.0410 0.0057
vn 0.9987 0.0512 0.0037
vn 0.9999 0.0170 -0.0023
vn 0.9987 -0.0504 -0.0003
vn 0.7511 -0.6602 -0.0012
vn 0.1058 -0.9944 0.0070
vn -0.0038 -1.0000 0.0052
vn 0.0106 -0.9998 0.0161
vn 0.0343 -0.9994 0.0058
vn 0.0358 -0.9994 -0.0020
vn 0.0310 -0.9995 0.0012
vn 0.0220 -0.9998 0.0016
vn 0.0331 -0.9995 0.0003
vn 0.0416 -0.9991 -0.0029
vn 0.0505 -0.9987 -0.0043
vn 0.0515 -0.9987 -0.0006
vn 0.0472 -0.9989 0.0025
vn 0.0416 -0.9991 -0.0016
vn 0.0296 -0.9995 -0.0086
vn 0.0352 -0.9994 -0.0019
vn 0.0361 -0.9993 0.0012
vn 0.0306 -0.9995 0.0001
vn 0.0245 -0.9997 -0.0041
vn 0.0181 -0.9998 -0.0117
vn 0.0267 -0.9887 -0.1477
vn 0.0222 -0.9994 -0.0248
vn 0.0365 -0.7011 -0.7122
vn 0.0167 -0.1163 -0.9931
vn 0.0179 -0.0147 -0.9997
vn 0.0149 -0.0135 -0.9998
vn 0.0166 -0.0087 -0.9998
vn 0.0242 -0.0123 -0.9996
vn 0.0186 -0.0098 -0.9998
vn 0.0172 -0.0046 -0.9998
vn 0.0134 0.0015 -0.9999
vn 0.0118 0.0132 -0.9998
vn 0.0169 0.0273 -0.9995
vn 0.0151 0.1159 -0.9931
vn -0.0214 0.6939 -0.7197
vn -0.0253 0.9926 -0.1187
vn -0.0245 0.9993 0.0291
vn -0.0263 0.9992 0.0294
vn -0.0280 0.9991 0.0323
vn -0.0235 0.9995 0.0221
vn -0.0306 0.9993 0.0193
vn -0.0358 0.9991 0.0212
vn -0.0359 0.9990 0.0247
vn -0.0316 0.9992 0.0258
vn -0.0207 0.9995 0.0250
vn -0.0266 0.9995 0.0164
vn -0.0321 0.9994 0.0158
vn -0.0388 0.9992 0.0082
vn -0.0380 0.9993 0.0067
vn -0.0308 0.9995 0.0050
vn -0.0346 0.9994 0.0011
vn -0.0438 0.9990 -0.0000
vn -0.0389 0.9992 0.0019
vn -0.0447 0.9990 -0.0014
vn -0.0441 0.9990 -0.0019
vn -0.0373 0.9993 -0.0023
vn -0.0476 0.9989 -0.0024
vn -0.0473 0.9989 -0.0059
vn -0.0551 0.9984 -0.0093
vn -0.0486 0.9988 -0.0082
vn -0.0387 0.9992 0.0018
vn -0.0355 0.9994 -0.0004
vn -0.0453 0.9989 -0.0121
vn -0.0321 0.9994 -0.0141
vn -0.0293 0.9995 -0.0118
vn -0.0200 0.9993 0.0322
vn -0.0294 0.9904 0.1347
vn -0.0190 0.7038 0.7101
vn 0.0339 0.7239 0.6891
vn -0.0038 0.1573 0.9875
vn 0.1308 0.0486 0.9902
vn 0.8104 0.0722 0.5814
vn 0.9957 0.0929 -0.0009
vn 0.9950 0.0977 0.0228
vn 0.9957 0.0874 0.0306
vn 0.9972 0.0740 0.0145
vn 0.9984 0.0566 0.0036
vn 0.9992 0.0390 0.0053
vn 0.9999 0.0029 0.0100
vn 0.9999 0.0077 0.0120
vn 0.9980 -0.0618 0.0090
vn 0.7463 -0.6655 0.0109
vn 0.1113 -0.9938 0.0030
vn -0.0060 -1.0000 0.0025
vn 0.0036 -0.9999 0.0119
vn 0.0307 -0.9993 0.0220
vn 0.0348 -0.9994 0.0085
vn 0.0318 -0.9995 -0.0025
vn 0.0311 -0.9995 -0.0028
vn 0.0357 -0.9994 -0.0033
vn 0.0465 -0.9989 -0.0054
vn 0.0513 -0.9987 -0.0054
vn 0.0504 -0.9987 -0.0033
vn 0.0470 -0.9989 0.0008
vn 0.0454 -0.9990 0.0005
vn 0.0327 -0.9994 -0.0073
vn 0.0334 -0.9994 -0.0071
vn 0.0380 -0.9993 -0.0029
vn 0.0331 -0.9995 -0.0007
vn 0.0270 -0.9996 -0.0027
vn 0.0208 -0.9998 -0.0069
vn 0.0214 -0.9997 -0.0117
vn 0.0285 -0.9993 -0.0250
vn 0.0341 -0.9895 -0.1404
vn 0.0320 -0.7045 -0.7090
vn 0.0173 -0.1197 -0.9927
vn 0.0130 -0.0168 -0.9998
vn 0.0137 -0.0162 -0.9998
vn 0.0186 -0.0127 -0.9997
vn 0.0157 -0.0167 -0.9997
vn 0.0148 -0.0124 -0.9998
vn 0.0153 -0.0034 -0.9999
vn 0.0124 0.0028 -0.9999
vn 0.0163 0.0132 -0.9998
vn 0.0148 0.0240 -0.9996
vn 0.0039 0.1149 -0.9934
vn -0.0208 0.6830 -0.7301
vn -0.0184 0.9925 -0.1210
vn -0.0255 0.9990 0.0357
vn -0.0280 0.9992 0.0299
vn -0.0253 0.9992 0.0312
vn -0.0271 0.9994 0.0207
vn -0.0233 0.9995 0.0215
vn -0.0303 0.9994 0.0186
vn -0.0319 0.9992 0.0234
vn -0.0352 0.9990 0.0267
vn -0.0333 0.9990 0.0296
vn -0.0289 0.9993 0.0230
vn -0.0314 0.9993 0.0187
vn -0.0363 0.9993 0.0122
vn -0.0410 0.9991 0.0051
vn -0.0353 0.9994 0.0032
vn -0.0304 0.9995 -0.0003
vn -0.0344 0.9994 -0.0006
vn -0.0429 0.9991 -0.0003
vn -0.0366 0.9993 -0.0028
vn -0.0425 0.9991 -0.0053
vn -0.0395 0.9992 -0.0023
vn -0.0409 0.9992 0.0003
vn -0.0478 0.9988 -0.0058
vn -0.0492 0.9988 -0.0084
vn -0.0534 0.9985 -0.0131
vn -0.0420 0.9991 -0.0027
vn -0.0336 0.9994 -0.0029
vn -0.0391 0.9992 -0.0079
vn -0.0453 0.9988 -0.0180
vn -0.0295 0.9995 -0.0126
vn -0.0251 0.9993 0.0267
vn -0.0218 0.9888 0.1474
vn -0.0415 0.6975 0.7154
vn -0.0252 0.1246 0.9919
vn -0.0331 0.0457 0.9984
vn 0.1198 0.0449 0.9918
vn 0.7817 0.0865 0.6177
vn 0.9964 0.0819 0.0229
vn 0.9961 0.0814 0.0351
vn 0.9969 0.0737 0.0292
vn 0.9980 0.0613 0.0162
vn 0.9992 0.0399 0.0024
vn 1.0000 0.0055 0.0012
vn 0.9985 -0.0545 0.0080
vn 0.9980 -0.0626 0.0117
vn 0.7382 -0.6743 0.0189
vn 0.1165 -0.9932 0.0085
vn -0.0036 -1.0000 -0.0006
vn 0.0008 -1.0000 0.0007
vn 0.0251 -0.9995 0.0186
vn 0.0338 -0.9991 0.0236
vn 0.0327 -0.9994 0.0092
vn 0.0346 -0.9994 -0.0019
vn 0.0352 -0.9994 -0.0062
vn 0.0494 -0.9988 -0.0027
vn 0.0505 -0.9987 -0.0062
vn 0.0479 -0.9988 -0.0046
vn 0.0431 -0.9991 0.0001
vn 0.0454 -0.9990 0.0029
vn 0.0385 -0.9993 -0.0032
vn 0.0304 -0.9995 -0.0089
vn 0.0392 -0.9992 -0.0055
vn 0.0341 -0.9994 -0.0041
vn 0.0301 -0.9995 -0.0030
vn 0.0252 -0.9997 -0.0067
vn 0.0211 -0.9997 -0.0095
vn 0.0271 -0.9996 -0.0093
vn 0.0287 -0.9993 -0.0238
vn 0.0323 -0.9903 -0.1354
vn 0.0217 -0.7003 -0.7135
vn 0.0097 -0.1245 -0.9922
vn 0.0091 -0.0207 -0.9997
vn 0.0130 -0.0209 -0.9997
vn 0.0129 -0.0169 -0.9998
vn 0.0125 -0.0196 -0.9997
vn 0.0185 -0.0129 -0.9997
vn 0.0153 -0.0003 -0.9999
vn 0.0175 0.0043 -0.9998
vn 0.0146 0.0150 -0.9998
vn 0.0105 0.0242 -0.9997
vn 0.0002 0.1197 -0.9928
vn -0.0045 0.6857 -0.7279
vn -0.0303 0.9926 -0.1178
vn -0.0314 0.9988 0.0385
vn -0.0306 0.9990 0.0317
vn -0.0275 0.9992 0.0288
vn -0.0265 0.9994 0.0225
vn -0.0268 0.9994 0.0224
vn -0.0259 0.9995 0.0189
vn -0.0274 0.9994 0.0199
vn -0.0279 0.9993 0.0237
vn -0.0312 0.9992 0.0265
vn -0.0287 0.9993 0.0220
vn -0.0291 0.9994 0.0168
vn -0.0311 0.9994 0.0132
vn -0.0373 0.9993 0.0042
vn -0.0395 0.9992 0.0006
vn -0.0340 0.9994 -0.0002
vn -0.0299 0.9996 -0.0002
vn -0.0348 0.9994 0.0001
vn -0.0423 0.9991 -0.0035
vn -0.0369 0.9993 -0.0055
vn -0.0404 0.9992 -0.0052
vn -0.0346 0.9994 -0.0009
vn -0.0433 0.9990 -0.0059
vn -0.0453 0.9989 -0.0092
vn -0.0509 0.9986 -0.0144
vn -0.0470 0.9988 -0.0106
vn -0.0351 0.9993 -0.0103
vn -0.0437 0.9989 -0.0181
vn -0.0380 0.9991 -0.0178
vn -0.0254 0.9995 0.0203
vn -0.0162 0.9887 0.1492
vn -0.0226 0.6907 0.7228
vn -0.0211 0.1244 0.9920
vn -0.0298 0.0483 0.9984
vn -0.0330 0.0373 0.9988
vn 0.1092 0.0497 0.9928
vn 0.7827 0.0762 0.6177
vn 0.9970 0.0587 0.0496
vn 0.9962 0.0754 0.0425
vn 0.9976 0.0616 0.0302
vn 0.9990 0.0438 0.0115
vn 0.9999 0.0116 0.0007
vn 0.9989 -0.0474 -0.0005
vn 0.7357 -0.6773 -0.0001
vn 0.7441 -0.6680 -0.0007
vn 0.1160 -0.9931 0.0179
vn 0.0005 -1.0000 0.0018
vn 0.0007 -1.0000 -0.0011
vn 0.0205 -0.9998 0.0015
vn 0.0362 -0.9991 0.0206
vn 0.0402 -0.9991 0.0168
vn 0.0364 -0.9993 0.0057
vn 0.0376 -0.9993 -0.0041
vn 0.0459 -0.9989 -0.0025
vn 0.0477 -0.9989 -0.0022
vn 0.0443 -0.9990 -0.0027
vn 0.0396 -0.9992 -0.0020
vn 0.0434 -0.9991 0.0038
vn 0.0428 -0.9991 0.0022
vn 0.0302 -0.9995 -0.0074
vn 0.0369 -0.9993 -0.0054
vn 0.0331 -0.9994 -0.0045
vn 0.0307 -0.9995 -0.0031
vn 0.0303 -0.9995 -0.0070
vn 0.0240 -0.9996 -0.0112
vn 0.0231 -0.9997 -0.0082
vn 0.0270 -0.9996 -0.0071
vn 0.0270 -0.9994 -0.0217
vn 0.0241 -0.9900 -0.1387
vn 0.0168 -0.6914 -0.7223
vn 0.0044 -0.1320 -0.9912
vn 0.0086 -0.0251 -0.9996
vn 0.0114 -0.0244 -0.9996
vn 0.0117 -0.0173 -0.9998
vn 0.0189 -0.0211 -0.9996
vn 0.0188 -0.0096 -0.9998
vn 0.0156 -0.0011 -0.9999
vn 0.0150 0.0033 -0.9999
vn 0.0125 0.0156 -0.9998
vn 0.0100 0.0289 -0.9995
vn 0.0122 0.1264 -0.9919
vn -0.0045 0.6857 -0.7278
vn -0.0101 0.6908 -0.7230
vn -0.0404 0.9918 -0.1212
vn -0.0335 0.9989 0.0327
vn -0.0290 0.9991 0.0317
vn -0.0305 0.9992 0.0263
vn -0.0269 0.9993 0.0254
vn -0.0285 0.9994 0.0221
vn -0.0278 0.9994 0.0215
vn -0.0274 0.9995 0.0180
vn -0.0262 0.9994 0.0223
vn -0.0257 0.9994 0.0238
vn -0.0285 0.9994 0.0181
vn -0.0234 0.9996 0.0131
vn -0.0240 0.9997 0.0101
vn -0.0304 0.9995 0.0036
vn -0.0364 0.9993 -0.0006
vn -0.0377 0.9993 -0.0005
vn -0.0339 0.9994 -0.0008
vn -0.0293 0.9996 -0.0003
vn -0.0348 0.9994 -0.0043
vn -0.0418 0.9991 -0.0050
vn -0.0363 0.9993 -0.0077
vn -0.0351 0.9994 -0.0081
vn -0.0304 0.9995 -0.0064
vn -0.0417 0.9990 -0.0130
vn -0.0419 0.9990 -0.0155
vn -0.0469 0.9987 -0.0196
vn -0.0385 0.9991 -0.0177
vn -0.0276 0.9995 -0.0143
vn -0.0280 0.9995 -0.0132
vn -0.0425 0.9988 -0.0262
vn -0.0277 0.9995 0.0120
vn -0.0203 0.9890 0.1462
vn -0.0055 0.6871 0.7265
vn -0.0075 0.1341 0.9909
vn -0.0096 0.0526 0.9986
vn -0.0275 0.0370 0.9989
vn -0.0374 0.0341 0.9987
vn 0.1052 0.0458 0.9934
vn 0.7741 0.0538 0.6307
vn 0.9949 0.0596 0.0817
vn 0.9973 0.0566 0.0473
vn 0.9982 0.0506 0.0313
vn 0.9998 0.0181 0.0059
vn 0.9987 -0.0504 0.0015
vn 0.7354 -0.6776 0.0089
vn 0.0848 -0.9964 -0.0022
vn 0.1023 -0.9948 0.0030
vn 0.0116 -0.9999 0.0121
vn -0.0004 -1.0000 -0.0006
vn 0.0208 -0.9998 -0.0018
vn 0.0363 -0.9993 0.0040
vn 0.0506 -0.9986 0.0154
vn 0.0429 -0.9991 0.0062
vn 0.0407 -0.9992 0.0030
vn 0.0411 -0.9991 -0.0052
vn 0.0458 -0.9989 0.0022
vn 0.0416 -0.9991 -0.0007
vn 0.0398 -0.9992 -0.0022
vn 0.0425 -0.9991 -0.0016
vn 0.0450 -0.9990 0.0044
vn 0.0347 -0.9994 -0.0022
vn 0.0328 -0.9994 -0.0065
vn 0.0331 -0.9994 -0.0042
vn 0.0293 -0.9996 -0.0033
vn 0.0335 -0.9994 -0.0029
vn 0.0286 -0.9995 -0.0119
vn 0.0221 -0.9996 -0.0145
vn 0.0248 -0.9997 -0.0043
vn 0.0277 -0.9996 -0.0080
vn 0.0275 -0.9994 -0.0215
vn 0.0246 -0.9889 -0.1468
vn 0.0135 -0.6961 -0.7178
vn 0.0081 -0.1368 -0.9906
vn 0.0090 -0.0285 -0.9996
vn 0.0105 -0.0263 -0.9996
vn 0.0154 -0.0204 -0.9997
vn 0.0221 -0.0213 -0.9995
vn 0.0131 -0.0081 -0.9999
vn 0.0129 -0.0050 -0.9999
vn 0.0123 0.0021 -0.9999
vn 0.0113 0.0139 -0.9998
vn 0.0150 0.0295 -0.9995
vn 0.0163 0.1314 -0.9912
vn -0.0253 0.6920 -0.7215
vn -0.0367 0.9908 -0.1301
vn -0.0311 0.9992 0.0264
vn -0.0280 0.9992 0.0298
vn -0.0263 0.9994 0.0238
vn -0.0284 0.9993 0.0252
vn -0.0270 0.9994 0.0215
vn -0.0280 0.9994 0.0222
vn -0.0285 0.9994 0.0176
vn -0.0268 0.9994 0.0228
vn -0.0254 0.9994 0.0222
vn -0.0269 0.9995 0.0192
vn -0.0280 0.9995 0.0120
vn -0.0245 0.9997 0.0098
vn -0.0229 0.9997 0.0060
vn -0.0317 0.9995 0.0002
vn -0.0359 0.9994 -0.0015
vn -0.0364 0.9993 -0.0017
vn -0.0318 0.9995 -0.0029
vn -0.0273 0.9996 -0.0057
vn -0.0329 0.9994 -0.0062
vn -0.0413 0.9991 -0.0097
vn -0.0330 0.9994 -0.0136
vn -0.0281 0.9995 -0.0105
vn -0.0292 0.9995 -0.0152
vn -0.0377 0.9991 -0.0186
vn -0.0377 0.9989 -0.0263
vn -0.0393 0.9989 -0.0245
vn -0.0329 0.9993 -0.0200
vn -0.0231 0.9997 -0.0112
vn -0.0324 0.9991 -0.0283
vn -0.0341 0.9994 0.0022
vn -0.0220 0.9889 0.1470
vn -0.0113 0.6761 0.7367
vn -0.0055 0.6872 0.7265
vn -0.0081 0.1247 0.9922
vn -0.0083 0.0479 0.9988
vn -0.0146 0.0295 0.9995
vn -0.0303 0.0275 0.9992
vn -0.0504 0.0335 0.9982
vn 0.1053 0.0409 0.9936
vn 0.7514 0.0470 0.6582
vn 0.9930 0.0438 0.1101
vn 0.9972 0.0514 0.0536
vn 0.9993 0.0253 0.0284
vn 0.9980 -0.0616 0.0167
vn 0.7260 -0.6873 0.0253
vn 0.0771 -0.9969 0.0134
vn 0.0177 -0.9998 0.0095
vn 0.0214 -0.9997 0.0122
vn 0.0043 -1.0000 -0.0007
vn 0.0204 -0.9998 0.0017
vn 0.0358 -0.9994 -0.0036
vn 0.0518 -0.9986 0.0085
vn 0.0505 -0.9987 0.0087
vn 0.0419 -0.9991 0.0014
vn 0.0430 -0.9991 -0.0006
vn 0.0412 -0.9992 -0.0008
vn 0.0418 -0.9991 0.0023
vn 0.0429 -0.9991 -0.0015
vn 0.0441 -0.9990 -0.0048
vn 0.0461 -0.9989 -0.0024
vn 0.0414 -0.9991 -0.0000
vn 0.0308 -0.9995 -0.0056
vn 0.0348 -0.9994 -0.0054
vn 0.0299 -0.9995 -0.0060
vn 0.0341 -0.9994 -0.0028
vn 0.0310 -0.9995 -0.0043
vn 0.0254 -0.9996 -0.0156
vn 0.0214 -0.9997 -0.0141
vn 0.0284 -0.9996 -0.0019
vn 0.0279 -0.9996 -0.0097
vn 0.0258 -0.9995 -0.0205
vn 0.0245 -0.9881 -0.1521
vn 0.0215 -0.6952 -0.7185
vn 0.0081 -0.1369 -0.9905
vn 0.0075 -0.1396 -0.9902
vn 0.0105 -0.0291 -0.9995
vn 0.0137 -0.0265 -0.9996
vn 0.0205 -0.0254 -0.9995
vn 0.0139 -0.0195 -0.9997
vn 0.0110 -0.0088 -0.9999
vn 0.0134 -0.0056 -0.9999
vn 0.0101 0.0016 -0.9999
vn 0.0121 0.0109 -0.9999
vn 0.0220 0.0272 -0.9994
vn 0.0079 0.1397 -0.9902
vn -0.0246 0.6954 -0.7182
vn -0.0387 0.9898 -0.1374
vn -0.0377 0.9990 0.0236
vn -0.0299 0.9991 0.0296
vn -0.0273 0.9994 0.0224
vn -0.0242 0.9994 0.0240
vn -0.0268 0.9994 0.0202
vn -0.0256 0.9994 0.0212
vn -0.0291 0.9994 0.0187
vn -0.0266 0.9994 0.0203
vn -0.0258 0.9995 0.0198
vn -0.0235 0.9995 0.0201
vn -0.0297 0.9995 0.0133
vn -0.0279 0.9995 0.0118
vn -0.0282 0.9996 0.0089
vn -0.0261 0.9997 0.0026
vn -0.0329 0.9995 -0.0011
vn -0.0349 0.9994 -0.0026
vn -0.0354 0.9994 -0.0055
vn -0.0290 0.9996 -0.0076
vn -0.0240 0.9997 -0.0097
vn -0.0316 0.9995 -0.0101
vn -0.0391 0.9991 -0.0170
vn -0.0307 0.9994 -0.0142
vn -0.0240 0.9996 -0.0162
vn -0.0280 0.9994 -0.0213
vn -0.0358 0.9989 -0.0295
vn -0.0294 0.9990 -0.0337
vn -0.0348 0.9991 -0.0231
vn -0.0272 0.9995 -0.0156
vn -0.0222 0.9994 -0.0267
vn -0.0295 0.9995 -0.0070
vn -0.0228 0.9896 0.1420
vn -0.0146 0.6649 0.7468
vn -0.0043 0.1076 0.9942
vn -0.0212 0.0380 0.9991
vn -0.0166 0.0194 0.9997
vn -0.0234 0.0235 0.9994
vn -0.0363 0.0229 0.9991
vn -0.0613 0.0317 0.9976
vn 0.1006 0.0281 0.9945
vn 0.7383 0.0342 0.6736
vn 0.9898 0.0370 0.1377
vn 0.9978 0.0266 0.0613
vn 0.9967 -0.0734 0.0341
vn 0.7155 -0.6968 0.0501
vn 0.0775 -0.9965 0.0325
vn 0.0087 -0.9998 0.0172
vn 0.0289 -0.9995 0.0128
vn 0.0183 -0.9998 0.0021
vn 0.0170 -0.9998 -0.0042
vn 0.0381 -0.9993 0.0019
vn 0.0468 -0.9989 -0.0022
vn 0.0528 -0.9985 0.0117
vn 0.0437 -0.9990 0.0045
vn 0.0465 -0.9989 0.0008
vn 0.0402 -0.9992 -0.0061
vn 0.0414 -0.9991 0.0040
vn 0.0450 -0.9990 0.0008
vn 0.0454 -0.9990 -0.0033
vn 0.0461 -0.9989 -0.0053
vn 0.0460 -0.9989 -0.0033
vn 0.0333 -0.9994 -0.0060
vn 0.0333 -0.9994 -0.0032
vn 0.0325 -0.9994 -0.0081
vn 0.0341 -0.9994 -0.0065
vn 0.0327 -0.9995 -0.0036
vn 0.0287 -0.9996 -0.0066
vn 0.0217 -0.9996 -0.0193
vn 0.0243 -0.9997 -0.0091
vn 0.0285 -0.9996 -0.0016
vn 0.0239 -0.9997 -0.0095
vn 0.0274 -0.9876 -0.1543
vn 0.0242 -0.9996 -0.0169
vn 0.0135 -0.6929 -0.7209
vn 0.0062 -0.1477 -0.9890
vn 0.0150 -0.0279 -0.9995
vn 0.0181 -0.0256 -0.9995
vn 0.0146 -0.0285 -0.9995
vn 0.0108 -0.0190 -0.9998
vn 0.0117 -0.0120 -0.9999
vn 0.0097 -0.0048 -0.9999
vn 0.0117 0.0021 -0.9999
vn 0.0215 0.0092 -0.9997
vn 0.0228 0.0311 -0.9993
vn 0.0108 0.1555 -0.9878
vn -0.0137 0.7019 -0.7122
vn -0.0356 0.9899 -0.1370
vn -0.0382 0.9991 0.0188
vn -0.0352 0.9990 0.0285
vn -0.0319 0.9992 0.0242
vn -0.0267 0.9994 0.0227
vn -0.0240 0.9995 0.0199
vn -0.0250 0.9995 0.0193
vn -0.0255 0.9995 0.0209
vn -0.0301 0.9994 0.0183
vn -0.0235 0.9996 0.0175
vn -0.0230 0.9996 0.0182
vn -0.0243 0.9996 0.0163
vn -0.0290 0.9995 0.0097
vn -0.0261 0.9996 0.0087
vn -0.0292 0.9996 0.0037
vn -0.0284 0.9996 -0.0001
vn -0.0340 0.9994 -0.0025
vn -0.0355 0.9994 -0.0050
vn -0.0352 0.9993 -0.0081
vn -0.0284 0.9995 -0.0119
vn -0.0203 0.9997 -0.0113
vn -0.0323 0.9993 -0.0176
vn -0.0362 0.9992 -0.0166
vn -0.0316 0.9994 -0.0157
vn -0.0225 0.9995 -0.0228
vn -0.0288 0.9992 -0.0277
vn -0.0320 0.9986 -0.0428
vn -0.0211 0.9994 -0.0271
vn -0.0288 0.9993 -0.0238
vn -0.0203 0.9994 -0.0298
vn -0.0193 0.9997 -0.0144
vn -0.0183 0.9914 0.1294
vn -0.0165 0.6601 0.7510
vn -0.0066 0.0965 0.9953
vn -0.0127 0.0292 0.9995
vn -0.0294 0.0112 0.9995
vn -0.0250 0.0167 0.9995
vn -0.0233 0.0216 0.9995
vn -0.0445 0.0248 0.9987
vn -0.0637 0.0235 0.9977
vn 0.0962 0.0228 0.9951
vn 0.7122 0.0240 0.7016
vn 0.9844 0.0101 0.1756
vn 0.9925 -0.0867 0.0862
vn 0.7140 -0.6971 0.0651
vn 0.0844 -0.9955 0.0435
vn 0.0073 -0.9996 0.0286
vn 0.0275 -0.9994 0.0232
vn 0.0286 -0.9996 0.0045
vn 0.0189 -0.9998 -0.0094
vn 0.0376 -0.9993 -0.0003
vn 0.0460 -0.9989 -0.0012
vn 0.0509 -0.9987 0.0014
vn 0.0474 -0.9988 0.0100
vn 0.0462 -0.9989 0.0035
vn 0.0466 -0.9989 -0.0034
vn 0.0380 -0.9993 -0.0064
vn 0.0468 -0.9989 0.0046
vn 0.0465 -0.9989 -0.0005
vn 0.0450 -0.9990 -0.0030
vn 0.0463 -0.9989 -0.0046
vn 0.0388 -0.9992 -0.0073
vn 0.0294 -0.9995 -0.0070
vn 0.0353 -0.9994 -0.0016
vn 0.0333 -0.9994 -0.0096
vn 0.0346 -0.9994 -0.0074
vn 0.0313 -0.9995 -0.0057
vn 0.0268 -0.9996 -0.0117
vn 0.0177 -0.9997 -0.0177
vn 0.0267 -0.9996 -0.0038
vn 0.0245 -0.9997 -0.0027
vn 0.0219 -0.9997 -0.0094
vn 0.0221 -0.9996 -0.0151
vn 0.0196 -0.9873 -0.1579
vn -0.0010 -0.6960 -0.7180
vn 0.0168 -0.1549 -0.9878
vn 0.0190 -0.0262 -0.9995
vn 0.0127 -0.0268 -0.9996
vn 0.0111 -0.0287 -0.9995
vn 0.0075 -0.0211 -0.9997
vn 0.0069 -0.0177 -0.9998
vn 0.0131 -0.0046 -0.9999
vn 0.0217 0.0037 -0.9998
vn 0.0291 0.0096 -0.9995
vn 0.0289 0.0394 -0.9988
vn 0.0274 0.1745 -0.9843
vn 0.0009 0.7143 -0.6999
vn -0.0313 0.9907 -0.1325
vn -0.0335 0.9994 0.0119
vn -0.0322 0.9992 0.0251
vn -0.0332 0.9991 0.0254
vn -0.0335 0.9992 0.0217
vn -0.0267 0.9994 0.0217
vn -0.0255 0.9995 0.0192
vn -0.0234 0.9995 0.0210
vn -0.0277 0.9994 0.0193
vn -0.0295 0.9994 0.0157
vn -0.0213 0.9996 0.0163
vn -0.0216 0.9996 0.0177
vn -0.0274 0.9996 0.0090
vn -0.0250 0.9997 0.0054
vn -0.0237 0.9997 0.0027
vn -0.0274 0.9996 -0.0006
vn -0.0306 0.9995 -0.0002
vn -0.0349 0.9994 -0.0035
vn -0.0384 0.9992 -0.0060
vn -0.0374 0.9993 -0.0100
vn -0.0277 0.9995 -0.0132
vn -0.0207 0.9997 -0.0154
vn -0.0312 0.9993 -0.0200
vn -0.0330 0.9993 -0.0155
vn -0.0343 0.9992 -0.0221
vn -0.0222 0.9994 -0.0257
vn -0.0362 0.9985 -0.0407
vn -0.0200 0.9991 -0.0383
vn -0.0202 0.9994 -0.0268
vn -0.0196 0.9991 -0.0375
vn -0.0165 0.9997 -0.0184
vn -0.0137 0.9928 0.1189
vn -0.0159 0.6596 0.7514
vn -0.0182 0.0838 0.9963
vn -0.0139 0.0199 0.9997
vn -0.0197 0.0035 0.9998
vn -0.0336 0.0127 0.9994
vn -0.0279 0.0260 0.9993
vn -0.0174 0.0249 0.9995
vn -0.0488 0.0244 0.9985
vn -0.0599 0.0232 0.9979
vn 0.0881 0.0171 0.9960
vn 0.6810 -0.0146 0.7322
vn 0.6976 -0.6916 0.1872
vn 0.0944 -0.9940 0.0554
vn 0.0112 -0.9993 0.0344
vn 0.0239 -0.9993 0.0275
vn 0.0381 -0.9990 0.0234
vn 0.0321 -0.9994 -0.0094
vn 0.0336 -0.9994 -0.0063
vn 0.0487 -0.9988 0.0006
vn 0.0505 -0.9987 -0.0036
vn 0.0501 -0.9987 0.0022
vn 0.0457 -0.9989 0.0081
vn 0.0512 -0.9987 0.0033
vn 0.0375 -0.9993 -0.0090
vn 0.0445 -0.9990 -0.0012
vn 0.0481 -0.9988 0.0026
vn 0.0446 -0.9990 -0.0014
vn 0.0448 -0.9990 -0.0011
vn 0.0425 -0.9991 -0.0048
vn 0.0306 -0.9994 -0.0129
vn 0.0345 -0.9994 -0.0038
vn 0.0348 -0.9994 -0.0044
vn 0.0351 -0.9993 -0.0087
vn 0.0327 -0.9994 -0.0088
vn 0.0310 -0.9995 -0.0073
vn 0.0165 -0.9997 -0.0173
vn 0.0225 -0.9997 -0.0116
vn 0.0269 -0.9996 -0.0030
vn 0.0239 -0.9997 -0.0055
vn 0.0237 -0.9997 -0.0109
vn 0.0174 -0.9996 -0.0210
vn 0.0050 -0.9856 -0.1688
vn 0.0177 -0.6983 -0.7156
vn 0.0281 -0.1520 -0.9880
vn 0.0115 -0.0250 -0.9996
vn 0.0117 -0.0279 -0.9995
vn 0.0095 -0.0250 -0.9996
vn 0.0037 -0.0230 -0.9997
vn 0.0154 -0.0190 -0.9997
vn 0.0227 -0.0038 -0.9997
vn 0.0303 0.0044 -0.9995
vn 0.0329 0.0101 -0.9994
vn 0.0410 0.0430 -0.9982
vn 0.0378 0.1870 -0.9816
vn 0.0001 0.7269 -0.6867
vn -0.0334 0.9906 -0.1323
vn -0.0314 0.9995 0.0064
vn -0.0282 0.9994 0.0210
vn -0.0291 0.9993 0.0237
vn -0.0317 0.9993 0.0205
vn -0.0318 0.9993 0.0208
vn -0.0275 0.9994 0.0198
vn -0.0262 0.9994 0.0204
vn -0.0220 0.9996 0.0199
vn -0.0306 0.9994 0.0172
vn -0.0291 0.9995 0.0152
vn -0.0194 0.9997 0.0165
vn -0.0216 0.9997 0.0106
vn -0.0280 0.9996 0.0027
vn -0.0231 0.9997 0.0024
vn -0.0229 0.9997 -0.0018
vn -0.0271 0.9996 0.0022
vn -0.0320 0.9995 -0.0033
vn -0.0346 0.9994 -0.0048
vn -0.0418 0.9991 -0.0065
vn -0.0410 0.9991 -0.0124
vn -0.0274 0.9995 -0.0138
vn -0.0231 0.9995 -0.0204
vn -0.0266 0.9994 -0.0199
vn -0.0325 0.9993 -0.0199
vn -0.0336 0.9991 -0.0274
vn -0.0260 0.9992 -0.0316
vn -0.0416 0.9980 -0.0470
vn -0.0120 0.9996 -0.0248
vn -0.0215 0.9989 -0.0423
vn -0.0165 0.9997 -0.0178
vn -0.0172 0.9931 0.1158
vn -0.0142 0.6626 0.7488
vn -0.0208 0.0698 0.9973
vn -0.0242 0.0153 0.9996
vn -0.0192 -0.0008 0.9998
vn -0.0213 0.0153 0.9997
vn -0.0325 0.0290 0.9991
vn -0.0242 0.0297 0.9993
vn -0.0202 0.0182 0.9996
vn -0.0467 0.0288 0.9985
vn -0.0537 0.0212 0.9983
vn 0.0760 -0.0283 0.9967
vn 0.5909 -0.2821 0.7558
vn 0.0982 -0.9756 0.1966
vn 0.0139 -0.9987 0.0482
vn 0.0275 -0.9992 0.0286
vn 0.0412 -0.9988 0.0278
vn 0.0423 -0.9990 0.0162
vn 0.0478 -0.9989 -0.0042
vn 0.0413 -0.9991 -0.0067
vn 0.0526 -0.9986 -0.0014
vn 0.0512 -0.9987 -0.0050
vn 0.0441 -0.9990 0.0033
vn 0.0519 -0.9986 0.0084
vn 0.0418 -0.9991 -0.0001
vn 0.0379 -0.9993 -0.0073
vn 0.0476 -0.9989 0.0029
vn 0.0440 -0.9990 0.0026
vn 0.0424 -0.9991 -0.0007
vn 0.0411 -0.9992 0.0017
vn 0.0350 -0.9994 -0.0072
vn 0.0315 -0.9994 -0.0139
vn 0.0372 -0.9993 -0.0022
vn 0.0336 -0.9994 -0.0058
vn 0.0338 -0.9994 -0.0081
vn 0.0308 -0.9995 -0.0089
vn 0.0219 -0.9997 -0.0113
vn 0.0175 -0.9997 -0.0173
vn 0.0283 -0.9996 -0.0091
vn 0.0256 -0.9997 -0.0046
vn 0.0248 -0.9997 -0.0071
vn 0.0245 -0.9996 -0.0132
vn 0.0126 -0.9995 -0.0292
vn 0.0118 -0.9844 -0.1753
vn 0.0390 -0.6994 -0.7136
vn 0.0281 -0.1521 -0.9880
vn 0.0139 -0.1497 -0.9886
vn 0.0090 -0.0279 -0.9996
vn 0.0147 -0.0257 -0.9996
vn 0.0051 -0.0196 -0.9998
vn 0.0162 -0.0248 -0.9996
vn 0.0222 -0.0185 -0.9996
vn 0.0296 -0.0046 -0.9996
vn 0.0324 0.0045 -0.9995
vn 0.0415 0.0096 -0.9991
vn 0.0472 0.0443 -0.9979
vn 0.0336 0.1946 -0.9803
vn -0.0148 0.7308 -0.6824
vn -0.0270 0.9906 -0.1342
vn -0.0255 0.9997 0.0013
vn -0.0263 0.9995 0.0163
vn -0.0243 0.9995 0.0206
vn -0.0273 0.9994 0.0190
vn -0.0285 0.9995 0.0169
vn -0.0276 0.9995 0.0173
vn -0.0245 0.9996 0.0172
vn -0.0222 0.9996 0.0200
vn -0.0325 0.9994 0.0152
vn -0.0281 0.9995 0.0150
vn -0.0190 0.9998 0.0116
vn -0.0218 0.9998 0.0016
vn -0.0271 0.9996 0.0031
vn -0.0253 0.9997 -0.0001
vn -0.0220 0.9998 0.0020
vn -0.0294 0.9996 -0.0019
vn -0.0292 0.9995 -0.0082
vn -0.0319 0.9995 -0.0065
vn -0.0434 0.9990 -0.0110
vn -0.0416 0.9990 -0.0144
vn -0.0305 0.9994 -0.0165
vn -0.0253 0.9994 -0.0221
vn -0.0232 0.9995 -0.0192
vn -0.0340 0.9990 -0.0288
vn -0.0286 0.9991 -0.0307
vn -0.0368 0.9985 -0.0400
vn -0.0334 0.9989 -0.0327
vn -0.0186 0.9992 -0.0363
vn -0.0204 0.9996 -0.0175
vn -0.0286 0.9917 0.1250
vn -0.0166 0.6639 0.7477
vn -0.0142 0.6627 0.7487
vn -0.0098 0.0659 0.9978
vn -0.0220 0.0199 0.9996
vn -0.0212 0.0006 0.9998
vn -0.0156 0.0225 0.9996
vn -0.0199 0.0303 0.9993
vn -0.0371 0.0287 0.9989
vn -0.0250 0.0090 0.9996
vn -0.0340 0.0175 0.9993
vn -0.0498 0.0249 0.9984
vn -0.0436 -0.0297 0.9986
vn 0.0860 -0.4309 0.8983
vn 0.1007 -0.8532 0.5118
vn 0.0167 -0.9833 0.1810
vn 0.0347 -0.9984 0.0450
vn 0.0412 -0.9988 0.0251
vn 0.0448 -0.9986 0.0293
vn 0.0358 -0.9993 0.0130
vn 0.0444 -0.9990 0.0038
vn 0.0524 -0.9986 -0.0009
vn 0.0512 -0.9987 -0.0023
vn 0.0398 -0.9992 -0.0030
vn 0.0483 -0.9988 0.0082
vn 0.0451 -0.9990 0.0076
vn 0.0339 -0.9994 -0.0024
vn 0.0420 -0.9991 0.0010
vn 0.0409 -0.9991 0.0062
vn 0.0404 -0.9992 0.0040
vn 0.0379 -0.9993 0.0014
vn 0.0359 -0.9993 0.0044
vn 0.0303 -0.9995 -0.0098
vn 0.0342 -0.9994 -0.0093
vn 0.0338 -0.9994 -0.0028
vn 0.0335 -0.9994 -0.0046
vn 0.0304 -0.9995 -0.0087
vn 0.0263 -0.9996 -0.0091
vn 0.0157 -0.9998 -0.0148
vn 0.0252 -0.9996 -0.0119
vn 0.0263 -0.9996 -0.0102
vn 0.0251 -0.9997 -0.0053
vn 0.0254 -0.9997 -0.0067
vn 0.0194 -0.9996 -0.0189
vn 0.0135 -0.9994 -0.0308
vn 0.0242 -0.9856 -0.1674
vn 0.0234 -0.7019 -0.7119
vn 0.0019 -0.1583 -0.9874
vn 0.0149 -0.0325 -0.9994
vn 0.0089 -0.0231 -0.9997
vn 0.0115 -0.0205 -0.9997
vn 0.0200 -0.0271 -0.9994
vn 0.0277 -0.0210 -0.9994
vn 0.0338 -0.0040 -0.9994
vn 0.0408 0.0036 -0.9992
vn 0.0527 0.0129 -0.9985
vn 0.0475 0.0519 -0.9975
vn 0.0166 0.2036 -0.9789
vn -0.0117 0.7267 -0.6869
vn -0.0194 0.9913 -0.1302
vn -0.0202 0.9998 -0.0049
vn -0.0207 0.9997 0.0115
vn -0.0200 0.9997 0.0152
vn -0.0211 0.9996 0.0178
vn -0.0266 0.9995 0.0147
vn -0.0254 0.9996 0.0137
vn -0.0227 0.9996 0.0157
vn -0.0233 0.9996 0.0141
vn -0.0199 0.9996 0.0185
vn -0.0240 0.9996 0.0166
vn -0.0314 0.9994 0.0131
vn -0.0278 0.9995 0.0122
vn -0.0216 0.9998 0.0039
vn -0.0232 0.9997 0.0050
vn -0.0293 0.9996 0.0029
vn -0.0263 0.9997 0.0006
vn -0.0218 0.9998 0.0006
vn -0.0298 0.9995 -0.0119
vn -0.0241 0.9997 -0.0105
vn -0.0277 0.9995 -0.0133
vn -0.0430 0.9990 -0.0154
vn -0.0402 0.9991 -0.0143
vn -0.0360 0.9992 -0.0185
vn -0.0261 0.9995 -0.0194
vn -0.0246 0.9994 -0.0262
vn -0.0329 0.9988 -0.0352
vn -0.0234 0.9991 -0.0352
vn -0.0411 0.9982 -0.0435
vn -0.0210 0.9992 -0.0342
vn -0.0233 0.9995 -0.0202
vn -0.0254 0.9900 0.1386
vn -0.0350 0.6633 0.7476
vn -0.0166 0.6639 0.7476
vn -0.0048 0.0710 0.9975
vn -0.0048 0.0264 0.9996
vn -0.0107 0.0098 0.9999
vn -0.0176 0.0297 0.9994
vn -0.0088 0.0323 0.9994
vn -0.0194 0.0261 0.9995
vn -0.0332 0.0090 0.9994
vn -0.0323 0.0064 0.9995
vn -0.0401 0.0268 0.9988
vn -0.0423 -0.0257 0.9988
vn -0.0100 -0.4509 0.8925
vn 0.0178 -0.8704 0.4921
vn 0.0353 -0.9838 0.1755
vn 0.0414 -0.9983 0.0414
vn 0.0415 -0.9988 0.0268
vn 0.0369 -0.9989 0.0288
vn 0.0336 -0.9993 0.0178
vn 0.0482 -0.9988 0.0113
vn 0.0502 -0.9987 0.0011
vn 0.0366 -0.9993 -0.0013
vn 0.0400 -0.9992 0.0037
vn 0.0456 -0.9989 0.0123
vn 0.0356 -0.9994 0.0050
vn 0.0333 -0.9994 0.0009
vn 0.0367 -0.9993 0.0073
vn 0.0396 -0.9992 0.0091
vn 0.0383 -0.9993 0.0026
vn 0.0347 -0.9994 0.0031
vn 0.0320 -0.9995 0.0039
vn 0.0294 -0.9995 -0.0086
vn 0.0333 -0.9994 -0.0053
vn 0.0328 -0.9995 -0.0034
vn 0.0309 -0.9995 -0.0046
vn 0.0276 -0.9996 -0.0088
vn 0.0182 -0.9998 -0.0125
vn 0.0183 -0.9998 -0.0115
vn 0.0259 -0.9996 -0.0078
vn 0.0261 -0.9996 -0.0110
vn 0.0245 -0.9997 -0.0055
vn 0.0254 -0.9996 -0.0079
vn 0.0157 -0.9995 -0.0262
vn 0.0210 -0.9994 -0.0283
vn 0.0243 -0.9870 -0.1592
vn 0.0091 -0.7069 -0.7073
vn 0.0136 -0.1690 -0.9855
vn 0.0127 -0.0317 -0.9994
vn 0.0068 -0.0228 -0.9997
vn 0.0179 -0.0243 -0.9995
vn 0.0275 -0.0276 -0.9992
vn 0.0392 -0.0187 -0.9991
vn 0.0407 -0.0021 -0.9992
vn 0.0550 0.0020 -0.9985
vn 0.0592 0.0209 -0.9980
vn 0.0371 0.0680 -0.9970
vn 0.0097 0.2116 -0.9773
vn -0.0045 0.7297 -0.6838
vn -0.0195 0.9916 -0.1277
vn -0.0166 0.9998 -0.0102
vn -0.0171 0.9998 0.0096
vn -0.0160 0.9998 0.0093
vn -0.0154 0.9998 0.0154
vn -0.0191 0.9997 0.0138
vn -0.0273 0.9995 0.0137
vn -0.0246 0.9996 0.0134
vn -0.0206 0.9997 0.0130
vn -0.0196 0.9997 0.0133
vn -0.0168 0.9997 0.0169
vn -0.0236 0.9997 0.0107
vn -0.0289 0.9995 0.0105
vn -0.0275 0.9996 0.0061
vn -0.0241 0.9997 0.0065
vn -0.0259 0.9996 0.0058
vn -0.0313 0.9995 0.0003
vn -0.0239 0.9997 0.0001
vn -0.0243 0.9996 -0.0111
vn -0.0279 0.9995 -0.0135
vn -0.0207 0.9996 -0.0168
vn -0.0239 0.9996 -0.0169
vn -0.0422 0.9990 -0.0156
vn -0.0403 0.9991 -0.0150
vn -0.0388 0.9991 -0.0195
vn -0.0253 0.9993 -0.0257
vn -0.0273 0.9990 -0.0357
vn -0.0277 0.9988 -0.0413
vn -0.0222 0.9987 -0.0448
vn -0.0300 0.9984 -0.0470
vn -0.0176 0.9996 -0.0213
vn -0.0135 0.9908 0.1350
vn -0.0267 0.6556 0.7547
vn -0.0350 0.6633 0.7475
vn -0.0120 0.0794 0.9968
vn -0.0003 0.0290 0.9996
vn -0.0025 0.0166 0.9999
vn -0.0087 0.0277 0.9996
vn -0.0145 0.0350 0.9993
vn -0.0123 0.0210 0.9997
vn -0.0164 0.0141 0.9998
vn -0.0300 0.0054 0.9995
vn -0.0385 0.0199 0.9991
vn -0.0392 -0.0186 0.9991
vn -0.0175 -0.4441 0.8958
vn 0.0181 -0.8706 0.4916
vn 0.0368 -0.9838 0.1756
vn 0.0379 -0.9984 0.0420
vn 0.0385 -0.9988 0.0291
vn 0.0305 -0.9992 0.0254
vn 0.0443 -0.9987 0.0240
vn 0.0366 -0.9992 0.0128
vn 0.0365 -0.9993 0.0012
vn 0.0337 -0.9994 0.0011
vn 0.0442 -0.9990 0.0091
vn 0.0397 -0.9992 0.0102
vn 0.0313 -0.9995 0.0019
vn 0.0338 -0.9994 0.0058
vn 0.0394 -0.9992 0.0088
vn 0.0406 -0.9991 0.0087
vn 0.0360 -0.9994 -0.0006
vn 0.0337 -0.9994 0.0033
vn 0.0296 -0.9996 -0.0001
vn 0.0314 -0.9995 -0.0052
vn 0.0332 -0.9994 -0.0053
vn 0.0316 -0.9995 -0.0033
vn 0.0278 -0.9996 -0.0054
vn 0.0223 -0.9997 -0.0107
vn 0.0160 -0.9997 -0.0160
vn 0.0245 -0.9997 -0.0073
vn 0.0277 -0.9996 -0.0082
vn 0.0247 -0.9996 -0.0118
vn 0.0257 -0.9997 -0.0039
vn 0.0224 -0.9997 -0.0133
vn 0.0175 -0.9995 -0.0277
vn 0.0237 -0.9994 -0.0249
vn 0.0220 -0.9867 -0.1611
vn 0.0198 -0.7103 -0.7037
vn 0.0158 -0.1748 -0.9845
vn 0.0069 -0.0281 -0.9996
vn 0.0174 -0.0241 -0.9996
vn 0.0296 -0.0237 -0.9993
vn 0.0453 -0.0234 -0.9987
vn 0.0434 -0.0129 -0.9990
vn 0.0518 -0.0038 -0.9987
vn 0.0637 0.0003 -0.9980
vn 0.0536 0.0310 -0.9981
vn 0.0261 0.0888 -0.9957
vn 0.0084 0.2139 -0.9768
vn -0.0127 0.7382 -0.6745
vn -0.0242 0.9910 -0.1315
vn -0.0229 0.9997 -0.0117
vn -0.0155 0.9998 0.0101
vn -0.0159 0.9999 0.0054
vn -0.0120 0.9998 0.0131
vn -0.0122 0.9999 0.0112
vn -0.0178 0.9997 0.0144
vn -0.0284 0.9995 0.0135
vn -0.0247 0.9996 0.0130
vn -0.0192 0.9998 0.0095
vn -0.0145 0.9998 0.0142
vn -0.0180 0.9998 0.0113
vn -0.0214 0.9997 0.0084
vn -0.0266 0.9996 0.0048
vn -0.0258 0.9997 0.0051
vn -0.0235 0.9997 0.0061
vn -0.0261 0.9997 -0.0002
vn -0.0303 0.9995 -0.0025
vn -0.0241 0.9997 -0.0074
vn -0.0276 0.9995 -0.0126
vn -0.0287 0.9995 -0.0165
vn -0.0167 0.9996 -0.0210
vn -0.0234 0.9996 -0.0151
vn -0.0404 0.9991 -0.0153
vn -0.0405 0.9990 -0.0200
vn -0.0378 0.9989 -0.0274
vn -0.0239 0.9991 -0.0351
vn -0.0268 0.9986 -0.0464
vn -0.0224 0.9987 -0.0453
vn -0.0256 0.9983 -0.0533
vn -0.0175 0.9995 -0.0250
vn -0.0181 0.9921 0.1240
vn -0.0067 0.6546 0.7559
vn -0.0076 0.0897 0.9959
vn -0.0063 0.0272 0.9996
vn -0.0031 0.0130 0.9999
vn -0.0060 0.0202 0.9998
vn -0.0152 0.0342 0.9993
vn -0.0174 0.0107 0.9998
vn -0.0224 0.0116 0.9997
vn -0.0162 0.0006 0.9999
vn -0.0314 0.0175 0.9994
vn -0.0364 -0.0159 0.9992
vn -0.0184 -0.4278 0.9037
vn 0.0176 -0.8663 0.4993
vn 0.0358 -0.9840 0.1743
vn 0.0360 -0.9983 0.0449
vn 0.0319 -0.9991 0.0293
vn 0.0382 -0.9989 0.0280
vn 0.0366 -0.9990 0.0257
vn 0.0329 -0.9994 0.0131
vn 0.0325 -0.9995 0.0001
vn 0.0425 -0.9991 0.0036
vn 0.0443 -0.9990 0.0081
vn 0.0400 -0.9992 0.0011
vn 0.0323 -0.9995 0.0004
vn 0.0398 -0.9992 0.0071
vn 0.0414 -0.9991 0.0085
vn 0.0385 -0.9992 0.0072
vn 0.0341 -0.9994 -0.0026
vn 0.0339 -0.9994 0.0015
vn 0.0291 -0.9996 -0.0017
vn 0.0341 -0.9994 -0.0045
vn 0.0317 -0.9995 -0.0057
vn 0.0299 -0.9995 -0.0055
vn 0.0249 -0.9997 -0.0065
vn 0.0199 -0.9997 -0.0153
vn 0.0231 -0.9996 -0.0166
vn 0.0288 -0.9996 -0.0066
vn 0.0259 -0.9996 -0.0101
vn 0.0242 -0.9996 -0.0115
vn 0.0259 -0.9997 -0.0027
vn 0.0156 -0.9997 -0.0167
vn 0.0192 -0.9995 -0.0231
vn 0.0214 -0.9995 -0.0244
vn 0.0209 -0.9863 -0.1634
vn 0.0150 -0.7152 -0.6988
vn 0.0087 -0.1794 -0.9837
vn 0.0170 -0.0271 -0.9995
vn 0.0312 -0.0232 -0.9992
vn 0.0464 -0.0239 -0.9986
vn 0.0470 -0.0197 -0.9987
vn 0.0495 -0.0109 -0.9987
vn 0.0607 -0.0081 -0.9981
vn 0.0611 0.0011 -0.9981
vn 0.0446 0.0429 -0.9981
vn 0.0187 0.1079 -0.9940
vn 0.0034 0.2178 -0.9760
vn -0.0203 0.7417 -0.6705
vn -0.0238 0.9908 -0.1334
vn -0.0273 0.9996 -0.0088
vn -0.0219 0.9997 0.0085
vn -0.0149 0.9999 0.0043
vn -0.0123 0.9999 0.0089
vn -0.0115 0.9999 0.0101
vn -0.0077 0.9999 0.0114
vn -0.0181 0.9997 0.0141
vn -0.0274 0.9995 0.0124
vn -0.0245 0.9997 0.0077
vn -0.0155 0.9998 0.0093
vn -0.0125 0.9998 0.0134
vn -0.0204 0.9998 0.0083
vn -0.0206 0.9998 0.0037
vn -0.0214 0.9998 -0.0003
vn -0.0224 0.9997 0.0034
vn -0.0218 0.9998 -0.0019
vn -0.0246 0.9997 -0.0034
vn -0.0288 0.9996 -0.0071
vn -0.0266 0.9996 -0.0111
vn -0.0293 0.9995 -0.0139
vn -0.0302 0.9993 -0.0238
vn -0.0094 0.9998 -0.0190
vn -0.0245 0.9996 -0.0159
vn -0.0369 0.9991 -0.0228
vn -0.0391 0.9988 -0.0292
vn -0.0360 0.9987 -0.0367
vn -0.0241 0.9986 -0.0469
vn -0.0233 0.9985 -0.0490
vn -0.0214 0.9985 -0.0504
vn -0.0249 0.9992 -0.0325
vn -0.0181 0.9920 0.1246
vn -0.0224 0.6644 0.7470
vn -0.0091 0.0909 0.9958
vn -0.0023 0.0240 0.9997
vn -0.0109 0.0063 0.9999
vn -0.0085 0.0153 0.9998
vn -0.0099 0.0324 0.9994
vn -0.0110 0.0114 0.9999
vn -0.0245 0.0046 0.9997
vn -0.0233 0.0016 0.9997
vn -0.0212 0.0144 0.9997
vn -0.0372 -0.0202 0.9991
vn -0.0111 -0.4225 0.9063
vn 0.0240 -0.8618 0.5067
vn 0.0281 -0.9843 0.1742
vn 0.0328 -0.9984 0.0455
vn 0.0318 -0.9990 0.0313
vn 0.0376 -0.9988 0.0312
vn 0.0312 -0.9992 0.0267
vn 0.0406 -0.9991 0.0141
vn 0.0418 -0.9991 -0.0006
vn 0.0457 -0.9989 0.0047
vn 0.0506 -0.9987 0.0022
vn 0.0335 -0.9994 -0.0070
vn 0.0372 -0.9993 0.0032
vn 0.0394 -0.9992 0.0092
vn 0.0389 -0.9992 0.0088
vn 0.0349 -0.9994 0.0057
vn 0.0340 -0.9994 -0.0017
vn 0.0281 -0.9996 -0.0000
vn 0.0316 -0.9995 0.0023
vn 0.0313 -0.9995 -0.0045
vn 0.0316 -0.9995 -0.0052
vn 0.0229 -0.9997 -0.0082
vn 0.0211 -0.9996 -0.0168
vn 0.0259 -0.9996 -0.0126
vn 0.0257 -0.9997 -0.0051
vn 0.0234 -0.9997 -0.0114
vn 0.0262 -0.9996 -0.0107
vn 0.0188 -0.9998 -0.0065
vn 0.0151 -0.9998 -0.0155
vn 0.0225 -0.9995 -0.0204
vn 0.0204 -0.9994 -0.0283
vn 0.0141 -0.9861 -0.1657
vn 0.0096 -0.7185 -0.6955
vn 0.0087 -0.1795 -0.9837
vn 0.0169 -0.1858 -0.9824
vn 0.0327 -0.0267 -0.9991
vn 0.0429 -0.0244 -0.9988
vn 0.0488 -0.0249 -0.9985
vn 0.0504 -0.0174 -0.9986
vn 0.0576 -0.0121 -0.9983
vn 0.0624 -0.0111 -0.9980
vn 0.0554 0.0061 -0.9984
vn 0.0400 0.0613 -0.9973
vn 0.0150 0.1226 -0.9923
vn 0.0024 0.2306 -0.9730
vn -0.0167 0.7454 -0.6664
vn -0.0233 0.9908 -0.1333
vn -0.0230 0.9997 -0.0069
vn -0.0277 0.9996 0.0048
vn -0.0181 0.9998 0.0017
vn -0.0118 0.9999 0.0034
vn -0.0079 0.9999 0.0093
vn -0.0087 0.9999 0.0054
vn -0.0040 0.9999 0.0137
vn -0.0173 0.9998 0.0104
vn -0.0261 0.9996 0.0072
vn -0.0231 0.9997 0.0058
vn -0.0120 0.9998 0.0130
vn -0.0146 0.9998 0.0109
vn -0.0226 0.9997 0.0054
vn -0.0217 0.9998 -0.0033
vn -0.0185 0.9998 0.0026
vn -0.0225 0.9997 -0.0006
vn -0.0209 0.9998 -0.0040
vn -0.0242 0.9997 -0.0078
vn -0.0272 0.9996 -0.0109
vn -0.0269 0.9995 -0.0138
vn -0.0325 0.9992 -0.0211
vn -0.0283 0.9993 -0.0255
vn -0.0057 0.9999 -0.0149
vn -0.0261 0.9994 -0.0239
vn -0.0323 0.9990 -0.0322
vn -0.0380 0.9986 -0.0376
vn -0.0351 0.9983 -0.0462
vn -0.0254 0.9984 -0.0504
vn -0.0205 0.9985 -0.0505
vn -0.0248 0.9991 -0.0335
vn -0.0222 0.9919 0.1252
vn -0.0264 0.6624 0.7487
vn -0.0206 0.0856 0.9961
vn -0.0099 0.0238 0.9997
vn -0.0074 -0.0008 1.0000
vn -0.0139 0.0138 0.9998
vn -0.0124 0.0303 0.9995
vn -0.0078 0.0182 0.9998
vn -0.0057 0.0020 1.0000
vn -0.0282 0.0031 0.9996
vn -0.0164 0.0163 0.9997
vn -0.0247 -0.0282 0.9993
vn -0.0291 -0.4235 0.9054
vn 0.0037 -0.8580 0.5137
vn 0.0241 -0.9830 0.1820
vn 0.0287 -0.9986 0.0450
vn 0.0351 -0.9987 0.0364
vn 0.0294 -0.9991 0.0308
vn 0.0356 -0.9989 0.0317
vn 0.0377 -0.9992 0.0167
vn 0.0423 -0.9991 0.0021
vn 0.0510 -0.9987 0.0097
vn 0.0375 -0.9993 -0.0045
vn 0.0355 -0.9993 0.0073
vn 0.0406 -0.9991 0.0095
vn 0.0364 -0.9993 0.0084
vn 0.0332 -0.9994 0.0038
vn 0.0288 -0.9996 -0.0006
vn 0.0263 -0.9997 0.0024
vn 0.0309 -0.9995 0.0046
vn 0.0302 -0.9995 -0.0032
vn 0.0289 -0.9996 -0.0050
vn 0.0225 -0.9997 -0.0100
vn 0.0205 -0.9998 -0.0087
vn 0.0207 -0.9997 -0.0134
vn 0.0215 -0.9997 -0.0077
vn 0.0236 -0.9997 -0.0041
vn 0.0259 -0.9996 -0.0106
vn 0.0241 -0.9996 -0.0134
vn 0.0151 -0.9998 -0.0107
vn 0.0228 -0.9996 -0.0147
vn 0.0231 -0.9995 -0.0201
vn 0.0202 -0.9992 -0.0332
vn 0.0133 -0.9850 -0.1723
vn 0.0217 -0.7223 -0.6913
vn 0.0169 -0.1859 -0.9824
vn 0.0305 -0.1989 -0.9796
vn 0.0405 -0.0261 -0.9988
vn 0.0496 -0.0261 -0.9984
vn 0.0537 -0.0222 -0.9983
vn 0.0582 -0.0147 -0.9982
vn 0.0606 -0.0140 -0.9981
vn 0.0606 -0.0105 -0.9981
vn 0.0574 0.0145 -0.9982
vn 0.0355 0.0864 -0.9956
vn 0.0177 0.1324 -0.9910
vn 0.0034 0.2476 -0.9689
vn -0.0109 0.7393 -0.6733
vn -0.0173 0.9909 -0.1335
vn -0.0151 0.9998 -0.0097
vn -0.0223 0.9997 0.0021
vn -0.0242 0.9997 -0.0018
vn -0.0137 0.9999 -0.0014
vn -0.0067 1.0000 0.0054
vn -0.0057 1.0000 0.0014
vn -0.0018 1.0000 0.0093
vn -0.0026 1.0000 0.0092
vn -0.0149 0.9999 0.0057
vn -0.0251 0.9997 0.0039
vn -0.0195 0.9998 0.0095
vn -0.0110 0.9999 0.0128
vn -0.0170 0.9998 0.0073
vn -0.0271 0.9996 0.0007
vn -0.0238 0.9997 0.0048
vn -0.0252 0.9997 0.0069
vn -0.0261 0.9997 -0.0024
vn -0.0216 0.9997 -0.0070
vn -0.0246 0.9996 -0.0116
vn -0.0270 0.9995 -0.0140
vn -0.0267 0.9995 -0.0181
vn -0.0368 0.9990 -0.0261
vn -0.0215 0.9996 -0.0190
vn -0.0102 0.9998 -0.0184
vn -0.0278 0.9990 -0.0336
vn -0.0308 0.9988 -0.0370
vn -0.0371 0.9982 -0.0469
vn -0.0348 0.9981 -0.0502
vn -0.0248 0.9983 -0.0529
vn -0.0202 0.9993 -0.0302
vn -0.0286 0.9920 0.1233
vn -0.0209 0.6708 0.7413
vn -0.0156 0.0884 0.9960
vn -0.0215 0.0244 0.9995
vn -0.0045 -0.0019 1.0000
vn -0.0119 0.0146 0.9998
vn -0.0138 0.0284 0.9995
vn -0.0167 0.0169 0.9997
vn -0.0065 0.0010 1.0000
vn -0.0129 -0.0044 0.9999
vn -0.0306 0.0201 0.9993
vn -0.0078 -0.0288 0.9996
vn -0.0154 -0.4270 0.9041
vn 0.0052 -0.8553 0.5182
vn 0.0277 -0.9824 0.1849
vn 0.0294 -0.9984 0.0481
vn 0.0305 -0.9988 0.0381
vn 0.0295 -0.9990 0.0328
vn 0.0357 -0.9987 0.0356
vn 0.0406 -0.9991 0.0113
vn 0.0318 -0.9993 0.0201
vn 0.0402 -0.9991 0.0131
vn 0.0244 -0.9997 -0.0047
vn 0.0334 -0.9994 -0.0000
vn 0.0430 -0.9990 0.0086
vn 0.0390 -0.9992 0.0056
vn 0.0349 -0.9994 0.0073
vn 0.0304 -0.9995 0.0019
vn 0.0236 -0.9997 -0.0011
vn 0.0307 -0.9995 0.0061
vn 0.0295 -0.9996 0.0035
vn 0.0273 -0.9996 -0.0012
vn 0.0226 -0.9997 -0.0056
vn 0.0217 -0.9997 -0.0100
vn 0.0184 -0.9998 -0.0095
vn 0.0183 -0.9998 -0.0101
vn 0.0226 -0.9997 -0.0045
vn 0.0273 -0.9996 -0.0055
vn 0.0266 -0.9996 -0.0102
vn 0.0195 -0.9996 -0.0194
vn 0.0227 -0.9997 -0.0112
vn 0.0237 -0.9996 -0.0160
vn 0.0219 -0.9996 -0.0196
vn 0.0243 -0.9991 -0.0348
vn 0.0239 -0.9837 -0.1784
vn 0.0289 -0.7270 -0.6860
vn 0.0305 -0.1989 -0.9795
vn 0.0363 -0.2186 -0.9751
vn 0.0452 -0.0313 -0.9985
vn 0.0583 -0.0248 -0.9980
vn 0.0622 -0.0178 -0.9979
vn 0.0618 -0.0107 -0.9980
vn 0.0632 -0.0141 -0.9979
vn 0.0647 -0.0068 -0.9979
vn 0.0580 0.0271 -0.9979
vn 0.0287 0.1063 -0.9939
vn 0.0215 0.1435 -0.9894
vn 0.0110 0.2613 -0.9652
vn -0.0056 0.7442 -0.6680
vn -0.0130 0.9912 -0.1319
vn -0.0125 0.9998 -0.0149
vn -0.0119 0.9999 0.0012
vn -0.0191 0.9998 -0.0052
vn -0.0201 0.9998 -0.0063
vn -0.0097 1.0000 0.0008
vn -0.0029 1.0000 -0.0004
vn -0.0018 1.0000 0.0028
vn 0.0029 1.0000 0.0080
vn -0.0019 1.0000 0.0039
vn -0.0132 0.9999 0.0027
vn -0.0209 0.9998 0.0037
vn -0.0148 0.9998 0.0102
vn -0.0109 0.9999 0.0080
vn -0.0184 0.9998 0.0047
vn -0.0285 0.9996 0.0042
vn -0.0248 0.9996 0.0122
vn -0.0312 0.9995 -0.0005
vn -0.0269 0.9996 -0.0081
vn -0.0212 0.9997 -0.0119
vn -0.0250 0.9996 -0.0129
vn -0.0273 0.9995 -0.0177
vn -0.0294 0.9993 -0.0219
vn -0.0359 0.9990 -0.0263
vn -0.0132 0.9997 -0.0181
vn -0.0177 0.9994 -0.0293
vn -0.0274 0.9989 -0.0377
vn -0.0309 0.9984 -0.0484
vn -0.0327 0.9980 -0.0536
vn -0.0328 0.9979 -0.0558
vn -0.0221 0.9993 -0.0307
vn -0.0205 0.9923 0.1226
vn -0.0264 0.6768 0.7357
vn -0.0083 0.0960 0.9953
vn -0.0122 0.0213 0.9997
vn -0.0167 0.0060 0.9998
vn -0.0028 0.0135 0.9999
vn -0.0106 0.0299 0.9995
vn -0.0167 0.0104 0.9998
vn -0.0180 0.0018 0.9998
vn -0.0073 -0.0116 0.9999
vn -0.0268 0.0141 0.9995
vn -0.0223 -0.0210 0.9995
vn 0.0139 -0.4409 0.8975
vn 0.0283 -0.8594 0.5105
vn 0.0293 -0.9836 0.1781
vn 0.0320 -0.9982 0.0500
vn 0.0284 -0.9989 0.0362
vn 0.0347 -0.9988 0.0355
vn 0.0304 -0.9989 0.0348
vn 0.0358 -0.9991 0.0239
vn 0.0392 -0.9991 0.0188
vn 0.0244 -0.9997 0.0099
vn 0.0302 -0.9995 0.0001
vn 0.0413 -0.9991 0.0027
vn 0.0427 -0.9991 0.0068
vn 0.0338 -0.9994 0.0050
vn 0.0326 -0.9995 0.0055
vn 0.0249 -0.9997 -0.0008
vn 0.0269 -0.9996 0.0016
vn 0.0295 -0.9995 0.0078
vn 0.0261 -0.9997 0.0031
vn 0.0231 -0.9997 0.0005
vn 0.0228 -0.9997 -0.0070
vn 0.0200 -0.9997 -0.0120
vn 0.0160 -0.9998 -0.0079
vn 0.0203 -0.9998 -0.0072
vn 0.0301 -0.9995 -0.0049
vn 0.0285 -0.9995 -0.0092
vn 0.0248 -0.9996 -0.0121
vn 0.0208 -0.9996 -0.0212
vn 0.0260 -0.9996 -0.0116
vn 0.0211 -0.9996 -0.0169
vn 0.0242 -0.9995 -0.0197
vn 0.0258 -0.9831 -0.1812
vn 0.0263 -0.9990 -0.0349
vn 0.0323 -0.7430 -0.6685
vn 0.0363 -0.2187 -0.9751
vn 0.0387 -0.2403 -0.9699
vn 0.0479 -0.0439 -0.9979
vn 0.0623 -0.0289 -0.9976
vn 0.0660 -0.0138 -0.9977
vn 0.0662 -0.0061 -0.9978
vn 0.0693 -0.0106 -0.9975
vn 0.0676 -0.0032 -0.9977
vn 0.0463 0.0448 -0.9979
vn 0.0302 0.1138 -0.9930
vn 0.0240 0.1561 -0.9875
vn 0.0090 0.2677 -0.9635
vn -0.0052 0.7506 -0.6607
vn -0.0206 0.9911 -0.1315
vn -0.0150 0.9997 -0.0209
vn -0.0088 1.0000 -0.0006
vn -0.0093 0.9999 -0.0087
vn -0.0152 0.9998 -0.0107
vn -0.0142 0.9999 -0.0042
vn -0.0074 1.0000 -0.0020
vn 0.0002 1.0000 -0.0019
vn 0.0042 1.0000 0.0039
vn 0.0047 1.0000 0.0031
vn -0.0014 1.0000 0.0028
vn -0.0119 0.9999 -0.0003
vn -0.0148 0.9999 0.0051
vn -0.0118 0.9999 0.0071
vn -0.0104 0.9999 0.0052
vn -0.0181 0.9998 0.0016
vn -0.0203 0.9998 0.0056
vn -0.0227 0.9997 -0.0014
vn -0.0294 0.9995 -0.0113
vn -0.0241 0.9996 -0.0136
vn -0.0198 0.9997 -0.0133
vn -0.0255 0.9995 -0.0176
vn -0.0273 0.9994 -0.0194
vn -0.0343 0.9991 -0.0262
vn -0.0292 0.9992 -0.0260
vn -0.0105 0.9996 -0.0246
vn -0.0212 0.9990 -0.0388
vn -0.0266 0.9985 -0.0483
vn -0.0285 0.9979 -0.0587
vn -0.0287 0.9979 -0.0586
vn -0.0272 0.9990 -0.0358
vn -0.0196 0.9921 0.1239
vn -0.0181 0.6857 0.7277
vn -0.0100 0.1021 0.9947
vn -0.0055 0.0163 0.9999
vn -0.0183 0.0073 0.9998
vn -0.0105 0.0135 0.9999
vn -0.0114 0.0247 0.9996
vn -0.0098 0.0059 0.9999
vn -0.0216 0.0011 0.9998
vn -0.0118 -0.0080 0.9999
vn -0.0102 0.0068 0.9999
vn -0.0322 -0.0153 0.9994
vn 0.0097 -0.4437 0.8961
vn 0.0320 -0.8673 0.4967
vn 0.0328 -0.9847 0.1712
vn 0.0314 -0.9984 0.0472
vn 0.0335 -0.9988 0.0356
vn 0.0311 -0.9989 0.0364
vn 0.0321 -0.9988 0.0356
vn 0.0386 -0.9990 0.0243
vn 0.0322 -0.9994 0.0151
vn 0.0263 -0.9996 0.0086
vn 0.0372 -0.9993 0.0043
vn 0.0425 -0.9991 0.0066
vn 0.0328 -0.9995 0.0044
vn 0.0324 -0.9994 0.0083
vn 0.0297 -0.9996 0.0008
vn 0.0238 -0.9997 -0.0017
vn 0.0278 -0.9996 0.0049
vn 0.0271 -0.9996 0.0076
vn 0.0225 -0.9997 0.0033
vn 0.0246 -0.9997 -0.0004
vn 0.0238 -0.9997 -0.0098
vn 0.0130 -0.9998 -0.0123
vn 0.0176 -0.9998 -0.0057
vn 0.0307 -0.9995 -0.0048
vn 0.0346 -0.9994 -0.0099
vn 0.0289 -0.9995 -0.0134
vn 0.0238 -0.9996 -0.0181
vn 0.0253 -0.9995 -0.0178
vn 0.0216 -0.9997 -0.0134
vn 0.0239 -0.9996 -0.0157
vn 0.0283 -0.9994 -0.0214
vn 0.0186 -0.9992 -0.0358
vn 0.0235 -0.9839 -0.1770
vn 0.0381 -0.7602 -0.6486
vn 0.0387 -0.2404 -0.9699
vn 0.0371 -0.2585 -0.9653
vn 0.0512 -0.0607 -0.9968
vn 0.0634 -0.0357 -0.9973
vn 0.0665 -0.0142 -0.9977
vn 0.0709 -0.0045 -0.9975
vn 0.0709 -0.0066 -0.9975
vn 0.0612 0.0026 -0.9981
vn 0.0403 0.0632 -0.9972
vn 0.0326 0.1172 -0.9926
vn 0.0120 0.1611 -0.9869
vn 0.0042 0.2704 -0.9627
vn -0.0164 0.7623 -0.6470
vn -0.0166 0.9910 -0.1327
vn -0.0100 0.9996 -0.0252
vn -0.0089 0.9999 -0.0048
vn -0.0065 0.9999 -0.0112
vn -0.0081 0.9999 -0.0121
vn -0.0123 0.9999 -0.0085
vn -0.0104 0.9999 -0.0030
vn -0.0062 1.0000 -0.0048
vn 0.0036 1.0000 -0.0005
vn 0.0075 1.0000 0.0022
vn 0.0053 1.0000 0.0029
vn -0.0032 1.0000 0.0005
vn -0.0101 0.9999 0.0009
vn -0.0110 0.9999 0.0061
vn -0.0110 0.9999 0.0043
vn -0.0107 0.9999 0.0016
vn -0.0158 0.9999 -0.0024
vn -0.0125 0.9999 -0.0036
vn -0.0218 0.9997 -0.0129
vn -0.0266 0.9995 -0.0156
vn -0.0217 0.9996 -0.0153
vn -0.0185 0.9997 -0.0179
vn -0.0252 0.9995 -0.0197
vn -0.0294 0.9993 -0.0216
vn -0.0381 0.9989 -0.0289
vn -0.0227 0.9994 -0.0259
vn -0.0149 0.9993 -0.0355
vn -0.0199 0.9986 -0.0492
vn -0.0274 0.9978 -0.0600
vn -0.0245 0.9978 -0.0612
vn -0.0284 0.9988 -0.0391
vn -0.0236 0.9917 0.1265
vn -0.0111 0.6760 0.7368
vn -0.0093 0.1054 0.9944
vn -0.0075 0.0108 0.9999
vn -0.0116 -0.0001 0.9999
vn -0.0197 0.0170 0.9997
vn -0.0149 0.0125 0.9998
vn -0.0178 0.0039 0.9998
vn -0.0117 -0.0013 0.9999
vn -0.0198 -0.0004 0.9998
vn -0.0076 0.0050 1.0000
vn -0.0185 -0.0224 0.9996
vn -0.0112 -0.4364 0.8997
vn 0.0097 -0.4438 0.8961
vn 0.0213 -0.8686 0.4950
vn 0.0324 -0.9854 0.1669
vn 0.0321 -0.9984 0.0459
vn 0.0324 -0.9989 0.0345
vn 0.0309 -0.9989 0.0363
vn 0.0395 -0.9985 0.0376
vn 0.0341 -0.9993 0.0180
vn 0.0272 -0.9996 0.0080
vn 0.0346 -0.9993 0.0107
vn 0.0353 -0.9994 0.0062
vn 0.0301 -0.9995 0.0045
vn 0.0335 -0.9994 0.0090
vn 0.0260 -0.9996 -0.0052
vn 0.0247 -0.9997 0.0013
vn 0.0273 -0.9996 0.0069
vn 0.0231 -0.9997 0.0057
vn 0.0259 -0.9997 0.0030
vn 0.0269 -0.9996 -0.0023
vn 0.0120 -0.9998 -0.0125
vn 0.0152 -0.9998 -0.0088
vn 0.0294 -0.9996 -0.0037
vn 0.0392 -0.9992 -0.0046
vn 0.0334 -0.9993 -0.0161
vn 0.0311 -0.9993 -0.0184
vn 0.0223 -0.9995 -0.0218
vn 0.0231 -0.9996 -0.0168
vn 0.0220 -0.9997 -0.0127
vn 0.0286 -0.9995 -0.0139
vn 0.0208 -0.9995 -0.0250
vn 0.0139 -0.9994 -0.0315
vn 0.0264 -0.9860 -0.1647
vn 0.0306 -0.7700 -0.6374
vn 0.0371 -0.2586 -0.9653
vn 0.0326 -0.2812 -0.9591
vn 0.0512 -0.0784 -0.9956
vn 0.0594 -0.0458 -0.9972
vn 0.0657 -0.0209 -0.9976
vn 0.0705 -0.0071 -0.9975
vn 0.0645 -0.0061 -0.9979
vn 0.0573 0.0147 -0.9982
vn 0.0421 0.0777 -0.9961
vn 0.0163 0.1230 -0.9923
vn 0.0063 0.1604 -0.9870
vn 0.0007 0.2783 -0.9605
vn -0.0215 0.7715 -0.6359
vn -0.0072 0.9900 -0.1411
vn -0.0015 0.9996 -0.0288
vn -0.0085 0.9999 -0.0078
vn -0.0063 0.9999 -0.0117
vn -0.0049 0.9999 -0.0128
vn -0.0098 0.9999 -0.0082
vn -0.0087 0.9999 -0.0062
vn -0.0088 0.9999 -0.0065
vn -0.0039 1.0000 -0.0036
vn 0.0058 1.0000 0.0012
vn 0.0077 1.0000 0.0025
vn 0.0052 1.0000 0.0027
vn -0.0044 1.0000 -0.0004
vn -0.0081 1.0000 0.0048
vn -0.0096 0.9999 0.0032
vn -0.0097 1.0000 0.0019
vn -0.0129 0.9999 -0.0024
vn -0.0137 0.9999 -0.0044
vn -0.0146 0.9998 -0.0098
vn -0.0230 0.9996 -0.0159
vn -0.0253 0.9995 -0.0172
vn -0.0204 0.9996 -0.0182
vn -0.0187 0.9996 -0.0197
vn -0.0253 0.9995 -0.0193
vn -0.0317 0.9991 -0.0276
vn -0.0367 0.9989 -0.0308
vn -0.0201 0.9993 -0.0323
vn -0.0189 0.9986 -0.0494
vn -0.0199 0.9981 -0.0575
vn -0.0264 0.9975 -0.0650
vn -0.0233 0.9990 -0.0379
vn -0.0270 0.9916 0.1266
vn -0.0149 0.6560 0.7546
vn -0.0063 0.0983 0.9951
vn -0.0059 0.0087 0.9999
vn -0.0097 -0.0035 0.9999
vn -0.0186 0.0171 0.9997
vn -0.0131 0.0108 0.9999
vn -0.0227 0.0010 0.9997
vn -0.0148 0.0012 0.9999
vn -0.0129 0.0031 0.9999
vn -0.0161 0.0053 0.9999
vn -0.0127 -0.0313 0.9994
vn -0.0133 -0.4245 0.9053
vn -0.0112 -0.4365 0.8996
vn 0.0158 -0.8628 0.5054
vn 0.0272 -0.9856 0.1667
vn 0.0339 -0.9983 0.0471
vn 0.0320 -0.9990 0.0323
vn 0.0394 -0.9986 0.0357
vn 0.0418 -0.9985 0.0350
vn 0.0279 -0.9995 0.0126
vn 0.0390 -0.9992 0.0112
vn 0.0361 -0.9993 0.0091
vn 0.0308 -0.9995 0.0032
vn 0.0311 -0.9995 0.0084
vn 0.0308 -0.9995 0.0062
vn 0.0195 -0.9998 -0.0054
vn 0.0251 -0.9997 0.0053
vn 0.0252 -0.9997 0.0060
vn 0.0274 -0.9996 0.0041
vn 0.0294 -0.9996 0.0009
vn 0.0160 -0.9998 -0.0070
vn 0.0108 -0.9999 -0.0105
vn 0.0283 -0.9996 -0.0065
vn 0.0366 -0.9993 -0.0059
vn 0.0342 -0.9992 -0.0185
vn 0.0238 -0.9994 -0.0238
vn 0.0227 -0.9996 -0.0194
vn 0.0211 -0.9996 -0.0188
vn 0.0252 -0.9996 -0.0087
vn 0.0234 -0.9996 -0.0135
vn 0.0103 -0.9996 -0.0280
vn 0.0128 -0.9996 -0.0256
vn 0.0198 -0.9879 -0.1537
vn 0.0175 -0.7768 -0.6295
vn 0.0383 -0.3005 -0.9530
vn 0.0483 -0.0933 -0.9945
vn 0.0549 -0.0577 -0.9968
vn 0.0643 -0.0302 -0.9975
vn 0.0602 -0.0124 -0.9981
vn 0.0655 -0.0073 -0.9978
vn 0.0551 0.0287 -0.9981
vn 0.0280 0.0913 -0.9954
vn 0.0059 0.1260 -0.9920
vn 0.0061 0.1577 -0.9875
vn -0.0093 0.2915 -0.9565
vn -0.0074 0.7855 -0.6188
vn -0.0214 0.9888 -0.1479
vn -0.0098 0.9993 -0.0362
vn 0.0034 0.9999 -0.0102
vn -0.0075 0.9999 -0.0122
vn -0.0054 0.9999 -0.0147
vn -0.0043 1.0000 -0.0065
vn -0.0118 0.9999 -0.0085
vn -0.0050 1.0000 -0.0084
vn -0.0061 1.0000 -0.0073
vn -0.0008 1.0000 -0.0011
vn 0.0070 1.0000 0.0020
vn 0.0091 1.0000 0.0026
vn 0.0032 1.0000 0.0006
vn -0.0036 1.0000 0.0028
vn -0.0069 1.0000 0.0024
vn -0.0085 1.0000 0.0006
vn -0.0094 1.0000 -0.0009
vn -0.0144 0.9999 -0.0046
vn -0.0131 0.9999 -0.0073
vn -0.0175 0.9997 -0.0148
vn -0.0230 0.9996 -0.0180
vn -0.0245 0.9995 -0.0185
vn -0.0217 0.9996 -0.0180
vn -0.0196 0.9996 -0.0182
vn -0.0255 0.9993 -0.0273
vn -0.0309 0.9989 -0.0345
vn -0.0313 0.9989 -0.0363
vn -0.0213 0.9987 -0.0463
vn -0.0194 0.9982 -0.0564
vn -0.0222 0.9975 -0.0663
vn -0.0195 0.9989 -0.0423
vn -0.0241 0.9919 0.1250
vn -0.0165 0.6467 0.7625
vn -0.0073 0.0837 0.9965
vn -0.0086 0.0124 0.9999
vn -0.0069 -0.0053 1.0000
vn -0.0106 0.0145 0.9998
vn -0.0171 0.0184 0.9997
vn -0.0117 -0.0041 0.9999
vn -0.0247 0.0048 0.9997
vn -0.0103 0.0042 0.9999
vn -0.0135 0.0048 0.9999
vn -0.0155 -0.0352 0.9993
vn -0.0025 -0.4241 0.9056
vn -0.0133 -0.4246 0.9053
vn 0.0150 -0.8587 0.5123
vn 0.0271 -0.9847 0.1720
vn 0.0330 -0.9984 0.0465
vn 0.0378 -0.9987 0.0337
vn 0.0430 -0.9984 0.0372
vn 0.0337 -0.9991 0.0266
vn 0.0250 -0.9996 0.0163
vn 0.0341 -0.9993 0.0170
vn 0.0310 -0.9995 0.0111
vn 0.0261 -0.9997 0.0038
vn 0.0315 -0.9994 0.0130
vn 0.0180 -0.9998 0.0028
vn 0.0193 -0.9998 0.0016
vn 0.0262 -0.9996 0.0072
vn 0.0282 -0.9996 0.0046
vn 0.0335 -0.9994 0.0017
vn 0.0235 -0.9997 -0.0048
vn 0.0096 -0.9999 -0.0118
vn 0.0265 -0.9996 -0.0067
vn 0.0367 -0.9993 -0.0052
vn 0.0383 -0.9993 -0.0017
vn 0.0359 -0.9993 -0.0090
vn 0.0271 -0.9994 -0.0195
vn 0.0184 -0.9996 -0.0234
vn 0.0242 -0.9995 -0.0201
vn 0.0214 -0.9996 -0.0180
vn 0.0228 -0.9997 -0.0056
vn 0.0124 -0.9998 -0.0156
vn 0.0102 -0.9996 -0.0280
vn 0.0139 -0.9996 -0.0238
vn 0.0121 -0.9881 -0.1532
vn 0.0285 -0.7835 -0.6208
vn 0.0383 -0.3007 -0.9530
vn 0.0393 -0.3094 -0.9501
vn 0.0393 -0.1091 -0.9933
vn 0.0538 -0.0707 -0.9960
vn 0.0548 -0.0371 -0.9978
vn 0.0615 -0.0197 -0.9979
vn 0.0640 -0.0048 -0.9979
vn 0.0458 0.0439 -0.9980
vn 0.0131 0.1057 -0.9943
vn 0.0067 0.1284 -0.9917
vn -0.0005 0.1568 -0.9876
vn 0.0026 0.3067 -0.9518
vn -0.0074 0.7855 -0.6189
vn -0.0242 0.7864 -0.6173
vn -0.1181 0.9814 -0.1511
vn -0.1130 0.9922 -0.0520
vn -0.0010 0.9999 -0.0162
vn 0.0052 0.9999 -0.0125
vn -0.0067 0.9999 -0.0158
vn -0.0024 1.0000 -0.0082
vn -0.0051 1.0000 -0.0072
vn -0.0107 0.9999 -0.0110
vn -0.0029 0.9999 -0.0098
vn -0.0017 1.0000 -0.0053
vn 0.0028 1.0000 -0.0006
vn 0.0085 1.0000 0.0005
vn 0.0093 1.0000 0.0032
vn 0.0023 1.0000 0.0021
vn -0.0029 1.0000 0.0021
vn -0.0070 1.0000 0.0002
vn -0.0080 1.0000 -0.0006
vn -0.0100 0.9999 -0.0037
vn -0.0143 0.9999 -0.0082
vn -0.0134 0.9998 -0.0132
vn -0.0179 0.9997 -0.0186
vn -0.0220 0.9996 -0.0194
vn -0.0238 0.9996 -0.0175
vn -0.0219 0.9996 -0.0185
vn -0.0204 0.9994 -0.0269
vn -0.0253 0.9990 -0.0360
vn -0.0282 0.9988 -0.0398
vn -0.0276 0.9986 -0.0449
vn -0.0239 0.9981 -0.0561
vn -0.0198 0.9977 -0.0646
vn -0.0211 0.9986 -0.0493
vn -0.0163 0.9919 0.1263
vn -0.0176 0.6465 0.7627
vn -0.0066 0.0723 0.9974
vn -0.0114 0.0164 0.9998
vn -0.0051 -0.0078 1.0000
vn -0.0096 0.0141 0.9999
vn -0.0127 0.0212 0.9997
vn -0.0108 -0.0055 0.9999
vn -0.0180 0.0024 0.9998
vn -0.0220 0.0074 0.9997
vn -0.0074 0.0063 1.0000
vn -0.0171 -0.0402 0.9990
vn -0.0059 -0.4191 0.9079
vn 0.0124 -0.8572 0.5148
vn 0.0311 -0.9840 0.1754
vn 0.0337 -0.9983 0.0478
vn 0.0384 -0.9985 0.0384
vn 0.0396 -0.9985 0.0381
vn 0.0218 -0.9996 0.0201
vn 0.0280 -0.9993 0.0230
vn 0.0306 -0.9993 0.0219
vn 0.0286 -0.9995 0.0162
vn 0.0253 -0.9996 0.0108
vn 0.0289 -0.9996 0.0072
vn 0.0226 -0.9997 0.0106
vn 0.0144 -0.9999 0.0025
vn 0.0247 -0.9997 0.0070
vn 0.0277 -0.9996 0.0080
vn 0.0348 -0.9994 0.0052
vn 0.0288 -0.9996 -0.0022
vn 0.0151 -0.9998 -0.0129
vn 0.0219 -0.9997 -0.0096
vn 0.0353 -0.9994 -0.0050
vn 0.0380 -0.9993 -0.0038
vn 0.0384 -0.9993 -0.0030
vn 0.0295 -0.9995 -0.0115
vn 0.0178 -0.9996 -0.0234
vn 0.0246 -0.9995 -0.0188
vn 0.0204 -0.9995 -0.0235
vn 0.0209 -0.9997 -0.0156
vn 0.0158 -0.9999 -0.0059
vn 0.0122 -0.9997 -0.0199
vn 0.0140 -0.9995 -0.0276
vn 0.0174 -0.9995 -0.0251
vn 0.0187 -0.9877 -0.1549
vn 0.0309 -0.7872 -0.6159
vn 0.0267 -0.3140 -0.9491
vn 0.0379 -0.1282 -0.9910
vn 0.0482 -0.0817 -0.9955
vn 0.0532 -0.0439 -0.9976
vn 0.0640 -0.0264 -0.9976
vn 0.0585 -0.0000 -0.9983
vn 0.0342 0.0669 -0.9972
vn 0.0117 0.1151 -0.9933
vn 0.0077 0.1376 -0.9905
vn 0.0138 0.1627 -0.9866
vn 0.0009 0.3259 -0.9454
vn -0.0967 0.7971 -0.5960
vn -0.5883 0.7896 -0.1744
vn -0.5863 0.8076 -0.0637
vn -0.0983 0.9948 -0.0283
vn 0.0055 0.9999 -0.0145
vn 0.0049 0.9999 -0.0163
vn -0.0043 0.9999 -0.0123
vn 0.0004 1.0000 -0.0071
vn -0.0043 0.9999 -0.0134
vn -0.0078 0.9999 -0.0125
vn 0.0001 1.0000 -0.0098
vn 0.0024 1.0000 -0.0037
vn 0.0054 1.0000 -0.0017
vn 0.0094 0.9999 0.0037
vn 0.0064 1.0000 0.0036
vn 0.0028 1.0000 0.0021
vn -0.0035 1.0000 0.0011
vn -0.0075 1.0000 -0.0000
vn -0.0072 1.0000 -0.0040
vn -0.0102 0.9999 -0.0087
vn -0.0130 0.9998 -0.0128
vn -0.0152 0.9997 -0.0175
vn -0.0174 0.9997 -0.0198
vn -0.0202 0.9996 -0.0194
vn -0.0213 0.9995 -0.0212
vn -0.0202 0.9994 -0.0273
vn -0.0222 0.9992 -0.0344
vn -0.0261 0.9989 -0.0399
vn -0.0272 0.9986 -0.0458
vn -0.0270 0.9981 -0.0556
vn -0.0242 0.9976 -0.0642
vn -0.0227 0.9985 -0.0493
vn -0.0219 0.9914 0.1290
vn -0.0147 0.6445 0.7645
vn -0.0063 0.0657 0.9978
vn -0.0099 0.0171 0.9998
vn -0.0064 -0.0051 1.0000
vn -0.0075 0.0130 0.9999
vn -0.0098 0.0197 0.9998
vn -0.0096 -0.0001 1.0000
vn -0.0099 -0.0013 1.0000
vn -0.0235 0.0073 0.9997
vn -0.0169 0.0107 0.9998
vn -0.0093 -0.0490 0.9988
vn -0.0091 -0.4190 0.9079
vn -0.0059 -0.4192 0.9079
vn 0.0160 -0.8539 0.5201
vn 0.0301 -0.9843 0.1742
vn 0.0348 -0.9981 0.0504
vn 0.0377 -0.9983 0.0434
vn 0.0245 -0.9991 0.0355
vn 0.0220 -0.9995 0.0227
vn 0.0327 -0.9992 0.0249
vn 0.0296 -0.9994 0.0196
vn 0.0277 -0.9995 0.0164
vn 0.0285 -0.9996 0.0085
vn 0.0291 -0.9996 0.0056
vn 0.0184 -0.9998 0.0023
vn 0.0232 -0.9997 0.0033
vn 0.0268 -0.9996 0.0082
vn 0.0324 -0.9994 0.0101
vn 0.0305 -0.9995 0.0053
vn 0.0200 -0.9998 -0.0048
vn 0.0170 -0.9997 -0.0153
vn 0.0334 -0.9994 -0.0044
vn 0.0367 -0.9993 -0.0042
vn 0.0389 -0.9992 -0.0028
vn 0.0312 -0.9995 -0.0046
vn 0.0221 -0.9996 -0.0146
vn 0.0202 -0.9995 -0.0230
vn 0.0229 -0.9996 -0.0182
vn 0.0186 -0.9996 -0.0229
vn 0.0181 -0.9997 -0.0155
vn 0.0166 -0.9998 -0.0097
vn 0.0157 -0.9996 -0.0239
vn 0.0162 -0.9995 -0.0256
vn 0.0159 -0.9995 -0.0267
vn 0.0190 -0.9880 -0.1536
vn 0.0236 -0.7796 -0.6258
vn 0.0267 -0.3141 -0.9490
vn 0.0224 -0.3224 -0.9463
vn 0.0350 -0.1470 -0.9885
vn 0.0432 -0.0922 -0.9948
vn 0.0555 -0.0543 -0.9970
vn 0.0595 -0.0311 -0.9977
vn 0.0539 0.0080 -0.9985
vn 0.0239 0.0895 -0.9957
vn 0.0175 0.1207 -0.9925
vn 0.0230 0.1489 -0.9886
vn 0.0254 0.1740 -0.9844
vn -0.0424 0.3556 -0.9337
vn -0.0967 0.7971 -0.5961
vn -0.4861 0.7157 -0.5014
vn -0.9601 0.2288 -0.1607
vn -0.9754 0.2181 -0.0314
vn -0.6013 0.7988 -0.0176
vn -0.0917 0.9956 -0.0173
vn 0.0091 0.9998 -0.0176
vn 0.0056 0.9999 -0.0148
vn 0.0005 0.9999 -0.0107
vn 0.0008 0.9999 -0.0145
vn -0.0016 0.9999 -0.0156
vn -0.0051 0.9999 -0.0127
vn 0.0048 1.0000 -0.0078
vn 0.0052 1.0000 -0.0042
vn 0.0081 1.0000 0.0023
vn 0.0082 0.9999 0.0065
vn 0.0048 1.0000 0.0022
vn 0.0031 1.0000 0.0017
vn -0.0046 1.0000 0.0010
vn -0.0082 1.0000 -0.0044
vn -0.0063 0.9999 -0.0093
vn -0.0099 0.9999 -0.0136
vn -0.0133 0.9998 -0.0159
vn -0.0170 0.9997 -0.0193
vn -0.0186 0.9996 -0.0192
vn -0.0192 0.9996 -0.0228
vn -0.0195 0.9994 -0.0287
vn -0.0192 0.9993 -0.0328
vn -0.0245 0.9990 -0.0380
vn -0.0264 0.9986 -0.0469
vn -0.0264 0.9981 -0.0558
vn -0.0276 0.9976 -0.0639
vn -0.0273 0.9986 -0.0444
vn -0.0284 0.9908 0.1325
vn -0.0247 0.6475 0.7616
vn -0.0033 0.0663 0.9978
vn -0.0094 0.0149 0.9998
vn -0.0051 0.0026 1.0000
vn -0.0054 0.0100 0.9999
vn -0.0115 0.0172 0.9998
vn -0.0099 0.0033 0.9999
vn -0.0062 -0.0025 1.0000
vn -0.0124 0.0033 0.9999
vn -0.0266 0.0130 0.9996
vn -0.0098 -0.0519 0.9986
vn -0.0042 -0.4232 0.9060
vn -0.0091 -0.4191 0.9079
vn 0.0168 -0.8500 0.5265
vn 0.0320 -0.9843 0.1737
vn 0.0355 -0.9981 0.0509
vn 0.0288 -0.9986 0.0435
vn 0.0181 -0.9993 0.0334
vn 0.0306 -0.9991 0.0289
vn 0.0329 -0.9992 0.0229
vn 0.0301 -0.9994 0.0160
vn 0.0302 -0.9994 0.0143
vn 0.0324 -0.9995 0.0069
vn 0.0234 -0.9997 0.0025
vn 0.0220 -0.9998 -0.0008
vn 0.0256 -0.9997 0.0046
vn 0.0300 -0.9995 0.0094
vn 0.0324 -0.9994 0.0103
vn 0.0231 -0.9997 0.0030
vn 0.0181 -0.9998 -0.0090
vn 0.0287 -0.9995 -0.0106
vn 0.0362 -0.9993 -0.0031
vn 0.0380 -0.9993 -0.0031
vn 0.0324 -0.9995 -0.0028
vn 0.0233 -0.9997 -0.0048
vn 0.0183 -0.9997 -0.0175
vn 0.0198 -0.9997 -0.0161
vn 0.0167 -0.9997 -0.0190
vn 0.0173 -0.9997 -0.0200
vn 0.0194 -0.9997 -0.0166
vn 0.0187 -0.9997 -0.0132
vn 0.0105 -0.9997 -0.0221
vn 0.0150 -0.9996 -0.0221
vn 0.0174 -0.9996 -0.0242
vn 0.0209 -0.9878 -0.1541
vn 0.0154 -0.7742 -0.6327
vn 0.0189 -0.3349 -0.9421
vn 0.0275 -0.1663 -0.9857
vn 0.0416 -0.1063 -0.9935
vn 0.0523 -0.0658 -0.9965
vn 0.0543 -0.0390 -0.9978
vn 0.0418 0.0207 -0.9989
vn 0.0260 0.1041 -0.9942
vn 0.0311 0.1267 -0.9915
vn 0.0310 0.1520 -0.9879
vn -0.0196 0.1776 -0.9839
vn -0.9040 0.2288 -0.3611
vn -0.9911 -0.0390 -0.1274
vn -0.9989 -0.0461 -0.0112
vn -0.9791 0.2020 0.0238
vn -0.6201 0.7845 0.0021
vn -0.0947 0.9954 -0.0155
vn 0.0102 0.9998 -0.0149
vn 0.0093 0.9998 -0.0163
vn 0.0029 0.9999 -0.0137
vn -0.0001 0.9999 -0.0163
vn -0.0009 0.9999 -0.0125
vn -0.0028 0.9999 -0.0124
vn 0.0070 1.0000 -0.0050
vn 0.0086 1.0000 -0.0020
vn 0.0113 0.9999 0.0062
vn 0.0060 1.0000 0.0035
vn 0.0052 1.0000 0.0008
vn 0.0029 1.0000 0.0017
vn -0.0054 1.0000 -0.0037
vn -0.0087 0.9999 -0.0091
vn -0.0084 0.9999 -0.0112
vn -0.0111 0.9998 -0.0142
vn -0.0148 0.9997 -0.0174
vn -0.0186 0.9997 -0.0172
vn -0.0227 0.9995 -0.0197
vn -0.0219 0.9994 -0.0266
vn -0.0203 0.9993 -0.0313
vn -0.0200 0.9991 -0.0363
vn -0.0259 0.9986 -0.0468
vn -0.0248 0.9981 -0.0571
vn -0.0251 0.9976 -0.0641
vn -0.0299 0.9988 -0.0395
vn -0.0329 0.9901 0.1367
vn -0.0287 0.6487 0.7605
vn -0.0111 0.0727 0.9973
vn -0.0023 0.0105 0.9999
vn -0.0092 0.0092 0.9999
vn 0.0021 0.0113 0.9999
vn -0.0085 0.0136 0.9999
vn -0.0154 0.0005 0.9999
vn -0.0102 -0.0033 0.9999
vn -0.0085 0.0002 1.0000
vn -0.0172 0.0098 0.9998
vn -0.0220 -0.0469 0.9987
vn 0.0049 -0.4223 0.9064
vn -0.0042 -0.4233 0.9060
vn 0.0231 -0.8480 0.5295
vn 0.0337 -0.9840 0.1747
vn 0.0327 -0.9983 0.0491
vn 0.0206 -0.9990 0.0387
vn 0.0265 -0.9991 0.0345
vn 0.0333 -0.9989 0.0320
vn 0.0307 -0.9994 0.0150
vn 0.0328 -0.9994 0.0140
vn 0.0217 -0.9997 0.0079
vn 0.0170 -0.9998 0.0055
vn 0.0208 -0.9998 0.0040
vn 0.0270 -0.9996 0.0081
vn 0.0342 -0.9994 0.0098
vn 0.0284 -0.9996 0.0054
vn 0.0237 -0.9997 -0.0019
vn 0.0250 -0.9996 -0.0108
vn 0.0360 -0.9993 -0.0061
vn 0.0360 -0.9993 -0.0023
vn 0.0322 -0.9995 -0.0019
vn 0.0216 -0.9998 -0.0023
vn 0.0200 -0.9998 -0.0051
vn 0.0118 -0.9998 -0.0145
vn 0.0156 -0.9998 -0.0114
vn 0.0137 -0.9998 -0.0165
vn 0.0186 -0.9997 -0.0170
vn 0.0208 -0.9996 -0.0180
vn 0.0062 -0.9999 -0.0140
vn 0.0102 -0.9998 -0.0154
vn 0.0149 -0.9997 -0.0213
vn 0.0185 -0.9996 -0.0225
vn 0.0151 -0.9871 -0.1593
vn 0.0088 -0.7746 -0.6324
vn 0.0178 -0.3435 -0.9390
vn 0.0259 -0.1845 -0.9825
vn 0.0367 -0.1249 -0.9915
vn 0.0419 -0.0784 -0.9960
vn 0.0451 -0.0492 -0.9978
vn 0.0380 0.0337 -0.9987
vn 0.0381 0.1125 -0.9929
vn 0.0266 0.1272 -0.9915
vn -0.0361 0.1354 -0.9901
vn -0.5463 0.1176 -0.8293
vn -0.9417 -0.0029 -0.3364
vn -0.9872 0.0011 -0.1594
vn -0.9987 0.0454 -0.0234
vn -0.9992 -0.0293 0.0281
vn -0.9829 0.1801 0.0387
vn -0.6489 0.7607 0.0146
vn -0.0969 0.9952 -0.0161
vn 0.0082 0.9998 -0.0179
vn 0.0138 0.9998 -0.0151
vn 0.0011 0.9999 -0.0144
vn 0.0003 0.9999 -0.0125
vn -0.0014 0.9999 -0.0145
vn 0.0008 1.0000 -0.0061
vn 0.0057 1.0000 -0.0034
vn 0.0129 0.9999 0.0032
vn 0.0125 0.9999 0.0052
vn 0.0044 1.0000 0.0005
vn 0.0076 1.0000 0.0007
vn 0.0019 1.0000 -0.0019
vn -0.0072 0.9999 -0.0077
vn -0.0105 0.9999 -0.0076
vn -0.0135 0.9999 -0.0107
vn -0.0131 0.9998 -0.0156
vn -0.0148 0.9997 -0.0175
vn -0.0211 0.9997 -0.0149
vn -0.0264 0.9994 -0.0235
vn -0.0254 0.9993 -0.0284
vn -0.0227 0.9991 -0.0349
vn -0.0224 0.9988 -0.0444
vn -0.0262 0.9980 -0.0579
vn -0.0233 0.9976 -0.0652
vn -0.0228 0.9989 -0.0399
vn -0.0302 0.9904 0.1347
vn -0.0252 0.6463 0.7627
vn -0.0147 0.0776 0.9969
vn -0.0022 0.0098 0.9999
vn -0.0068 0.0095 0.9999
vn -0.0055 0.0154 0.9999
vn 0.0017 0.0095 1.0000
vn -0.0074 0.0005 1.0000
vn -0.0142 -0.0003 0.9999
vn -0.0094 -0.0003 1.0000
vn -0.0109 0.0070 0.9999
vn -0.0171 -0.0422 0.9990
vn -0.0010 -0.4191 0.9080
vn 0.0049 -0.4224 0.9064
vn 0.0236 -0.8465 0.5318
vn 0.0283 -0.9837 0.1776
vn 0.0231 -0.9986 0.0471
vn 0.0236 -0.9990 0.0377
vn 0.0315 -0.9988 0.0369
vn 0.0269 -0.9991 0.0322
vn 0.0250 -0.9994 0.0253
vn 0.0291 -0.9994 0.0190
vn 0.0204 -0.9997 0.0139
vn 0.0119 -0.9999 0.0110
vn 0.0159 -0.9998 0.0104
vn 0.0239 -0.9997 0.0087
vn 0.0342 -0.9994 0.0103
vn 0.0341 -0.9994 0.0071
vn 0.0286 -0.9996 0.0001
vn 0.0260 -0.9996 -0.0067
vn 0.0309 -0.9995 -0.0062
vn 0.0341 -0.9994 -0.0044
vn 0.0307 -0.9995 -0.0002
vn 0.0207 -0.9998 -0.0015
vn 0.0219 -0.9998 -0.0023
vn 0.0100 -0.9999 -0.0081
vn 0.0123 -0.9999 -0.0079
vn 0.0120 -0.9999 -0.0113
vn 0.0142 -0.9998 -0.0114
vn 0.0207 -0.9997 -0.0149
vn 0.0076 -0.9998 -0.0206
vn 0.0023 -1.0000 -0.0091
vn 0.0162 -0.9998 -0.0126
vn 0.0172 -0.9997 -0.0193
vn 0.0140 -0.9995 -0.0267
vn 0.0081 -0.9858 -0.1675
vn 0.0210 -0.7739 -0.6329
vn 0.0201 -0.3443 -0.9386
vn 0.0186 -0.1998 -0.9797
vn 0.0275 -0.1429 -0.9894
vn 0.0350 -0.0905 -0.9953
vn 0.0431 -0.0558 -0.9975
vn 0.0434 0.0403 -0.9982
vn 0.0235 0.1158 -0.9930
vn -0.0606 0.1142 -0.9916
vn -0.6125 0.0520 -0.7888
vn -0.9489 -0.0360 -0.3134
vn -0.9700 0.0555 -0.2366
vn -0.9942 0.0986 -0.0423
vn -0.9985 0.0526 0.0115
vn -0.9988 -0.0092 0.0472
vn -0.9865 0.1563 0.0492
vn -0.6794 0.7338 -0.0012
vn -0.0922 0.9956 -0.0172
vn 0.0069 0.9998 -0.0171
vn 0.0154 0.9998 -0.0125
vn 0.0001 0.9999 -0.0135
vn 0.0011 0.9999 -0.0150
vn 0.0030 0.9999 -0.0117
vn 0.0021 1.0000 -0.0027
vn 0.0066 1.0000 -0.0006
vn 0.0169 0.9999 0.0032
vn 0.0123 0.9999 0.0011
vn 0.0042 1.0000 -0.0004
vn 0.0071 1.0000 0.0001
vn -0.0006 1.0000 -0.0058
vn -0.0070 1.0000 -0.0068
vn -0.0122 0.9999 -0.0082
vn -0.0169 0.9998 -0.0137
vn -0.0146 0.9997 -0.0179
vn -0.0133 0.9998 -0.0135
vn -0.0238 0.9995 -0.0217
vn -0.0261 0.9993 -0.0285
vn -0.0263 0.9991 -0.0343
vn -0.0239 0.9988 -0.0423
vn -0.0259 0.9981 -0.0558
vn -0.0264 0.9975 -0.0656
vn -0.0218 0.9988 -0.0432
vn -0.0215 0.9910 0.1318
vn -0.0213 0.6504 0.7593
vn -0.0065 0.0782 0.9969
vn -0.0092 0.0145 0.9999
vn 0.0004 0.0082 1.0000
vn -0.0106 0.0155 0.9998
vn -0.0067 0.0028 1.0000
vn -0.0009 0.0030 1.0000
vn -0.0046 0.0041 1.0000
vn -0.0061 0.0055 1.0000
vn -0.0090 0.0061 0.9999
vn -0.0066 -0.0372 0.9993
vn -0.0038 -0.4142 0.9102
vn -0.0010 -0.4192 0.9079
vn 0.0147 -0.8448 0.5349
vn 0.0175 -0.9830 0.1829
vn 0.0195 -0.9986 0.0490
vn 0.0282 -0.9988 0.0408
vn 0.0279 -0.9989 0.0372
vn 0.0245 -0.9992 0.0312
vn 0.0242 -0.9994 0.0259
vn 0.0224 -0.9995 0.0205
vn 0.0125 -0.9999 0.0113
vn 0.0159 -0.9998 0.0111
vn 0.0240 -0.9997 0.0111
vn 0.0336 -0.9994 0.0099
vn 0.0376 -0.9992 0.0093
vn 0.0318 -0.9995 0.0036
vn 0.0285 -0.9996 -0.0024
vn 0.0236 -0.9997 -0.0048
vn 0.0309 -0.9995 -0.0001
vn 0.0281 -0.9996 -0.0021
vn 0.0222 -0.9998 -0.0008
vn 0.0230 -0.9997 -0.0018
vn 0.0149 -0.9999 -0.0062
vn 0.0064 -1.0000 -0.0070
vn 0.0130 -0.9999 -0.0055
vn 0.0097 -0.9999 -0.0103
vn 0.0193 -0.9998 -0.0075
vn 0.0153 -0.9997 -0.0200
vn -0.0022 -0.9998 -0.0222
vn 0.0133 -0.9999 -0.0009
vn 0.0144 -0.9998 -0.0133
vn 0.0150 -0.9998 -0.0153
vn 0.0115 -0.9995 -0.0286
vn 0.0168 -0.9856 -0.1684
vn 0.0241 -0.7749 -0.6316
vn 0.0145 -0.3418 -0.9397
vn 0.0151 -0.2118 -0.9772
vn 0.0262 -0.1553 -0.9875
vn 0.0373 -0.1000 -0.9943
vn 0.0450 -0.0582 -0.9973
vn 0.0264 0.0429 -0.9987
vn -0.0836 0.1016 -0.9913
vn -0.6594 0.0670 -0.7488
vn -0.9478 0.0135 -0.3185
vn -0.9456 0.0468 -0.3219
vn -0.9929 0.1026 -0.0605
vn -0.9934 0.1144 0.0071
vn -0.9975 0.0647 0.0278
vn -0.9990 0.0124 0.0434
vn -0.9903 0.1360 0.0270
vn -0.6936 0.7203 -0.0113
vn -0.0948 0.9954 -0.0162
vn 0.0066 0.9999 -0.0122
vn 0.0161 0.9998 -0.0146
vn 0.0007 0.9999 -0.0154
vn 0.0028 0.9998 -0.0173
vn 0.0107 0.9999 -0.0060
vn 0.0027 1.0000 -0.0035
vn 0.0095 1.0000 -0.0002
vn 0.0205 0.9998 -0.0004
vn 0.0125 0.9999 -0.0011
vn 0.0048 1.0000 0.0009
vn 0.0050 1.0000 -0.0031
vn -0.0023 1.0000 -0.0071
vn -0.0072 1.0000 -0.0066
vn -0.0127 0.9998 -0.0127
vn -0.0183 0.9997 -0.0170
vn -0.0141 0.9998 -0.0152
vn -0.0133 0.9997 -0.0198
vn -0.0239 0.9992 -0.0306
vn -0.0244 0.9991 -0.0346
vn -0.0259 0.9988 -0.0421
vn -0.0253 0.9983 -0.0528
vn -0.0280 0.9975 -0.0653
vn -0.0291 0.9987 -0.0424
vn -0.0224 0.9911 0.1311
vn -0.0203 0.6495 0.7601
vn -0.0065 0.0781 0.9969
vn -0.0053 0.0169 0.9998
vn -0.0064 0.0081 0.9999
vn -0.0016 0.0118 0.9999
vn -0.0107 0.0002 0.9999
vn -0.0124 0.0013 0.9999
vn -0.0016 0.0037 1.0000
vn -0.0074 0.0068 0.9999
vn -0.0018 0.0054 1.0000
vn -0.0097 -0.0355 0.9993
vn 0.0051 -0.4165 0.9091
vn 0.0115 -0.8484 0.5293
vn 0.0146 -0.9828 0.1840
vn 0.0249 -0.9983 0.0527
vn 0.0269 -0.9987 0.0442
vn 0.0248 -0.9990 0.0369
vn 0.0245 -0.9992 0.0306
vn 0.0176 -0.9997 0.0158
vn 0.0233 -0.9995 0.0228
vn 0.0191 -0.9998 0.0075
vn 0.0255 -0.9996 0.0095
vn 0.0323 -0.9994 0.0106
vn 0.0390 -0.9992 0.0104
vn 0.0348 -0.9994 0.0061
vn 0.0288 -0.9996 0.0026
vn 0.0205 -0.9998 -0.0035
vn 0.0240 -0.9997 0.0031
vn 0.0256 -0.9997 0.0031
vn 0.0231 -0.9997 -0.0000
vn 0.0227 -0.9997 -0.0019
vn 0.0199 -0.9998 -0.0040
vn 0.0034 -0.9999 -0.0095
vn 0.0125 -0.9999 -0.0029
vn 0.0101 -0.9999 -0.0080
vn 0.0171 -0.9998 -0.0078
vn 0.0255 -0.9996 -0.0111
vn 0.0044 -0.9994 -0.0329
vn 0.0036 -0.9999 -0.0159
vn 0.0152 -0.9999 0.0018
vn 0.0118 -0.9999 -0.0117
vn 0.0099 -0.9999 -0.0131
vn 0.0161 -0.9870 -0.1597
vn 0.0097 -0.9996 -0.0277
vn 0.0207 -0.7756 -0.6309
vn 0.0145 -0.3367 -0.9415
vn 0.0190 -0.2193 -0.9755
vn 0.0274 -0.1656 -0.9858
vn 0.0389 -0.1105 -0.9931
vn 0.0308 -0.0595 -0.9978
vn -0.1045 0.0318 -0.9940
vn -0.7130 0.0333 -0.7004
vn -0.9425 -0.0236 -0.3334
vn -0.9030 0.0475 -0.4271
vn -0.9927 0.1015 -0.0658
vn -0.9936 0.1132 0.0002
vn -0.9934 0.1140 0.0145
vn -0.9963 0.0835 0.0199
vn -0.9989 0.0361 0.0287
vn -0.9929 0.1192 0.0043
vn -0.7036 0.7105 0.0126
vn -0.0935 0.9955 -0.0138
vn 0.0064 0.9999 -0.0158
vn 0.0171 0.9997 -0.0155
vn -0.0008 0.9999 -0.0172
vn 0.0082 0.9999 -0.0135
vn 0.0151 0.9999 -0.0050
vn 0.0052 1.0000 -0.0026
vn 0.0112 0.9999 -0.0023
vn 0.0221 0.9998 -0.0016
vn 0.0119 0.9999 0.0008
vn 0.0063 1.0000 -0.0028
vn 0.0041 1.0000 -0.0070
vn -0.0025 1.0000 -0.0059
vn -0.0079 0.9999 -0.0122
vn -0.0122 0.9998 -0.0170
vn -0.0172 0.9997 -0.0175
vn -0.0119 0.9997 -0.0200
vn -0.0153 0.9994 -0.0302
vn -0.0230 0.9991 -0.0347
vn -0.0252 0.9988 -0.0414
vn -0.0260 0.9983 -0.0515
vn -0.0280 0.9988 -0.0403
vn -0.0316 0.9912 0.1289
vn -0.0211 0.6428 0.7658
vn -0.0115 0.0777 0.9969
vn -0.0046 0.0168 0.9998
vn -0.0046 0.0090 0.9999
vn -0.0082 0.0081 0.9999
vn -0.0013 0.0033 1.0000
vn -0.0048 0.0049 1.0000
vn -0.0125 0.0039 0.9999
vn -0.0095 -0.0032 1.0000
vn -0.0123 0.0031 0.9999
vn -0.0126 -0.0494 0.9987
vn 0.0002 -0.4203 0.9074
vn 0.0115 -0.8546 0.5191
vn 0.0212 -0.9833 0.1809
vn 0.0249 -0.9982 0.0545
vn 0.0239 -0.9987 0.0460
vn 0.0247 -0.9990 0.0370
vn 0.0259 -0.9992 0.0305
vn 0.0280 -0.9994 0.0182
vn 0.0234 -0.9997 0.0105
vn 0.0264 -0.9996 0.0054
vn 0.0315 -0.9995 0.0088
vn 0.0370 -0.9992 0.0130
vn 0.0378 -0.9992 0.0091
vn 0.0280 -0.9996 0.0044
vn 0.0228 -0.9997 0.0012
vn 0.0172 -0.9999 -0.0018
vn 0.0240 -0.9997 0.0086
vn 0.0222 -0.9997 0.0043
vn 0.0217 -0.9998 0.0010
vn 0.0206 -0.9998 -0.0002
vn 0.0061 -0.9999 -0.0084
vn 0.0102 -0.9999 -0.0079
vn 0.0132 -0.9999 -0.0029
vn 0.0145 -0.9999 -0.0083
vn 0.0292 -0.9996 -0.0054
vn 0.0177 -0.9996 -0.0221
vn -0.0063 -0.9993 -0.0358
vn 0.0136 -0.9999 -0.0072
vn 0.0107 -0.9999 -0.0002
vn 0.0100 -0.9999 -0.0107
vn 0.0098 -0.9999 -0.0127
vn 0.0099 -0.9996 -0.0278
vn 0.0151 -0.9885 -0.1505
vn 0.0220 -0.7752 -0.6314
vn 0.0156 -0.3355 -0.9419
vn 0.0195 -0.2244 -0.9743
vn 0.0284 -0.1766 -0.9839
vn 0.0270 -0.1225 -0.9921
vn -0.1122 -0.0655 -0.9915
vn -0.7535 -0.0264 -0.6569
vn -0.9186 -0.0412 -0.3930
vn -0.8742 0.0363 -0.4843
vn -0.9955 0.0637 -0.0699
vn -0.9955 0.0944 -0.0011
vn -0.9930 0.1172 0.0140
vn -0.9937 0.1113 0.0156
vn -0.9955 0.0927 0.0181
vn -0.9990 0.0427 0.0115
vn -0.9926 0.1150 0.0378
vn -0.7059 0.7083 0.0007
vn -0.0982 0.9951 -0.0110
vn 0.0042 0.9999 -0.0135
vn 0.0144 0.9998 -0.0124
vn -0.0038 0.9999 -0.0158
vn 0.0141 0.9999 -0.0079
vn 0.0170 0.9998 -0.0049
vn 0.0070 1.0000 -0.0035
vn 0.0124 0.9999 -0.0025
vn 0.0222 0.9998 0.0018
vn 0.0098 0.9999 -0.0022
vn 0.0076 0.9999 -0.0076
vn 0.0057 1.0000 -0.0073
vn -0.0026 0.9999 -0.0120
vn -0.0077 0.9998 -0.0177
vn -0.0099 0.9997 -0.0207
vn -0.0151 0.9996 -0.0221
vn -0.0109 0.9995 -0.0285
vn -0.0171 0.9993 -0.0339
vn -0.0229 0.9989 -0.0405
vn -0.0257 0.9984 -0.0512
vn -0.0256 0.9976 -0.0647
vn -0.0243 0.9988 -0.0435
vn -0.0271 0.9918 0.1252
vn -0.0270 0.6484 0.7608
vn -0.0112 0.0770 0.9970
vn -0.0089 0.0184 0.9998
vn -0.0037 0.0105 0.9999
vn -0.0011 0.0088 1.0000
vn -0.0085 0.0066 0.9999
vn 0.0062 0.0159 0.9999
vn 0.0009 0.0063 1.0000
vn -0.0100 -0.0092 0.9999
vn -0.0182 -0.0003 0.9998
vn -0.0173 -0.0677 0.9976
vn -0.0134 -0.4321 0.9017
vn 0.0084 -0.8564 0.5163
vn 0.0220 -0.9836 0.1792
vn 0.0252 -0.9983 0.0530
vn 0.0247 -0.9986 0.0463
vn 0.0254 -0.9990 0.0373
vn 0.0309 -0.9991 0.0295
vn 0.0256 -0.9995 0.0163
vn 0.0263 -0.9996 0.0084
vn 0.0299 -0.9995 0.0070
vn 0.0335 -0.9994 0.0109
vn 0.0381 -0.9991 0.0157
vn 0.0290 -0.9996 0.0067
vn 0.0244 -0.9997 0.0051
vn 0.0164 -0.9999 -0.0023
vn 0.0201 -0.9998 0.0036
vn 0.0214 -0.9997 0.0093
vn 0.0212 -0.9998 0.0048
vn 0.0187 -0.9998 0.0023
vn 0.0113 -0.9999 -0.0023
vn 0.0066 -0.9999 -0.0090
vn 0.0139 -0.9999 -0.0062
vn 0.0129 -0.9999 -0.0038
vn 0.0265 -0.9996 -0.0054
vn -0.0086 -0.9995 -0.0306
vn 0.0031 -0.9997 -0.0244
vn 0.0125 -0.9999 -0.0044
vn 0.0121 -0.9999 -0.0024
vn 0.0097 -0.9999 -0.0112
vn 0.0083 -0.9999 -0.0115
vn 0.0120 -0.9996 -0.0259
vn 0.0178 -0.9895 -0.1435
vn 0.0157 -0.7732 -0.6340
vn 0.0147 -0.3404 -0.9402
vn 0.0216 -0.2287 -0.9733
vn 0.0169 -0.1889 -0.9818
vn -0.1115 -0.1346 -0.9846
vn -0.7572 -0.0528 -0.6510
vn -0.9187 -0.0412 -0.3929
vn -0.8928 -0.0020 -0.4504
vn -0.8663 -0.0140 -0.4993
vn -0.9966 -0.0113 -0.0813
vn -0.9972 0.0751 -0.0031
vn -0.9955 0.0938 0.0114
vn -0.9932 0.1144 0.0216
vn -0.9939 0.1096 0.0145
vn -0.9955 0.0942 0.0136
vn -0.9983 0.0519 0.0280
vn -0.9938 0.1078 0.0259
vn -0.7198 0.6940 -0.0153
vn -0.1110 0.9938 -0.0052
vn 0.0008 1.0000 -0.0091
vn 0.0079 0.9999 -0.0100
vn -0.0045 0.9999 -0.0112
vn 0.0164 0.9998 -0.0065
vn 0.0206 0.9998 -0.0062
vn 0.0079 1.0000 -0.0034
vn 0.0149 0.9999 -0.0006
vn 0.0203 0.9998 0.0019
vn 0.0061 1.0000 -0.0055
vn 0.0071 0.9999 -0.0080
vn 0.0070 0.9999 -0.0115
vn -0.0034 0.9998 -0.0173
vn -0.0077 0.9997 -0.0222
vn -0.0071 0.9997 -0.0235
vn -0.0152 0.9995 -0.0275
vn -0.0126 0.9994 -0.0316
vn -0.0178 0.9990 -0.0405
vn -0.0233 0.9984 -0.0514
vn -0.0253 0.9976 -0.0649
vn -0.0232 0.9985 -0.0486
vn -0.0208 0.9922 0.1227
vn -0.0222 0.6560 0.7544
vn -0.0124 0.0775 0.9969
vn -0.0082 0.0216 0.9997
vn -0.0102 0.0080 0.9999
vn -0.0016 0.0131 0.9999
vn 0.0003 0.0072 1.0000
vn -0.0110 0.0173 0.9998
vn 0.0099 0.0054 0.9999
vn 0.0006 -0.0104 0.9999
vn -0.0080 -0.0002 1.0000
vn -0.0110 -0.0673 0.9977
vn -0.0130 -0.4458 0.8950
vn 0.0078 -0.8560 0.5169
vn 0.0250 -0.9837 0.1781
vn 0.0256 -0.9984 0.0504
vn 0.0247 -0.9986 0.0462
vn 0.0296 -0.9988 0.0397
vn 0.0273 -0.9993 0.0264
vn 0.0199 -0.9997 0.0173
vn 0.0243 -0.9996 0.0122
vn 0.0307 -0.9995 0.0104
vn 0.0344 -0.9993 0.0148
vn 0.0302 -0.9994 0.0163
vn 0.0218 -0.9997 0.0074
vn 0.0191 -0.9998 0.0043
vn 0.0130 -0.9999 -0.0000
vn 0.0189 -0.9998 0.0093
vn 0.0213 -0.9997 0.0092
vn 0.0177 -0.9998 0.0049
vn 0.0150 -0.9999 0.0025
vn 0.0055 -1.0000 -0.0059
vn 0.0116 -0.9999 -0.0050
vn 0.0119 -0.9999 -0.0055
vn 0.0235 -0.9997 -0.0023
vn 0.0288 -0.9996 -0.0044
vn -0.0012 -0.9999 -0.0146
vn -0.0081 -0.9996 -0.0285
vn 0.0108 -0.9998 -0.0150
vn 0.0142 -0.9999 -0.0052
vn 0.0117 -0.9999 -0.0064
vn 0.0067 -0.9999 -0.0108
vn 0.0084 -0.9999 -0.0081
vn 0.0132 -0.9996 -0.0246
vn 0.0135 -0.9900 -0.1404
vn 0.0137 -0.7785 -0.6275
vn 0.0220 -0.3445 -0.9385
vn 0.0140 -0.2288 -0.9734
vn -0.1006 -0.1937 -0.9759
vn -0.7447 -0.0966 -0.6604
vn -0.8711 -0.0202 -0.4907
vn -0.8797 -0.0171 -0.4753
vn -0.9965 -0.0475 -0.0691
vn -0.9998 0.0024 -0.0191
vn -0.9968 0.0788 0.0100
vn -0.9950 0.0970 0.0237
vn -0.9935 0.1133 0.0113
vn -0.9933 0.1152 0.0097
vn -0.9951 0.0982 0.0121
vn -0.9970 0.0730 0.0238
vn -0.9951 0.0976 -0.0129
vn -0.7303 0.6831 -0.0069
vn -0.1188 0.9929 -0.0087
vn 0.0011 1.0000 -0.0079
vn 0.0021 0.9999 -0.0105
vn -0.0013 1.0000 -0.0092
vn 0.0186 0.9998 -0.0102
vn 0.0242 0.9997 -0.0049
vn 0.0095 0.9999 -0.0037
vn 0.0195 0.9998 0.0015
vn 0.0159 0.9999 -0.0015
vn 0.0033 1.0000 -0.0065
vn 0.0071 0.9999 -0.0120
vn 0.0062 0.9999 -0.0155
vn -0.0062 0.9998 -0.0196
vn -0.0059 0.9996 -0.0263
vn -0.0079 0.9997 -0.0249
vn -0.0157 0.9994 -0.0299
vn -0.0157 0.9991 -0.0393
vn -0.0187 0.9986 -0.0499
vn -0.0252 0.9977 -0.0629
vn -0.0249 0.9983 -0.0521
vn -0.0229 0.9920 0.1241
vn -0.0119 0.6547 0.7558
vn -0.0120 0.0763 0.9970
vn -0.0082 0.0257 0.9996
vn -0.0034 0.0080 1.0000
vn -0.0129 0.0142 0.9998
vn -0.0003 0.0052 1.0000
vn -0.0059 0.0090 0.9999
vn -0.0147 0.0024 0.9999
vn 0.0045 -0.0164 0.9999
vn -0.0002 0.0035 1.0000
vn 0.0013 -0.0558 0.9984
vn 0.0084 -0.4566 0.8896
vn -0.0130 -0.4459 0.8950
vn 0.0205 -0.8623 0.5060
vn 0.0240 -0.9840 0.1768
vn 0.0226 -0.9984 0.0514
vn 0.0252 -0.9985 0.0485
vn 0.0296 -0.9987 0.0416
vn 0.0208 -0.9995 0.0230
vn 0.0269 -0.9995 0.0182
vn 0.0228 -0.9996 0.0192
vn 0.0295 -0.9995 0.0138
vn 0.0301 -0.9994 0.0190
vn 0.0194 -0.9997 0.0151
vn 0.0200 -0.9998 0.0096
vn 0.0092 -1.0000 0.0033
vn 0.0133 -0.9999 0.0067
vn 0.0210 -0.9997 0.0126
vn 0.0188 -0.9998 0.0077
vn 0.0153 -0.9999 0.0054
vn 0.0084 -1.0000 -0.0003
vn 0.0082 -1.0000 -0.0055
vn 0.0127 -0.9999 -0.0044
vn 0.0204 -0.9998 -0.0029
vn 0.0284 -0.9996 0.0004
vn 0.0085 -0.9999 -0.0094
vn -0.0122 -0.9997 -0.0206
vn 0.0041 -0.9998 -0.0199
vn 0.0130 -0.9999 -0.0109
vn 0.0156 -0.9999 -0.0073
vn 0.0075 -0.9999 -0.0100
vn 0.0042 -1.0000 -0.0084
vn 0.0144 -0.9999 -0.0070
vn 0.0138 -0.9996 -0.0254
vn 0.0153 -0.9900 -0.1403
vn 0.0308 -0.7843 -0.6196
vn 0.0147 -0.3487 -0.9371
vn -0.0746 -0.2161 -0.9735
vn -0.6970 -0.1407 -0.7032
vn -0.8448 -0.0287 -0.5343
vn -0.8920 -0.0499 -0.4493
vn -0.9968 -0.0545 -0.0584
vn -0.9976 -0.0609 -0.0315
vn -0.9998 0.0204 0.0024
vn -0.9970 0.0720 0.0287
vn -0.9957 0.0906 0.0173
vn -0.9937 0.1122 0.0082
vn -0.9926 0.1213 0.0053
vn -0.9942 0.1068 0.0082
vn -0.9968 0.0795 -0.0073
vn -0.7302 0.6832 -0.0069
vn -0.9947 0.1009 -0.0188
vn -0.7290 0.6844 -0.0141
vn -0.1150 0.9932 -0.0161
vn 0.0023 1.0000 -0.0084
vn 0.0019 0.9999 -0.0127
vn 0.0010 0.9999 -0.0119
vn 0.0216 0.9997 -0.0079
vn 0.0254 0.9997 -0.0048
vn 0.0122 0.9999 -0.0022
vn 0.0220 0.9998 0.0007
vn 0.0127 0.9999 -0.0045
vn 0.0023 0.9999 -0.0122
vn 0.0079 0.9999 -0.0149
vn 0.0024 0.9999 -0.0152
vn -0.0098 0.9996 -0.0264
vn -0.0050 0.9997 -0.0222
vn -0.0128 0.9996 -0.0269
vn -0.0172 0.9992 -0.0368
vn -0.0171 0.9987 -0.0484
vn -0.0232 0.9981 -0.0576
vn -0.0300 0.9983 -0.0502
vn -0.0261 0.9918 0.1248
vn -0.0160 0.6475 0.7619
vn -0.0025 0.0715 0.9974
vn -0.0131 0.0272 0.9995
vn -0.0020 0.0139 0.9999
vn -0.0041 0.0116 0.9999
vn -0.0121 0.0045 0.9999
vn -0.0020 0.0035 1.0000
vn -0.0103 0.0023 0.9999
vn -0.0103 -0.0165 0.9998
vn -0.0020 0.0033 1.0000
vn 0.0022 -0.0521 0.9986
vn 0.0172 -0.4632 0.8861
vn 0.0084 -0.4567 0.8896
vn 0.0228 -0.8666 0.4985
vn 0.0185 -0.9842 0.1758
vn 0.0232 -0.9983 0.0531
vn 0.0279 -0.9983 0.0520
vn 0.0236 -0.9989 0.0395
vn 0.0195 -0.9995 0.0235
vn 0.0261 -0.9994 0.0220
vn 0.0274 -0.9994 0.0208
vn 0.0268 -0.9995 0.0180
vn 0.0193 -0.9996 0.0199
vn 0.0201 -0.9997 0.0154
vn 0.0116 -0.9999 0.0069
vn 0.0089 -0.9999 0.0056
vn 0.0190 -0.9998 0.0112
vn 0.0224 -0.9997 0.0104
vn 0.0154 -0.9999 0.0064
vn 0.0109 -0.9999 0.0049
vn 0.0071 -1.0000 -0.0026
vn 0.0145 -0.9999 -0.0044
vn 0.0242 -0.9997 0.0020
vn 0.0152 -0.9999 -0.0013
vn -0.0091 -0.9998 -0.0162
vn -0.0034 -0.9998 -0.0177
vn 0.0103 -0.9998 -0.0143
vn 0.0167 -0.9998 -0.0086
vn 0.0093 -0.9999 -0.0098
vn 0.0037 -0.9999 -0.0127
vn 0.0137 -0.9999 -0.0045
vn 0.0173 -0.9998 -0.0108
vn 0.0179 -0.9995 -0.0266
vn 0.0249 -0.9911 -0.1311
vn 0.0175 -0.7970 -0.6037
vn -0.0575 -0.3536 -0.9336
vn -0.6143 -0.1760 -0.7692
vn -0.8001 -0.0716 -0.5956
vn -0.8168 -0.4435 -0.3690
vn -0.8586 -0.5063 -0.0807
vn -0.9982 -0.0501 -0.0338
vn -0.9985 -0.0532 -0.0119
vn -0.9990 0.0332 0.0294
vn -0.9977 0.0602 0.0312
vn -0.9970 0.0753 0.0192
vn -0.9947 0.1022 0.0112
vn -0.9927 0.1204 0.0068
vn -0.9941 0.1087 -0.0012
vn -0.9968 0.0766 -0.0224
vn -0.9944 0.1052 -0.0130
vn -0.7319 0.6808 -0.0289
vn -0.1096 0.9939 -0.0108
vn -0.0005 0.9999 -0.0117
vn 0.0032 0.9999 -0.0119
vn 0.0007 1.0000 -0.0096
vn 0.0234 0.9997 -0.0047
vn 0.0253 0.9997 -0.0038
vn 0.0153 0.9999 -0.0011
vn 0.0196 0.9998 -0.0009
vn 0.0086 0.9999 -0.0088
vn -0.0007 0.9999 -0.0126
vn 0.0057 0.9999 -0.0100
vn -0.0062 0.9998 -0.0188
vn -0.0122 0.9997 -0.0209
vn -0.0097 0.9997 -0.0204
vn -0.0168 0.9993 -0.0341
vn -0.0190 0.9987 -0.0477
vn -0.0189 0.9984 -0.0528
vn -0.0289 0.9985 -0.0460
vn -0.0334 0.9920 0.1221
vn -0.0206 0.6525 0.7575
vn 0.0033 0.0725 0.9974
vn -0.0099 0.0223 0.9997
vn -0.0133 0.0173 0.9998
vn -0.0010 0.0061 1.0000
vn -0.0075 0.0048 1.0000
vn -0.0110 0.0029 0.9999
vn -0.0023 0.0033 1.0000
vn -0.0057 -0.0085 0.9999
vn -0.0095 -0.0014 1.0000
vn -0.0044 -0.0555 0.9984
vn 0.0091 -0.4707 0.8823
vn 0.0152 -0.8722 0.4889
vn 0.0205 -0.9842 0.1760
vn 0.0272 -0.9983 0.0522
vn 0.0262 -0.9983 0.0526
vn 0.0171 -0.9991 0.0381
vn 0.0215 -0.9994 0.0283
vn 0.0276 -0.9993 0.0238
vn 0.0263 -0.9995 0.0190
vn 0.0205 -0.9996 0.0195
vn 0.0209 -0.9996 0.0187
vn 0.0187 -0.9998 0.0107
vn 0.0066 -1.0000 0.0041
vn 0.0171 -0.9998 0.0078
vn 0.0261 -0.9996 0.0114
vn 0.0174 -0.9998 0.0061
vn 0.0127 -0.9999 0.0051
vn 0.0083 -1.0000 0.0031
vn 0.0149 -0.9999 -0.0026
vn 0.0158 -0.9999 -0.0053
vn 0.0188 -0.9998 -0.0002
vn 0.0186 -0.9998 0.0047
vn -0.0002 -0.9999 -0.0104
vn -0.0082 -0.9998 -0.0169
vn 0.0089 -0.9998 -0.0152
vn 0.0160 -0.9998 -0.0131
vn 0.0093 -0.9999 -0.0073
vn 0.0068 -0.9999 -0.0121
vn 0.0101 -0.9999 -0.0121
vn 0.0230 -0.9997 -0.0053
vn 0.0169 -0.9998 -0.0140
vn 0.0092 -0.9996 -0.0249
vn 0.0131 -0.9929 -0.1182
vn -0.0896 -0.8112 -0.5778
vn -0.0575 -0.3537 -0.9336
vn -0.8001 -0.0716 -0.5955
vn -0.4672 -0.8658 -0.1790
vn -0.4278 -0.9017 -0.0623
vn -0.8526 -0.5209 -0.0419
vn -0.9980 -0.0629 -0.0034
vn -0.9991 -0.0396 0.0163
vn -0.9986 0.0386 0.0368
vn -0.9983 0.0501 0.0311
vn -0.9978 0.0601 0.0266
vn -0.9959 0.0897 0.0150
vn -0.9937 0.1116 0.0074
vn -0.9949 0.0998 -0.0131
vn -0.9976 0.0691 -0.0101
vn -0.9950 0.0980 -0.0189
vn -0.7250 0.6883 -0.0249
vn -0.1127 0.9936 -0.0064
vn -0.0043 0.9999 -0.0105
vn 0.0009 1.0000 -0.0072
vn 0.0014 1.0000 -0.0056
vn 0.0233 0.9997 -0.0052
vn 0.0266 0.9996 -0.0032
vn 0.0156 0.9999 0.0025
vn 0.0143 0.9999 -0.0029
vn 0.0027 1.0000 -0.0070
vn -0.0042 1.0000 -0.0065
vn -0.0023 1.0000 -0.0079
vn -0.0145 0.9997 -0.0178
vn -0.0126 0.9998 -0.0162
vn -0.0167 0.9994 -0.0298
vn -0.0185 0.9987 -0.0465
vn -0.0200 0.9985 -0.0508
vn -0.0235 0.9989 -0.0407
vn -0.0308 0.9924 0.1190
vn -0.0315 0.6532 0.7565
vn 0.0016 0.0840 0.9965
vn 0.0051 0.0144 0.9999
vn -0.0170 0.0148 0.9997
vn -0.0099 0.0060 0.9999
vn -0.0052 0.0026 1.0000
vn -0.0074 0.0040 1.0000
vn -0.0113 0.0029 0.9999
vn -0.0012 -0.0041 1.0000
vn -0.0042 -0.0058 1.0000
vn -0.0162 -0.0632 0.9979
vn 0.0029 -0.4769 0.8790
vn 0.0091 -0.4707 0.8822
vn 0.0138 -0.8751 0.4837
vn 0.0231 -0.9836 0.1789
vn 0.0282 -0.9983 0.0504
vn 0.0178 -0.9986 0.0506
vn 0.0172 -0.9991 0.0393
vn 0.0260 -0.9991 0.0329
vn 0.0231 -0.9995 0.0229
vn 0.0213 -0.9996 0.0165
vn 0.0220 -0.9996 0.0185
vn 0.0262 -0.9995 0.0153
vn 0.0083 -1.0000 0.0046
vn 0.0159 -0.9999 0.0051
vn 0.0258 -0.9996 0.0099
vn 0.0214 -0.9997 0.0081
vn 0.0138 -0.9999 0.0044
vn 0.0115 -0.9999 0.0017
vn 0.0136 -0.9999 0.0032
vn 0.0173 -0.9998 -0.0037
vn 0.0140 -0.9999 -0.0037
vn 0.0180 -0.9998 0.0030
vn 0.0100 -0.9999 -0.0002
vn -0.0107 -0.9998 -0.0161
vn 0.0077 -0.9999 -0.0133
vn 0.0158 -0.9998 -0.0149
vn 0.0080 -0.9999 -0.0125
vn 0.0078 -1.0000 -0.0059
vn 0.0102 -0.9998 -0.0155
vn 0.0249 -0.9996 -0.0090
vn 0.0178 -0.9998 -0.0091
vn 0.0019 -0.9999 -0.0109
vn -0.1606 -0.9865 -0.0325
vn -0.1329 -0.9858 -0.1029
vn -0.7685 -0.3078 -0.5610
vn -0.4120 -0.9106 -0.0323
vn -0.8597 -0.5105 0.0179
vn -0.9961 -0.0862 0.0201
vn -0.9993 -0.0231 0.0287
vn -0.9986 0.0412 0.0335
vn -0.9984 0.0451 0.0354
vn -0.9985 0.0479 0.0254
vn -0.9966 0.0799 0.0189
vn -0.9950 0.0999 -0.0008
vn -0.9960 0.0896 -0.0043
vn -0.9982 0.0597 -0.0046
vn -0.9957 0.0888 -0.0249
vn -0.7315 0.6818 -0.0013
vn -0.1206 0.9927 -0.0051
vn -0.0069 1.0000 -0.0041
vn -0.0013 1.0000 -0.0062
vn 0.0032 1.0000 -0.0059
vn 0.0231 0.9997 -0.0031
vn 0.0285 0.9996 0.0025
vn 0.0121 0.9999 0.0023
vn 0.0099 0.9999 -0.0019
vn -0.0017 1.0000 -0.0046
vn -0.0056 1.0000 -0.0022
vn -0.0116 0.9999 -0.0113
vn -0.0164 0.9997 -0.0170
vn -0.0161 0.9996 -0.0234
vn -0.0215 0.9988 -0.0442
vn -0.0204 0.9986 -0.0488
vn -0.0240 0.9991 -0.0344
vn -0.0258 0.9929 0.1163
vn -0.0218 0.6657 0.7459
vn -0.0132 0.0955 0.9953
vn 0.0135 0.0130 0.9998
vn -0.0049 0.0070 1.0000
vn -0.0143 0.0137 0.9998
vn -0.0049 0.0028 1.0000
vn -0.0073 0.0042 1.0000
vn -0.0089 0.0002 1.0000
vn -0.0135 -0.0057 0.9999
vn 0.0023 -0.0054 1.0000
vn -0.0085 -0.0728 0.9973
vn -0.0100 -0.4815 0.8764
vn 0.0029 -0.4769 0.8789
vn 0.0096 -0.8749 0.4842
vn 0.0273 -0.9831 0.1808
vn 0.0185 -0.9986 0.0497
vn 0.0164 -0.9986 0.0495
vn 0.0258 -0.9989 0.0391
vn 0.0250 -0.9991 0.0330
vn 0.0239 -0.9995 0.0214
vn 0.0233 -0.9996 0.0154
vn 0.0301 -0.9994 0.0171
vn 0.0134 -0.9999 0.0086
vn 0.0131 -0.9999 0.0049
vn 0.0229 -0.9997 0.0072
vn 0.0233 -0.9997 0.0118
vn 0.0149 -0.9999 0.0045
vn 0.0149 -0.9999 0.0035
vn 0.0125 -0.9999 -0.0001
vn 0.0176 -0.9998 0.0050
vn 0.0121 -0.9999 -0.0048
vn 0.0160 -0.9999 -0.0003
vn 0.0149 -0.9999 0.0032
vn -0.0069 -0.9999 -0.0089
vn 0.0028 -0.9999 -0.0124
vn 0.0154 -0.9998 -0.0115
vn 0.0067 -0.9999 -0.0132
vn 0.0049 -0.9999 -0.0097
vn 0.0134 -0.9999 -0.0069
vn 0.0196 -0.9997 -0.0129
vn 0.0182 -0.9998 -0.0075
vn -0.0085 -1.0000 -0.0036
vn -0.1636 -0.9864 -0.0161
vn -0.4147 -0.9098 0.0147
vn -0.8561 -0.5149 0.0445
vn -0.9943 -0.1029 0.0283
vn -0.9996 -0.0084 0.0259
vn -0.9984 0.0407 0.0392
vn -0.9986 0.0407 0.0337
vn -0.9987 0.0472 0.0197
vn -0.9975 0.0694 0.0106
vn -0.9958 0.0912 0.0030
vn -0.9966 0.0815 0.0076
vn -0.9989 0.0439 -0.0137
vn -0.9967 0.0815 0.0067
vn -0.7402 0.6723 0.0117
vn -0.1261 0.9920 -0.0027
vn -0.0103 0.9999 -0.0037
vn -0.0004 1.0000 -0.0084
vn 0.0040 1.0000 -0.0020
vn 0.0235 0.9997 -0.0000
vn 0.0296 0.9995 0.0050
vn 0.0102 0.9999 -0.0013
vn 0.0068 1.0000 -0.0018
vn -0.0018 1.0000 -0.0028
vn -0.0076 1.0000 -0.0057
vn -0.0157 0.9997 -0.0175
vn -0.0150 0.9997 -0.0210
vn -0.0224 0.9990 -0.0393
vn -0.0241 0.9986 -0.0465
vn -0.0248 0.9993 -0.0284
vn -0.0260 0.9932 0.1134
vn -0.0085 0.6733 0.7393
vn -0.0026 0.1029 0.9947
vn 0.0011 0.0218 0.9998
vn 0.0134 -0.0010 0.9999
vn -0.0075 0.0225 0.9997
vn -0.0049 0.0086 1.0000
vn -0.0055 0.0015 1.0000
vn -0.0090 -0.0041 1.0000
vn -0.0168 -0.0133 0.9998
vn -0.0141 -0.0016 0.9999
vn 0.0054 -0.0789 0.9969
vn 0.0001 -0.4835 0.8754
vn 0.0182 -0.8723 0.4887
vn 0.0200 -0.9839 0.1774
vn 0.0122 -0.9985 0.0540
vn 0.0255 -0.9984 0.0508
vn 0.0252 -0.9990 0.0383
vn 0.0233 -0.9992 0.0329
vn 0.0267 -0.9994 0.0234
vn 0.0303 -0.9994 0.0157
vn 0.0194 -0.9997 0.0136
vn 0.0082 -0.9999 0.0080
vn 0.0198 -0.9998 0.0084
vn 0.0196 -0.9997 0.0118
vn 0.0172 -0.9998 0.0110
vn 0.0156 -0.9999 0.0032
vn 0.0154 -0.9999 -0.0005
vn 0.0145 -0.9999 0.0023
vn 0.0126 -0.9999 0.0050
vn 0.0122 -0.9999 -0.0020
vn 0.0157 -0.9999 0.0006
vn 0.0008 -1.0000 -0.0006
vn -0.0004 -0.9999 -0.0134
vn 0.0158 -0.9998 -0.0095
vn 0.0045 -0.9999 -0.0106
vn 0.0015 -0.9999 -0.0115
vn 0.0137 -0.9999 -0.0061
vn 0.0149 -0.9999 -0.0079
vn 0.0146 -0.9999 -0.0058
vn -0.0186 -0.9998 -0.0040
vn -0.1663 -0.9861 0.0050
vn -0.4361 -0.8994 0.0310
vn -0.8627 -0.5035 0.0481
vn -0.9939 -0.1086 0.0204
vn -0.9993 0.0038 0.0362
vn -0.9986 0.0367 0.0385
vn -0.9991 0.0398 0.0129
vn -0.9984 0.0541 0.0138
vn -0.9978 0.0662 0.0037
vn -0.9959 0.0898 0.0108
vn -0.9972 0.0744 -0.0028
vn -0.9991 0.0433 0.0039
vn -0.9966 0.0803 0.0190
vn -0.7534 0.6575 -0.0064
vn -0.1295 0.9916 -0.0006
vn -0.0150 0.9999 -0.0071
vn 0.0003 1.0000 -0.0013
vn 0.0010 1.0000 0.0013
vn 0.0270 0.9996 0.0030
vn 0.0284 0.9996 -0.0007
vn 0.0107 0.9999 -0.0002
vn 0.0037 1.0000 -0.0024
vn -0.0009 1.0000 -0.0035
vn -0.0105 0.9998 -0.0162
vn -0.0143 0.9996 -0.0233
vn -0.0158 0.9993 -0.0343
vn -0.0266 0.9987 -0.0442
vn -0.0271 0.9994 -0.0236
vn -0.0305 0.9930 0.1143
vn -0.0157 0.6913 0.7224
vn 0.0154 0.1096 0.9939
vn 0.0056 0.0322 0.9995
vn 0.0129 -0.0001 0.9999
vn 0.0100 0.0270 0.9996
vn 0.0024 0.0182 0.9998
vn -0.0013 -0.0015 1.0000
vn -0.0086 -0.0059 0.9999
vn -0.0116 -0.0200 0.9997
vn -0.0260 -0.0033 0.9997
vn -0.0087 -0.0801 0.9967
vn 0.0140 -0.4857 0.8740
vn 0.0001 -0.4835 0.8753
vn 0.0213 -0.8724 0.4884
vn 0.0086 -0.9850 0.1722
vn 0.0210 -0.9979 0.0613
vn 0.0246 -0.9983 0.0524
vn 0.0206 -0.9990 0.0403
vn 0.0246 -0.9991 0.0342
vn 0.0221 -0.9994 0.0259
vn 0.0224 -0.9996 0.0164
vn 0.0063 -0.9999 0.0099
vn 0.0160 -0.9998 0.0133
vn 0.0151 -0.9998 0.0111
vn 0.0175 -0.9997 0.0156
vn 0.0171 -0.9998 0.0086
vn 0.0183 -0.9998 0.0030
vn 0.0121 -0.9999 -0.0031
vn 0.0119 -0.9999 0.0061
vn 0.0088 -0.9999 0.0047
vn 0.0153 -0.9999 0.0013
vn 0.0062 -1.0000 -0.0018
vn 0.0028 -1.0000 -0.0068
vn 0.0144 -0.9998 -0.0113
vn 0.0032 -0.9999 -0.0096
vn -0.0002 -1.0000 -0.0089
vn 0.0108 -0.9999 -0.0085
vn 0.0149 -0.9999 -0.0055
vn 0.0078 -1.0000 -0.0036
vn -0.0226 -0.9997 -0.0024
vn -0.1782 -0.9840 0.0063
vn -0.4702 -0.8820 0.0310
vn -0.8702 -0.4921 0.0237
vn -0.9951 -0.0965 0.0197
vn -0.9991 0.0076 0.0422
vn -0.9994 0.0295 0.0162
vn -0.9991 0.0417 0.0118
vn -0.9987 0.0511 0.0070
vn -0.9975 0.0703 0.0078
vn -0.9961 0.0883 0.0023
vn -0.9971 0.0759 -0.0081
vn -0.9982 0.0598 0.0076
vn -0.9968 0.0799 -0.0063
vn -0.7542 0.6566 -0.0059
vn -0.1355 0.9908 -0.0016
vn -0.0170 0.9999 -0.0009
vn -0.0033 1.0000 0.0070
vn -0.0012 1.0000 0.0003
vn 0.0279 0.9996 0.0016
vn 0.0276 0.9996 -0.0005
vn 0.0092 1.0000 0.0005
vn 0.0026 1.0000 -0.0036
vn -0.0044 0.9999 -0.0118
vn -0.0126 0.9996 -0.0235
vn -0.0144 0.9994 -0.0312
vn -0.0199 0.9990 -0.0408
vn -0.0287 0.9994 -0.0218
vn -0.0324 0.9922 0.1202
vn -0.0266 0.6970 0.7166
vn 0.0055 0.1187 0.9929
vn 0.0173 0.0320 0.9993
vn 0.0146 0.0086 0.9999
vn 0.0156 0.0267 0.9995
vn 0.0134 0.0270 0.9995
vn 0.0103 -0.0002 0.9999
vn 0.0011 -0.0036 1.0000
vn -0.0057 -0.0184 0.9998
vn -0.0123 -0.0049 0.9999
vn -0.0153 -0.0689 0.9975
vn 0.0060 -0.4911 0.8711
vn 0.0128 -0.8777 0.4790
vn 0.0189 -0.9856 0.1679
vn 0.0268 -0.9977 0.0619
vn 0.0211 -0.9985 0.0506
vn 0.0260 -0.9989 0.0402
vn 0.0210 -0.9992 0.0345
vn 0.0109 -0.9999 0.0122
vn 0.0174 -0.9996 0.0239
vn 0.0120 -0.9999 0.0105
vn 0.0168 -0.9998 0.0128
vn 0.0170 -0.9998 0.0119
vn 0.0203 -0.9997 0.0144
vn 0.0186 -0.9998 0.0067
vn 0.0128 -0.9999 0.0022
vn 0.0081 -1.0000 -0.0005
vn 0.0094 -0.9999 0.0062
vn 0.0142 -0.9999 0.0061
vn 0.0088 -0.9999 -0.0071
vn 0.0105 -0.9999 -0.0079
vn 0.0021 -1.0000 -0.0092
vn -0.0006 -1.0000 -0.0093
vn 0.0092 -0.9999 -0.0088
vn 0.0158 -0.9999 -0.0067
vn 0.0032 -1.0000 -0.0056
vn -0.0219 -0.9998 -0.0015
vn -0.1906 -0.9817 0.0029
vn -0.5000 -0.8660 0.0081
vn -0.8768 -0.4808 -0.0016
vn -0.9964 -0.0771 0.0356
vn -0.9996 0.0013 0.0266
vn -0.9997 0.0222 0.0143
vn -0.9992 0.0339 0.0202
vn -0.9990 0.0442 0.0078
vn -0.9973 0.0734 0.0031
vn -0.9966 0.0824 -0.0090
vn -0.9967 0.0814 -0.0029
vn -0.9977 0.0671 -0.0022
vn -0.9973 0.0731 -0.0050
vn -0.7635 0.6458 0.0023
vn -0.1331 0.9911 -0.0080
vn -0.0158 0.9998 0.0087
vn -0.0089 1.0000 0.0022
vn 0.0012 1.0000 0.0011
vn 0.0246 0.9997 0.0010
vn 0.0267 0.9996 0.0033
vn 0.0064 1.0000 -0.0024
vn 0.0003 1.0000 -0.0058
vn -0.0104 0.9997 -0.0199
vn -0.0155 0.9995 -0.0279
vn -0.0181 0.9992 -0.0361
vn -0.0232 0.9995 -0.0204
vn -0.0289 0.9919 0.1234
vn -0.0285 0.6919 0.7214
vn -0.0032 0.1304 0.9915
vn 0.0126 0.0276 0.9995
vn 0.0147 0.0143 0.9998
vn 0.0203 0.0273 0.9994
vn 0.0152 0.0301 0.9994
vn 0.0184 0.0030 0.9998
vn 0.0137 0.0010 0.9999
vn 0.0067 -0.0130 0.9999
vn -0.0011 -0.0016 1.0000
vn -0.0009 -0.0499 0.9988
vn 0.0181 -0.4956 0.8683
vn 0.0278 -0.8863 0.4622
vn 0.0347 -0.9865 0.1598
vn 0.0257 -0.9980 0.0569
vn 0.0294 -0.9985 0.0468
vn 0.0227 -0.9991 0.0369
vn 0.0219 -0.9992 0.0328
vn 0.0098 -0.9998 0.0187
vn 0.0089 -0.9999 0.0100
vn 0.0184 -0.9997 0.0132
vn 0.0186 -0.9998 0.0090
vn 0.0233 -0.9997 0.0110
vn 0.0210 -0.9997 0.0106
vn 0.0143 -0.9999 0.0058
vn 0.0046 -1.0000 0.0019
vn 0.0104 -0.9999 0.0025
vn 0.0151 -0.9999 0.0039
vn 0.0197 -0.9998 0.0049
vn 0.0128 -0.9999 -0.0086
vn 0.0079 -0.9999 -0.0098
vn 0.0019 -1.0000 -0.0067
vn 0.0008 -1.0000 -0.0097
vn 0.0077 -0.9999 -0.0076
vn 0.0153 -0.9998 -0.0084
vn 0.0049 -0.9999 -0.0090
vn -0.0186 -0.9998 -0.0067
vn -0.1929 -0.9812 -0.0051
vn -0.5101 -0.8600 -0.0140
vn -0.8768 -0.4809 -0.0016
vn -0.8852 -0.4650 0.0119
vn -0.9967 -0.0726 0.0351
vn -0.9999 -0.0016 0.0146
vn -0.9994 0.0185 0.0297
vn -0.9997 0.0214 0.0147
vn -0.9991 0.0431 0.0014
vn -0.9974 0.0725 -0.0028
vn -0.9969 0.0782 -0.0032
vn -0.9968 0.0796 0.0024
vn -0.9979 0.0643 0.0007
vn -0.9978 0.0664 0.0042
vn -0.7605 0.6492 -0.0100
vn -0.1160 0.9932 -0.0041
vn -0.0173 0.9998 0.0073
vn -0.0121 0.9999 -0.0000
vn 0.0023 1.0000 0.0036
vn 0.0221 0.9997 0.0053
vn 0.0235 0.9997 0.0011
vn 0.0063 1.0000 -0.0047
vn -0.0049 0.9999 -0.0145
vn -0.0153 0.9996 -0.0236
vn -0.0189 0.9993 -0.0323
vn -0.0225 0.9996 -0.0177
vn -0.0255 0.9919 0.1244
vn -0.0184 0.6927 0.7210
vn -0.0285 0.6920 0.7214
vn -0.0046 0.1425 0.9898
vn 0.0135 0.0340 0.9993
vn 0.0105 0.0135 0.9999
vn 0.0156 0.0282 0.9995
vn 0.0202 0.0295 0.9994
vn 0.0178 0.0060 0.9998
vn 0.0159 -0.0009 0.9999
vn 0.0169 -0.0090 0.9998
vn 0.0068 -0.0016 1.0000
vn -0.0038 -0.0472 0.9989
vn 0.0285 -0.4881 0.8723
vn 0.0181 -0.4957 0.8683
vn 0.0419 -0.8929 0.4483
vn 0.0296 -0.9880 0.1517
vn 0.0285 -0.9980 0.0572
vn 0.0248 -0.9987 0.0446
vn 0.0232 -0.9991 0.0361
vn 0.0158 -0.9995 0.0272
vn 0.0086 -0.9998 0.0174
vn 0.0134 -0.9998 0.0153
vn 0.0192 -0.9997 0.0145
vn 0.0231 -0.9997 0.0089
vn 0.0229 -0.9997 0.0102
vn 0.0158 -0.9998 0.0077
vn 0.0064 -1.0000 0.0027
vn 0.0087 -1.0000 0.0041
vn 0.0167 -0.9999 0.0026
vn 0.0211 -0.9998 0.0027
vn 0.0142 -0.9999 0.0025
vn 0.0057 -1.0000 -0.0080
vn 0.0026 -1.0000 -0.0090
vn 0.0052 -0.9999 -0.0103
vn 0.0050 -0.9999 -0.0099
vn 0.0130 -0.9999 -0.0042
vn 0.0083 -0.9999 -0.0088
vn -0.0174 -0.9998 -0.0112
vn -0.1859 -0.9825 -0.0124
vn -0.5114 -0.8593 -0.0059
vn -0.8909 -0.4532 0.0301
vn -0.9973 -0.0729 0.0101
vn -0.9996 0.0026 0.0293
vn -0.9996 0.0125 0.0242
vn -0.9999 0.0153 0.0015
vn -0.9990 0.0450 -0.0014
vn -0.9980 0.0628 0.0049
vn -0.9970 0.0778 0.0050
vn -0.9969 0.0793 -0.0008
vn -0.9979 0.0638 0.0061
vn -0.9983 0.0578 0.0055
vn -0.7512 0.6599 -0.0134
vn -0.1033 0.9946 0.0090
vn -0.0231 0.9997 0.0041
vn -0.0116 0.9999 0.0025
vn 0.0009 1.0000 0.0072
vn 0.0182 0.9998 0.0060
vn 0.0182 0.9998 -0.0027
vn 0.0049 0.9999 -0.0089
vn -0.0108 0.9998 -0.0182
vn -0.0195 0.9994 -0.0291
vn -0.0227 0.9997 -0.0135
vn -0.0280 0.9914 0.1276
vn -0.0150 0.6923 0.7215
vn 0.0043 0.1538 0.9881
vn 0.0144 0.0498 0.9987
vn 0.0222 0.0128 0.9997
vn 0.0091 0.0290 0.9995
vn 0.0160 0.0288 0.9995
vn 0.0221 0.0101 0.9997
vn 0.0182 -0.0063 0.9998
vn 0.0133 -0.0071 0.9999
vn 0.0153 -0.0061 0.9999
vn -0.0001 -0.0580 0.9983
vn 0.0031 -0.4835 0.8753
vn 0.0285 -0.4882 0.8723
vn 0.0230 -0.8940 0.4475
vn 0.0196 -0.9878 0.1543
vn 0.0243 -0.9979 0.0603
vn 0.0200 -0.9987 0.0464
vn 0.0192 -0.9991 0.0368
vn 0.0070 -0.9997 0.0242
vn 0.0196 -0.9996 0.0184
vn 0.0191 -0.9996 0.0189
vn 0.0217 -0.9996 0.0155
vn 0.0209 -0.9997 0.0116
vn 0.0157 -0.9998 0.0111
vn 0.0117 -0.9999 0.0039
vn 0.0083 -1.0000 -0.0007
vn 0.0162 -0.9998 0.0061
vn 0.0208 -0.9998 0.0020
vn 0.0139 -0.9999 0.0040
vn 0.0035 -1.0000 0.0026
vn 0.0019 -1.0000 -0.0056
vn 0.0079 -0.9999 -0.0084
vn 0.0035 -0.9999 -0.0132
vn 0.0079 -1.0000 -0.0055
vn 0.0094 -1.0000 -0.0028
vn -0.0206 -0.9998 -0.0069
vn -0.1832 -0.9830 -0.0088
vn -0.5142 -0.8576 0.0119
vn -0.8928 -0.4505 0.0017
vn -0.9979 -0.0616 0.0184
vn -0.9996 0.0042 0.0295
vn -1.0000 0.0074 0.0034
vn -0.9999 0.0141 -0.0016
vn -0.9989 0.0440 0.0147
vn -0.9985 0.0546 0.0059
vn -0.9971 0.0765 -0.0018
vn -0.9966 0.0820 0.0052
vn -0.9980 0.0624 0.0139
vn -0.9989 0.0469 -0.0007
vn -0.7368 0.6760 0.0118
vn -0.1120 0.9935 0.0187
vn -0.0299 0.9995 0.0048
vn -0.0105 0.9999 0.0081
vn -0.0015 0.9999 0.0105
vn 0.0111 0.9999 0.0044
vn 0.0101 0.9999 -0.0012
vn -0.0025 0.9999 -0.0104
vn -0.0182 0.9996 -0.0231
vn -0.0234 0.9997 -0.0097
vn -0.0296 0.9905 0.1340
vn -0.0212 0.6969 0.7168
vn 0.0096 0.1657 0.9861
vn 0.0179 0.0643 0.9978
vn 0.0293 0.0177 0.9994
vn 0.0249 0.0322 0.9992
vn 0.0128 0.0321 0.9994
vn 0.0183 0.0139 0.9997
vn 0.0286 -0.0041 0.9996
vn 0.0176 -0.0047 0.9998
vn 0.0197 -0.0035 0.9998
vn 0.0093 -0.0685 0.9976
vn 0.0007 -0.4857 0.8741
vn 0.0031 -0.4836 0.8753
vn 0.0096 -0.8913 0.4533
vn 0.0196 -0.9867 0.1615
vn 0.0179 -0.9980 0.0606
vn 0.0181 -0.9986 0.0492
vn 0.0070 -0.9993 0.0364
vn 0.0165 -0.9995 0.0280
vn 0.0233 -0.9995 0.0192
vn 0.0228 -0.9996 0.0173
vn 0.0197 -0.9997 0.0150
vn 0.0141 -0.9998 0.0136
vn 0.0167 -0.9998 0.0095
vn 0.0130 -0.9999 -0.0024
vn 0.0136 -0.9999 0.0003
vn 0.0213 -0.9997 0.0069
vn 0.0131 -0.9999 0.0018
vn 0.0031 -1.0000 0.0044
vn 0.0025 -1.0000 0.0017
vn 0.0063 -1.0000 -0.0037
vn 0.0034 -1.0000 -0.0081
vn 0.0040 -0.9999 -0.0122
vn 0.0110 -0.9999 -0.0034
vn -0.0247 -0.9997 -0.0017
vn -0.1877 -0.9822 0.0003
vn -0.5170 -0.8560 -0.0029
vn -0.8968 -0.4425 0.0007
vn -0.9983 -0.0511 0.0285
vn -1.0000 0.0019 0.0063
vn -1.0000 0.0052 0.0008
vn -0.9998 0.0172 0.0131
vn -0.9992 0.0382 0.0106
vn -0.9985 0.0539 -0.0006
vn -0.9972 0.0746 0.0049
vn -0.9963 0.0844 0.0138
vn -0.9984 0.0556 0.0093
vn -0.9990 0.0437 0.0097
vn -0.7357 0.6765 0.0340
vn -0.1311 0.9912 0.0166
vn -0.0349 0.9993 0.0098
vn -0.0117 0.9998 0.0134
vn -0.0050 0.9999 0.0107
vn 0.0028 1.0000 0.0077
vn 0.0015 1.0000 -0.0026
vn -0.0118 0.9998 -0.0138
vn -0.0268 0.9996 -0.0039
vn -0.0285 0.9896 0.1410
vn -0.0252 0.7043 0.7094
vn 0.0060 0.1811 0.9834
vn 0.0237 0.0739 0.9970
vn 0.0287 0.0255 0.9993
vn 0.0343 0.0362 0.9988
vn 0.0301 0.0384 0.9988
vn 0.0190 0.0179 0.9997
vn 0.0266 0.0058 0.9996
vn 0.0328 -0.0031 0.9995
vn 0.0247 0.0082 0.9997
vn 0.0166 -0.0828 0.9964
vn 0.0080 -0.4930 0.8700
vn 0.0124 -0.8910 0.4539
vn 0.0174 -0.9864 0.1635
vn 0.0175 -0.9981 0.0599
vn 0.0110 -0.9989 0.0463
vn 0.0111 -0.9992 0.0378
vn 0.0187 -0.9992 0.0346
vn 0.0208 -0.9995 0.0241
vn 0.0227 -0.9996 0.0138
vn 0.0164 -0.9998 0.0116
vn 0.0203 -0.9997 0.0133
vn 0.0202 -0.9998 0.0037
vn 0.0109 -0.9999 -0.0053
vn 0.0196 -0.9998 0.0040
vn 0.0150 -0.9999 0.0046
vn 0.0038 -1.0000 0.0013
vn 0.0054 -1.0000 0.0031
vn 0.0071 -1.0000 -0.0019
vn 0.0035 -1.0000 -0.0027
vn 0.0048 -0.9999 -0.0098
vn 0.0109 -0.9999 -0.0103
vn -0.0266 -0.9996 -0.0041
vn -0.1897 -0.9818 -0.0009
vn -0.5153 -0.8569 -0.0079
vn -0.9043 -0.4262 0.0234
vn -0.9985 -0.0538 0.0125
vn -1.0000 -0.0023 0.0044
vn -0.9999 0.0038 0.0094
vn -0.9997 0.0201 0.0153
vn -0.9995 0.0322 0.0015
vn -0.9985 0.0544 0.0054
vn -0.9970 0.0769 0.0096
vn -0.9961 0.0871 0.0132
vn -0.9989 0.0456 0.0135
vn -0.9986 0.0496 0.0187
vn -0.7356 0.6766 0.0340
vn -0.7491 0.6623 0.0154
vn -0.1385 0.9903 0.0094
vn -0.0352 0.9993 0.0129
vn -0.0145 0.9998 0.0137
vn -0.0085 0.9999 0.0130
vn -0.0026 1.0000 0.0026
vn -0.0049 1.0000 -0.0059
vn -0.0212 0.9998 0.0045
vn -0.0343 0.9888 0.1456
vn -0.0210 0.7058 0.7081
vn 0.0013 0.1987 0.9801
vn 0.0253 0.0841 0.9961
vn 0.0312 0.0312 0.9990
vn 0.0321 0.0373 0.9988
vn 0.0363 0.0419 0.9985
vn 0.0368 0.0242 0.9990
vn 0.0254 0.0156 0.9996
vn 0.0362 0.0003 0.9993
vn 0.0305 0.0126 0.9995
vn 0.0258 -0.0994 0.9947
vn 0.0047 -0.5059 0.8626
vn 0.0083 -0.8898 0.4562
vn 0.0149 -0.9864 0.1639
vn 0.0167 -0.9982 0.0576
vn 0.0086 -0.9990 0.0430
vn 0.0128 -0.9990 0.0421
vn 0.0126 -0.9990 0.0421
vn 0.0221 -0.9994 0.0281
vn 0.0204 -0.9997 0.0098
vn 0.0191 -0.9997 0.0118
vn 0.0226 -0.9997 0.0130
vn 0.0101 -0.9999 -0.0000
vn 0.0144 -0.9999 -0.0008
vn 0.0181 -0.9998 0.0047
vn 0.0064 -1.0000 0.0006
vn 0.0064 -1.0000 0.0014
vn 0.0118 -0.9999 -0.0012
vn 0.0023 -1.0000 -0.0028
vn 0.0058 -1.0000 -0.0024
vn 0.0078 -0.9999 -0.0092
vn -0.0281 -0.9996 -0.0080
vn -0.1871 -0.9823 -0.0060
vn -0.5225 -0.8526 0.0073
vn -0.9043 -0.4263 0.0234
vn -0.9088 -0.4170 0.0160
vn -0.9980 -0.0617 0.0126
vn -0.9999 -0.0055 0.0105
vn -0.9999 0.0087 0.0114
vn -0.9998 0.0193 0.0038
vn -0.9995 0.0313 0.0039
vn -0.9983 0.0574 0.0043
vn -0.9967 0.0803 0.0113
vn -0.9958 0.0898 0.0173
vn -0.9990 0.0446 0.0092
vn -0.9985 0.0538 -0.0016
vn -0.7490 0.6624 0.0154
vn -0.7533 0.6576 -0.0087
vn -0.1282 0.9917 0.0021
vn -0.0320 0.9994 0.0139
vn -0.0177 0.9997 0.0162
vn -0.0131 0.9999 0.0074
vn -0.0065 1.0000 -0.0009
vn -0.0128 0.9998 0.0133
vn -0.0283 0.9884 0.1492
vn -0.0260 0.7049 0.7088
vn -0.0010 0.2102 0.9777
vn 0.0189 0.0952 0.9953
vn 0.0343 0.0342 0.9988
vn 0.0322 0.0363 0.9988
vn 0.0299 0.0406 0.9987
vn 0.0368 0.0270 0.9990
vn 0.0388 0.0179 0.9991
vn 0.0313 0.0050 0.9995
vn 0.0346 0.0063 0.9994
vn 0.0226 -0.1160 0.9930
vn 0.0134 -0.5230 0.8522
vn 0.0085 -0.8894 0.4571
vn 0.0181 -0.9862 0.1644
vn 0.0102 -0.9985 0.0534
vn 0.0097 -0.9990 0.0444
vn 0.0093 -0.9990 0.0435
vn 0.0207 -0.9987 0.0475
vn 0.0162 -0.9995 0.0258
vn 0.0153 -0.9998 0.0094
vn 0.0183 -0.9997 0.0176
vn 0.0117 -0.9999 0.0124
vn 0.0071 -1.0000 0.0033
vn 0.0158 -0.9999 0.0055
vn 0.0081 -1.0000 0.0041
vn 0.0046 -1.0000 -0.0001
vn 0.0136 -0.9999 0.0028
vn 0.0014 -1.0000 -0.0042
vn 0.0048 -1.0000 -0.0008
vn 0.0049 -1.0000 -0.0014
vn -0.0300 -0.9995 -0.0066
vn -0.1870 -0.9824 -0.0051
vn -0.5341 -0.8454 0.0032
vn -0.9135 -0.4066 0.0168
vn -0.9973 -0.0714 0.0175
vn -1.0000 -0.0062 0.0063
vn -0.9999 0.0158 0.0013
vn -0.9998 0.0204 0.0014
vn -0.9995 0.0319 0.0025
vn -0.9982 0.0577 0.0130
vn -0.9967 0.0793 0.0175
vn -0.9959 0.0901 0.0069
vn -0.9988 0.0488 -0.0024
vn -0.9987 0.0478 -0.0148
vn -0.7513 0.6599 0.0062
vn -0.1151 0.9933 0.0079
vn -0.0300 0.9994 0.0171
vn -0.0198 0.9997 0.0110
vn -0.0176 0.9998 0.0021
vn -0.0117 0.9997 0.0209
vn -0.0208 0.9880 0.1531
vn -0.0254 0.7140 0.6997
vn -0.0025 0.2169 0.9762
vn 0.0102 0.1046 0.9945
vn 0.0266 0.0363 0.9990
vn 0.0352 0.0356 0.9987
vn 0.0303 0.0376 0.9988
vn 0.0249 0.0227 0.9994
vn 0.0347 0.0142 0.9993
vn 0.0321 0.0014 0.9995
vn 0.0311 -0.0007 0.9995
vn 0.0251 -0.1339 0.9907
vn 0.0153 -0.5414 0.8406
vn 0.0134 -0.5231 0.8522
vn 0.0153 -0.8910 0.4537
vn 0.0124 -0.9866 0.1628
vn 0.0089 -0.9986 0.0513
vn 0.0121 -0.9990 0.0434
vn 0.0183 -0.9989 0.0432
vn 0.0205 -0.9987 0.0466
vn 0.0119 -0.9997 0.0231
vn 0.0132 -0.9998 0.0124
vn 0.0152 -0.9997 0.0189
vn 0.0036 -0.9999 0.0108
vn 0.0077 -0.9999 0.0121
vn 0.0061 -0.9999 0.0102
vn 0.0028 -1.0000 0.0047
vn 0.0097 -0.9999 0.0041
vn 0.0032 -1.0000 0.0018
vn 0.0008 -1.0000 -0.0009
vn 0.0045 -1.0000 -0.0002
vn -0.0286 -0.9996 -0.0029
vn -0.1888 -0.9820 -0.0063
vn -0.5522 -0.8337 0.0047
vn -0.9134 -0.4066 0.0168
vn -0.9185 -0.3949 0.0210
vn -0.9971 -0.0759 0.0057
vn -1.0000 -0.0059 -0.0013
vn -0.9999 0.0163 0.0019
vn -0.9998 0.0204 0.0044
vn -0.9994 0.0291 0.0176
vn -0.9984 0.0532 0.0215
vn -0.9971 0.0747 0.0106
vn -0.9964 0.0845 0.0021
vn -0.9992 0.0400 0.0003
vn -0.9990 0.0394 0.0203
vn -0.7566 0.6533 0.0278
vn -0.1103 0.9938 0.0154
vn -0.0305 0.9995 0.0123
vn -0.0224 0.9997 0.0057
vn -0.0201 0.9995 0.0250
vn -0.0183 0.9875 0.1565
vn -0.0252 0.7114 0.7023
vn -0.0107 0.2253 0.9742
vn 0.0095 0.1137 0.9935
vn 0.0198 0.0405 0.9990
vn 0.0303 0.0381 0.9988
vn 0.0350 0.0363 0.9987
vn 0.0294 0.0191 0.9994
vn 0.0225 0.0133 0.9997
vn 0.0304 -0.0068 0.9995
vn 0.0235 -0.0057 0.9997
vn 0.0255 -0.1506 0.9883
vn 0.0178 -0.5551 0.8316
vn 0.0137 -0.8925 0.4509
vn 0.0094 -0.9869 0.1610
vn 0.0144 -0.9986 0.0508
vn 0.0177 -0.9990 0.0415
vn 0.0223 -0.9988 0.0446
vn 0.0138 -0.9990 0.0429
vn 0.0190 -0.9996 0.0229
vn 0.0181 -0.9997 0.0133
vn 0.0073 -0.9999 0.0130
vn 0.0003 -0.9999 0.0126
vn 0.0038 -0.9998 0.0177
vn 0.0029 -0.9999 0.0112
vn 0.0064 -1.0000 0.0056
vn 0.0065 -1.0000 0.0055
vn -0.0031 -1.0000 0.0008
vn 0.0041 -1.0000 0.0026
vn -0.0269 -0.9996 -0.0003
vn -0.1902 -0.9817 -0.0053
vn -0.5716 -0.8205 0.0073
vn -0.9230 -0.3849 0.0014
vn -0.9974 -0.0724 -0.0048
vn -1.0000 -0.0066 0.0048
vn -0.9999 0.0125 0.0078
vn -0.9996 0.0197 0.0194
vn -0.9994 0.0261 0.0246
vn -0.9986 0.0510 0.0131
vn -0.9976 0.0680 0.0106
vn -0.9968 0.0790 0.0109
vn -0.9991 0.0375 0.0174
vn -0.9985 0.0361 0.0416
vn -0.7654 0.6435 0.0078
vn -0.1110 0.9937 0.0139
vn -0.0349 0.9993 0.0114
vn -0.0273 0.9992 0.0287
vn -0.0235 0.9871 0.1585
vn -0.0227 0.7142 0.6996
vn -0.0165 0.2322 0.9725
vn 0.0012 0.1225 0.9925
vn 0.0200 0.0479 0.9987
vn 0.0263 0.0435 0.9987
vn 0.0329 0.0359 0.9988
vn 0.0339 0.0178 0.9993
vn 0.0284 0.0135 0.9995
vn 0.0257 -0.0082 0.9996
vn 0.0225 -0.0141 0.9996
vn 0.0163 -0.1675 0.9857
vn 0.0197 -0.5723 0.8198
vn 0.0178 -0.5552 0.8315
vn 0.0127 -0.8950 0.4458
vn 0.0144 -0.9869 0.1607
vn 0.0162 -0.9985 0.0516
vn 0.0203 -0.9989 0.0434
vn 0.0172 -0.9989 0.0431
vn 0.0210 -0.9990 0.0395
vn 0.0197 -0.9996 0.0203
vn 0.0141 -0.9999 0.0094
vn 0.0003 -1.0000 0.0075
vn 0.0046 -0.9999 0.0135
vn 0.0069 -0.9999 0.0149
vn 0.0085 -0.9999 0.0082
vn 0.0102 -0.9999 0.0036
vn -0.0011 -1.0000 0.0012
vn 0.0021 -1.0000 0.0029
vn -0.0267 -0.9996 0.0028
vn -0.1906 -0.9817 -0.0016
vn -0.5799 -0.8147 -0.0008
vn -0.9229 -0.3849 0.0014
vn -0.9232 -0.3842 -0.0072
vn -0.9973 -0.0732 0.0102
vn -1.0000 -0.0052 0.0075
vn -0.9998 0.0129 0.0167
vn -0.9994 0.0163 0.0292
vn -0.9995 0.0289 0.0093
vn -0.9984 0.0545 0.0113
vn -0.9975 0.0698 0.0060
vn -0.9966 0.0818 0.0071
vn -0.9977 0.0630 0.0236
vn -0.9995 0.0324 0.0004
vn -0.7654 0.6436 0.0078
vn -0.7813 0.6241 0.0043
vn -0.1135 0.9934 0.0171
vn -0.0403 0.9986 0.0330
vn -0.0307 0.9868 0.1588
vn -0.0250 0.7161 0.6975
vn -0.0191 0.2362 0.9715
vn -0.0067 0.1323 0.9912
vn 0.0134 0.0583 0.9982
vn 0.0227 0.0444 0.9988
vn 0.0277 0.0341 0.9990
vn 0.0290 0.0125 0.9995
vn 0.0275 0.0075 0.9996
vn 0.0211 -0.0137 0.9997
vn 0.0161 -0.0303 0.9994
vn 0.0109 -0.1859 0.9825
vn 0.0123 -0.5904 0.8070
vn 0.0197 -0.5724 0.8197
vn 0.0129 -0.8980 0.4397
vn 0.0102 -0.9863 0.1644
vn 0.0158 -0.9983 0.0559
vn 0.0188 -0.9988 0.0452
vn 0.0230 -0.9989 0.0411
vn 0.0235 -0.9991 0.0361
vn 0.0103 -0.9998 0.0146
vn 0.0047 -1.0000 0.0037
vn 0.0057 -1.0000 0.0060
vn 0.0118 -0.9999 0.0108
vn 0.0139 -0.9999 0.0084
vn 0.0158 -0.9999 0.0026
vn 0.0044 -1.0000 -0.0012
vn -0.0006 -1.0000 -0.0004
vn -0.0260 -0.9997 0.0037
vn -0.1902 -0.9817 0.0018
vn -0.5769 -0.8168 -0.0010
vn -0.9232 -0.3843 -0.0072
vn -0.9234 -0.3836 0.0120
vn -0.9964 -0.0834 0.0117
vn -0.9999 -0.0000 0.0115
vn -0.9994 0.0196 0.0285
vn -0.9999 0.0118 0.0064
vn -0.9993 0.0380 0.0023
vn -0.9982 0.0596 -0.0019
vn -0.9968 0.0805 -0.0017
vn -0.9960 0.0899 -0.0000
vn -0.9964 0.0847 -0.0001
vn -0.7812 0.6242 0.0043
vn -0.9996 0.0290 -0.0041
vn -0.7716 0.6360 0.0088
vn -0.1162 0.9925 0.0367
vn -0.0403 0.9870 0.1554
vn -0.0204 0.7207 0.6929
vn -0.0184 0.2370 0.9713
vn -0.0112 0.1416 0.9899
vn 0.0053 0.0696 0.9976
vn 0.0204 0.0430 0.9989
vn 0.0180 0.0301 0.9994
vn 0.0236 0.0054 0.9997
vn 0.0166 -0.0061 0.9998
vn 0.0125 -0.0306 0.9995
vn 0.0056 -0.0503 0.9987
vn 0.0060 -0.1981 0.9802
vn 0.0021 -0.6031 0.7977
vn 0.0026 -0.8989 0.4381
vn 0.0114 -0.9857 0.1683
vn 0.0181 -0.9981 0.0593
vn 0.0224 -0.9987 0.0461
vn 0.0240 -0.9988 0.0420
vn 0.0155 -0.9994 0.0325
vn 0.0062 -0.9999 0.0097
vn 0.0049 -1.0000 0.0017
vn 0.0119 -0.9999 0.0079
vn 0.0181 -0.9998 0.0085
vn 0.0220 -0.9998 0.0027
vn 0.0093 -1.0000 -0.0030
vn -0.0028 -1.0000 -0.0029
vn -0.0282 -0.9996 0.0035
vn -0.1917 -0.9814 0.0036
vn -0.5779 -0.8161 0.0041
vn -0.9234 -0.3837 0.0120
vn -0.9266 -0.3757 0.0150
vn -0.9956 -0.0929 0.0129
vn -0.9998 0.0050 0.0218
vn -0.9997 0.0205 0.0105
vn -0.9998 0.0183 -0.0106
vn -0.9991 0.0419 -0.0019
vn -0.9981 0.0618 -0.0069
vn -0.9967 0.0809 0.0002
vn -0.9960 0.0894 0.0015
vn -0.9961 0.0885 0.0003
vn -0.9997 0.0259 -0.0029
vn -0.7715 0.6361 0.0088
vn -0.7639 0.6447 0.0288
vn -0.1191 0.9807 0.1552
vn -0.0370 0.7137 0.6995
vn -0.0122 0.2352 0.9719
vn -0.0167 0.1478 0.9889
vn -0.0019 0.0785 0.9969
vn 0.0136 0.0455 0.9989
vn 0.0174 0.0235 0.9996
vn 0.0100 -0.0036 0.9999
vn 0.0105 -0.0245 0.9996
vn -0.0029 -0.0518 0.9987
vn -0.0023 -0.0644 0.9979
vn 0.0085 -0.1921 0.9813
vn 0.0113 -0.6087 0.7933
vn 0.0021 -0.6032 0.7976
vn 0.0125 -0.9006 0.4345
vn 0.0202 -0.9859 0.1659
vn 0.0243 -0.9981 0.0570
vn 0.0216 -0.9986 0.0485
vn 0.0188 -0.9990 0.0416
vn 0.0090 -0.9995 0.0291
vn 0.0121 -0.9999 0.0066
vn 0.0105 -0.9999 0.0020
vn 0.0183 -0.9998 0.0103
vn 0.0263 -0.9996 0.0060
vn 0.0128 -0.9999 -0.0013
vn -0.0050 -1.0000 -0.0041
vn -0.0335 -0.9994 0.0008
vn -0.1897 -0.9818 0.0028
vn -0.5868 -0.8097 0.0035
vn -0.9266 -0.3758 0.0150
vn -0.9309 -0.3651 0.0113
vn -0.9948 -0.0990 0.0223
vn -0.9999 0.0071 0.0142
vn -0.9998 0.0141 -0.0149
vn -0.9995 0.0300 -0.0045
vn -0.9992 0.0390 -0.0064
vn -0.9978 0.0656 0.0011
vn -0.9971 0.0752 0.0072
vn -0.9969 0.0787 0.0079
vn -0.9973 0.0720 0.0149
vn -0.9997 0.0188 0.0137
vn -0.7513 0.6360 0.1763
vn -0.1693 0.6934 0.7004
vn -0.0328 0.2276 0.9732
vn -0.0123 0.1533 0.9881
vn -0.0069 0.0887 0.9960
vn 0.0002 0.0453 0.9990
vn 0.0092 0.0132 0.9999
vn 0.0060 -0.0168 0.9998
vn -0.0030 -0.0420 0.9991
vn -0.0086 -0.0722 0.9974
vn -0.0166 -0.0718 0.9973
vn 0.0038 -0.1751 0.9845
vn 0.0313 -0.6037 0.7966
vn 0.0313 -0.9055 0.4231
vn 0.0294 -0.9865 0.1609
vn 0.0235 -0.9984 0.0508
vn 0.0208 -0.9986 0.0493
vn 0.0112 -0.9992 0.0393
vn 0.0140 -0.9995 0.0274
vn 0.0160 -0.9999 0.0040
vn 0.0161 -0.9999 0.0031
vn 0.0277 -0.9996 0.0114
vn 0.0144 -0.9999 0.0040
vn -0.0047 -1.0000 -0.0040
vn -0.0365 -0.9993 -0.0026
vn -0.1816 -0.9834 -0.0006
vn -0.5991 -0.8007 -0.0028
vn -0.9309 -0.3652 0.0113
vn -0.9358 -0.3521 0.0178
vn -0.9951 -0.0983 0.0115
vn -1.0000 0.0010 -0.0060
vn -0.9998 0.0159 -0.0138
vn -0.9995 0.0328 -0.0039
vn -0.9990 0.0433 -0.0077
vn -0.9975 0.0696 0.0078
vn -0.9972 0.0731 0.0160
vn -0.9970 0.0669 0.0382
vn -0.9984 0.0411 0.0376
vn -0.9912 0.0278 0.1295
vn -0.6337 0.5351 0.5586
vn -0.1811 0.2142 0.9598
vn -0.0341 0.1533 0.9876
vn -0.0054 0.1014 0.9948
vn -0.0000 0.0429 0.9991
vn -0.0082 0.0002 1.0000
vn -0.0052 -0.0322 0.9995
vn -0.0102 -0.0578 0.9983
vn -0.0113 -0.0824 0.9965
vn -0.0199 -0.0764 0.9969
vn -0.0089 -0.1586 0.9873
vn 0.0271 -0.5948 0.8034
vn 0.0342 -0.9100 0.4133
vn 0.0290 -0.9872 0.1569
vn 0.0211 -0.9986 0.0478
vn 0.0140 -0.9988 0.0467
vn 0.0128 -0.9991 0.0400
vn 0.0176 -0.9995 0.0265
vn 0.0243 -0.9997 0.0074
vn 0.0180 -0.9998 0.0060
vn 0.0141 -0.9998 0.0120
vn -0.0019 -1.0000 0.0020
vn -0.0357 -0.9993 -0.0060
vn -0.1735 -0.9848 -0.0063
vn -0.6125 -0.7905 0.0033
vn -0.9389 -0.3440 0.0080
vn -0.9957 -0.0928 -0.0029
vn -0.9998 -0.0064 -0.0171
vn -0.9997 0.0250 -0.0066
vn -0.9995 0.0305 -0.0120
vn -0.9988 0.0482 0.0075
vn -0.9976 0.0652 0.0231
vn -0.9966 0.0680 0.0470
vn -0.9970 0.0550 0.0547
vn -0.9927 0.0452 0.1114
vn -0.7341 0.1451 0.6633
vn -0.1749 0.1622 0.9711
vn -0.0296 0.1126 0.9932
vn 0.0018 0.0434 0.9991
vn -0.0060 -0.0116 0.9999
vn -0.0224 -0.0472 0.9986
vn -0.0182 -0.0720 0.9972
vn -0.0205 -0.0855 0.9961
vn -0.0142 -0.0800 0.9967
vn -0.0156 -0.1450 0.9893
vn 0.0158 -0.5866 0.8097
vn 0.0296 -0.9106 0.4122
vn 0.0202 -0.9878 0.1546
vn 0.0159 -0.9987 0.0480
vn 0.0119 -0.9990 0.0437
vn 0.0179 -0.9990 0.0414
vn 0.0150 -0.9996 0.0256
vn 0.0129 -0.9999 0.0101
vn 0.0137 -0.9999 0.0103
vn -0.0001 -0.9999 0.0121
vn -0.0308 -0.9995 -0.0035
vn -0.1704 -0.9854 -0.0055
vn -0.6205 -0.7842 0.0025
vn -0.9389 -0.3441 0.0080
vn -0.9388 -0.3443 -0.0065
vn -0.9959 -0.0891 -0.0168
vn -0.9999 -0.0033 -0.0156
vn -0.9996 0.0269 -0.0084
vn -0.9995 0.0322 0.0044
vn -0.9985 0.0452 0.0307
vn -0.9970 0.0576 0.0514
vn -0.9959 0.0587 0.0689
vn -0.9935 0.0548 0.1000
vn -0.7437 0.1356 0.6547
vn -0.1552 0.1295 0.9794
vn -0.0196 0.0491 0.9986
vn -0.0016 -0.0216 0.9998
vn -0.0150 -0.0582 0.9982
vn -0.0306 -0.0784 0.9965
vn -0.0252 -0.0887 0.9957
vn -0.0209 -0.0800 0.9966
vn -0.0171 -0.1418 0.9898
vn 0.0029 -0.5725 0.8199
vn 0.0171 -0.9108 0.4125
vn 0.0133 -0.9877 0.1561
vn 0.0135 -0.9988 0.0477
vn 0.0192 -0.9989 0.0422
vn 0.0186 -0.9991 0.0383
vn 0.0142 -0.9996 0.0227
vn 0.0041 -1.0000 0.0090
vn 0.0012 -1.0000 0.0093
vn -0.0237 -0.9997 0.0083
vn -0.1733 -0.9849 -0.0050
vn -0.6159 -0.7878 -0.0068
vn -0.9388 -0.3444 -0.0065
vn -0.9374 -0.3478 -0.0165
vn -0.9961 -0.0859 -0.0225
vn -0.9999 0.0048 -0.0099
vn -0.9997 0.0253 0.0005
vn -0.9988 0.0385 0.0300
vn -0.9977 0.0435 0.0523
vn -0.9953 0.0444 0.0856
vn -0.9924 0.0400 0.1164
vn -0.7397 0.1177 0.6626
vn -0.1385 0.0600 0.9885
vn -0.0101 -0.0214 0.9997
vn -0.0076 -0.0628 0.9980
vn -0.0152 -0.0763 0.9970
vn -0.0265 -0.0847 0.9961
vn -0.0231 -0.0749 0.9969
vn -0.0201 -0.1449 0.9892
vn -0.0089 -0.5673 0.8235
vn 0.0060 -0.9098 0.4150
vn 0.0126 -0.9875 0.1571
vn 0.0192 -0.9987 0.0479
vn 0.0223 -0.9989 0.0407
vn 0.0199 -0.9993 0.0320
vn 0.0084 -0.9998 0.0180
vn -0.0231 -0.9997 0.0092
vn -0.0205 -0.9998 0.0086
vn -0.1698 -0.9855 -0.0004
vn -0.6052 -0.7961 -0.0069
vn -0.9374 -0.3479 -0.0165
vn -0.9338 -0.3574 -0.0165
vn -0.9964 -0.0843 -0.0121
vn -1.0000 0.0082 -0.0000
vn -0.9993 0.0270 0.0255
vn -0.9978 0.0422 0.0505
vn -0.9940 0.0360 0.1032
vn -0.9889 0.0113 0.1484
vn -0.7244 0.0575 0.6870
vn -0.1306 -0.0176 0.9913
vn -0.0065 -0.0654 0.9978
vn -0.0038 -0.0683 0.9977
vn -0.0085 -0.0762 0.9971
vn -0.0155 -0.0662 0.9977
vn -0.0227 -0.1504 0.9884
vn -0.0127 -0.5613 0.8275
vn 0.0042 -0.9072 0.4207
vn 0.0193 -0.9875 0.1561
vn 0.0224 -0.9986 0.0488
vn 0.0237 -0.9989 0.0398
vn 0.0142 -0.9996 0.0255
vn -0.0269 -0.9995 0.0163
vn -0.1580 -0.9874 0.0122
vn -0.1605 -0.9870 0.0051
vn -0.5895 -0.8078 0.0028
vn -0.9338 -0.3575 -0.0165
vn -0.9288 -0.3705 -0.0010
vn -0.9969 -0.0780 -0.0070
vn -0.9997 0.0126 0.0192
vn -0.9984 0.0280 0.0493
vn -0.9928 0.0371 0.1141
vn -0.9819 0.0028 0.1894
vn -0.7203 -0.0170 0.6934
vn -0.1313 -0.0720 0.9887
vn -0.0117 -0.0672 0.9977
vn 0.0028 -0.0716 0.9974
vn -0.0062 -0.0616 0.9981
vn -0.0078 -0.1542 0.9880
vn -0.0152 -0.5560 0.8311
vn -0.0127 -0.5614 0.8275
vn 0.0085 -0.9024 0.4309
vn 0.0213 -0.9877 0.1549
vn 0.0220 -0.9984 0.0513
vn 0.0209 -0.9992 0.0354
vn -0.0260 -0.9995 0.0198
vn -0.1617 -0.9867 0.0191
vn -0.5797 -0.8147 0.0159
vn -0.9256 -0.3783 -0.0089
vn -0.9988 -0.0486 -0.0079
vn -0.9989 0.0276 0.0386
vn -0.9927 0.0255 0.1175
vn -0.9729 0.0049 0.2311
vn -0.7099 -0.0573 0.7020
vn -0.1423 -0.0809 0.9865
vn -0.0163 -0.0709 0.9974
vn -0.0007 -0.0649 0.9979
vn -0.0026 -0.1520 0.9884
vn 0.0025 -0.5527 0.8334
vn -0.0152 -0.5560 0.8310
vn 0.0155 -0.8985 0.4387
vn 0.0193 -0.9878 0.1543
vn 0.0240 -0.9983 0.0539
vn -0.0205 -0.9994 0.0271
vn -0.1677 -0.9857 0.0185
vn -0.5765 -0.8170 0.0088
vn -0.9256 -0.3784 -0.0089
vn -0.9261 -0.3758 -0.0332
vn -1.0000 0.0044 -0.0049
vn -0.9931 0.0437 0.1089
vn -0.9624 -0.0041 0.2716
vn -0.6979 -0.0631 0.7134
vn -0.1604 -0.0818 0.9837
vn -0.0201 -0.0738 0.9971
vn 0.0011 -0.1498 0.9887
vn 0.0116 -0.5533 0.8329
vn 0.0198 -0.8993 0.4369
vn 0.0234 -0.9880 0.1524
vn -0.0083 -0.9990 0.0445
vn -0.1687 -0.9855 0.0172
vn -0.5584 -0.8295 -0.0115
vn -0.9261 -0.3759 -0.0332
vn -0.9311 -0.3627 -0.0390
vn -0.9955 0.0733 0.0595
vn -0.9506 0.0220 0.3097
vn -0.6770 -0.0676 0.7329
vn -0.1781 -0.0836 0.9805
vn -0.0181 -0.1449 0.9893
vn 0.0101 -0.5486 0.8360
vn 0.0238 -0.9018 0.4315
vn 0.0105 -0.9902 0.1393
vn -0.1615 -0.9866 0.0232
vn -0.5387 -0.8424 -0.0125
vn -0.9392 -0.3425 0.0255
vn -0.9364 0.0712 0.3435
vn -0.6563 -0.0501 0.7529
vn -0.1884 -0.1311 0.9733
vn 0.0067 -0.5404 0.8414
vn 0.0227 -0.9064 0.4218
vn -0.1586 -0.9803 0.1174
vn -0.5279 -0.8465 0.0690
vn -0.6203 -0.0476 0.7829
vn -0.1902 -0.5225 0.8311
vn -0.1673 -0.8998 0.4030
vn -0.5807 -0.3984 0.7099
vn -0.1902 -0.5226 0.8311
vt 0.087771 0.667518
vt 0.089089 0.661945
vt 0.086013 0.661945
vt 0.086370 0.672739
vt 0.081724 0.673932
vt 0.087872 0.676524
vt 0.065607 0.674794
vt 0.060092 0.674147
vt 0.060528 0.678064
vt 0.080301 0.544375
vt 0.078483 0.539126
vt 0.076251 0.544522
vt 0.445931 0.798749
vt 0.443081 0.794525
vt 0.441810 0.799537
vt 0.094708 0.970665
vt 0.089817 0.970461
vt 0.090713 0.973777
vt 0.147119 0.974773
vt 0.148738 0.970436
vt 0.144132 0.971428
vt 0.141071 0.799637
vt 0.146035 0.800283
vt 0.144959 0.795854
vt 0.139400 0.742594
vt 0.144324 0.742236
vt 0.144645 0.736741
vt 0.139561 0.736922
vt 0.139743 0.747912
vt 0.143808 0.747961
vt 0.149518 0.742098
vt 0.149778 0.736662
vt 0.139895 0.731425
vt 0.144935 0.731321
vt 0.089560 0.656409
vt 0.085036 0.656492
vt 0.080669 0.662008
vt 0.081108 0.667720
vt 0.149060 0.747747
vt 0.154761 0.742039
vt 0.154961 0.736632
vt 0.149990 0.731247
vt 0.145067 0.725858
vt 0.140029 0.725961
vt 0.089563 0.650889
vt 0.084791 0.651026
vt 0.080180 0.656571
vt 0.075343 0.662229
vt 0.075734 0.668035
vt 0.076369 0.674203
vt 0.082686 0.681430
vt 0.088336 0.681768
vt 0.154454 0.747653
vt 0.160010 0.742041
vt 0.160182 0.736644
vt 0.155128 0.731233
vt 0.150123 0.725818
vt 0.145132 0.720412
vt 0.139983 0.720494
vt 0.089611 0.645379
vt 0.084668 0.645533
vt 0.079871 0.651128
vt 0.075016 0.656687
vt 0.070122 0.662471
vt 0.070467 0.668291
vt 0.071099 0.674415
vt 0.077168 0.681371
vt 0.083128 0.687103
vt 0.088761 0.687160
vt 0.159786 0.747550
vt 0.165266 0.742068
vt 0.165419 0.736650
vt 0.160325 0.731301
vt 0.155242 0.725806
vt 0.150209 0.720381
vt 0.145228 0.715018
vt 0.139995 0.715050
vt 0.089454 0.639908
vt 0.084419 0.640086
vt 0.079788 0.645644
vt 0.074747 0.651236
vt 0.069822 0.656881
vt 0.064919 0.662674
vt 0.065212 0.668470
vt 0.071641 0.681577
vt 0.077598 0.687178
vt 0.083417 0.692528
vt 0.089039 0.692507
vt 0.165085 0.747686
vt 0.170523 0.742102
vt 0.170640 0.736637
vt 0.165542 0.731383
vt 0.160418 0.725920
vt 0.155332 0.720361
vt 0.150316 0.714974
vt 0.145351 0.709622
vt 0.140203 0.709637
vt 0.089238 0.634477
vt 0.084262 0.634665
vt 0.079576 0.640166
vt 0.074499 0.645762
vt 0.069541 0.651379
vt 0.064601 0.657055
vt 0.059674 0.662797
vt 0.059962 0.668478
vt 0.066205 0.682202
vt 0.072054 0.687376
vt 0.077905 0.692662
vt 0.083638 0.697894
vt 0.089150 0.697825
vt 0.170397 0.747807
vt 0.175806 0.742084
vt 0.175910 0.736600
vt 0.170759 0.731238
vt 0.165627 0.726490
vt 0.160502 0.720385
vt 0.155439 0.714942
vt 0.150424 0.709577
vt 0.145405 0.704229
vt 0.140224 0.704270
vt 0.088995 0.629096
vt 0.084019 0.629281
vt 0.079261 0.634813
vt 0.074261 0.640334
vt 0.069263 0.645931
vt 0.064296 0.651558
vt 0.059361 0.657233
vt 0.054778 0.668504
vt 0.054451 0.662925
vt 0.060855 0.683029
vt 0.066590 0.687754
vt 0.055023 0.674159
vt 0.072390 0.692884
vt 0.078160 0.698059
vt 0.083839 0.703253
vt 0.089223 0.703165
vt 0.175731 0.747719
vt 0.181112 0.742059
vt 0.181201 0.736599
vt 0.176006 0.731155
vt 0.170836 0.725855
vt 0.165699 0.720377
vt 0.160615 0.714936
vt 0.155571 0.709559
vt 0.150514 0.704197
vt 0.145351 0.698846
vt 0.140016 0.698929
vt 0.088852 0.623735
vt 0.083794 0.623877
vt 0.079112 0.629418
vt 0.074009 0.634931
vt 0.068998 0.640506
vt 0.064011 0.646112
vt 0.059053 0.651747
vt 0.054126 0.657412
vt 0.049225 0.663077
vt 0.049546 0.668601
vt 0.055299 0.678710
vt 0.055541 0.683573
vt 0.061167 0.688236
vt 0.066899 0.693183
vt 0.049839 0.674181
vt 0.072662 0.698286
vt 0.078382 0.703427
vt 0.083996 0.708621
vt 0.089428 0.708523
vt 0.181047 0.747619
vt 0.186425 0.742061
vt 0.186500 0.736616
vt 0.181288 0.731154
vt 0.176102 0.725729
vt 0.170932 0.720315
vt 0.165826 0.714926
vt 0.160731 0.709544
vt 0.155660 0.704183
vt 0.150533 0.698830
vt 0.145357 0.693532
vt 0.139960 0.693583
vt 0.088709 0.618367
vt 0.083613 0.618536
vt 0.078839 0.624019
vt 0.073779 0.629573
vt 0.068729 0.635112
vt 0.063728 0.640702
vt 0.058757 0.646317
vt 0.053809 0.651953
vt 0.048884 0.657611
vt 0.043955 0.663278
vt 0.044271 0.668752
vt 0.050020 0.679013
vt 0.050215 0.683951
vt 0.055795 0.688688
vt 0.061454 0.693547
vt 0.067170 0.698569
vt 0.044524 0.674422
vt 0.072896 0.703655
vt 0.078579 0.708789
vt 0.084183 0.713988
vt 0.089575 0.713867
vt 0.186373 0.747635
vt 0.191741 0.742081
vt 0.191808 0.736626
vt 0.186590 0.731182
vt 0.181385 0.725732
vt 0.176203 0.720319
vt 0.171060 0.714919
vt 0.165939 0.709545
vt 0.160843 0.704177
vt 0.155715 0.698818
vt 0.150573 0.693496
vt 0.145409 0.688222
vt 0.140047 0.688260
vt 0.088495 0.613024
vt 0.083437 0.613171
vt 0.078644 0.618665
vt 0.073538 0.624187
vt 0.068484 0.629743
vt 0.063457 0.635316
vt 0.058457 0.640924
vt 0.053496 0.646541
vt 0.048554 0.652178
vt 0.043620 0.657831
vt 0.038679 0.663489
vt 0.039008 0.668936
vt 0.044715 0.679241
vt 0.044881 0.684233
vt 0.050432 0.689053
vt 0.056047 0.693918
vt 0.061707 0.698893
vt 0.067416 0.703918
vt 0.039276 0.674638
vt 0.073110 0.709010
vt 0.078741 0.714156
vt 0.084326 0.719351
vt 0.089775 0.719218
vt 0.191704 0.747664
vt 0.197068 0.742079
vt 0.197120 0.736642
vt 0.191886 0.731205
vt 0.186682 0.725762
vt 0.181479 0.720339
vt 0.176317 0.714935
vt 0.171175 0.709555
vt 0.166061 0.704187
vt 0.160920 0.698816
vt 0.155781 0.693480
vt 0.150639 0.688186
vt 0.145451 0.682928
vt 0.139989 0.682952
vt 0.088473 0.607688
vt 0.083246 0.607843
vt 0.078387 0.613331
vt 0.073325 0.618835
vt 0.068253 0.624374
vt 0.063201 0.629942
vt 0.058176 0.635539
vt 0.053186 0.641156
vt 0.048234 0.646777
vt 0.043279 0.652433
vt 0.038329 0.658101
vt 0.033760 0.669138
vt 0.033384 0.663754
vt 0.039390 0.679483
vt 0.039539 0.684493
vt 0.045073 0.689348
vt 0.050661 0.694241
vt 0.056290 0.699207
vt 0.061960 0.704201
vt 0.067635 0.709259
vt 0.034067 0.674686
vt 0.073279 0.714366
vt 0.078889 0.719519
vt 0.084421 0.724710
vt 0.089857 0.724577
vt 0.197037 0.747710
vt 0.202390 0.742092
vt 0.202436 0.736636
vt 0.197192 0.731209
vt 0.191975 0.725792
vt 0.186772 0.720367
vt 0.181587 0.714957
vt 0.176432 0.709570
vt 0.171295 0.704197
vt 0.166146 0.698823
vt 0.160996 0.693472
vt 0.155866 0.688166
vt 0.150720 0.682896
vt 0.140175 0.677648
vt 0.145513 0.677645
vt 0.088282 0.602363
vt 0.083080 0.602529
vt 0.078137 0.608003
vt 0.073106 0.613502
vt 0.068029 0.619022
vt 0.062965 0.624572
vt 0.057916 0.630158
vt 0.052893 0.635775
vt 0.047915 0.641399
vt 0.042959 0.647042
vt 0.038001 0.652709
vt 0.033034 0.658391
vt 0.028059 0.664063
vt 0.028469 0.669383
vt 0.034108 0.679651
vt 0.034193 0.684672
vt 0.039711 0.689590
vt 0.045283 0.694539
vt 0.050891 0.699499
vt 0.056529 0.704492
vt 0.062179 0.709528
vt 0.067828 0.714602
vt 0.028849 0.674807
vt 0.073447 0.719719
vt 0.079025 0.724879
vt 0.084554 0.730076
vt 0.089981 0.729937
vt 0.202371 0.747675
vt 0.207714 0.742103
vt 0.207759 0.736633
vt 0.202503 0.731203
vt 0.197272 0.725791
vt 0.192063 0.720386
vt 0.186866 0.714976
vt 0.181696 0.709585
vt 0.176539 0.704208
vt 0.171395 0.698839
vt 0.166235 0.693477
vt 0.161082 0.688146
vt 0.155948 0.682862
vt 0.150793 0.677608
vt 0.145571 0.672354
vt 0.140052 0.672367
vt 0.088200 0.597061
vt 0.082917 0.597224
vt 0.078001 0.602680
vt 0.072892 0.608176
vt 0.067815 0.613684
vt 0.062734 0.619219
vt 0.057675 0.624782
vt 0.052632 0.630384
vt 0.047621 0.636015
vt 0.042658 0.641644
vt 0.037696 0.647311
vt 0.032726 0.653004
vt 0.027738 0.658695
vt 0.445382 0.967397
vt 0.446802 0.962184
vt 0.441620 0.961204
vt 0.440845 0.965627
vt 0.028785 0.679803
vt 0.028783 0.684828
vt 0.034341 0.689780
vt 0.039908 0.694778
vt 0.045502 0.699774
vt 0.051122 0.704761
vt 0.056755 0.709788
vt 0.062386 0.714852
vt 0.068003 0.719941
vt 0.439818 0.969082
vt 0.442601 0.971968
vt 0.073598 0.725070
vt 0.079152 0.730239
vt 0.084677 0.735443
vt 0.090139 0.735297
vt 0.207700 0.747734
vt 0.213046 0.742103
vt 0.213088 0.736625
vt 0.207819 0.731194
vt 0.202577 0.725782
vt 0.197362 0.720392
vt 0.192157 0.714991
vt 0.186967 0.709592
vt 0.181798 0.704219
vt 0.176638 0.698848
vt 0.171484 0.693488
vt 0.166334 0.688149
vt 0.161176 0.682835
vt 0.156036 0.677568
vt 0.150864 0.672316
vt 0.145666 0.667081
vt 0.140198 0.667090
vt 0.087969 0.591769
vt 0.082720 0.591923
vt 0.077900 0.597370
vt 0.072726 0.602850
vt 0.067609 0.608353
vt 0.062525 0.613869
vt 0.057442 0.619417
vt 0.052392 0.624996
vt 0.047358 0.630615
vt 0.042359 0.636254
vt 0.037408 0.641902
vt 0.032445 0.647591
vt 0.027465 0.653291
vt 0.447452 0.956778
vt 0.442311 0.956203
vt 0.436993 0.960685
vt 0.436621 0.965280
vt 0.436666 0.969754
vt 0.432546 0.970270
vt 0.433400 0.975581
vt 0.438295 0.974402
vt 0.028941 0.689951
vt 0.034540 0.694980
vt 0.040122 0.700014
vt 0.045727 0.705018
vt 0.051341 0.710048
vt 0.056956 0.715103
vt 0.062565 0.720177
vt 0.068166 0.725282
vt 0.073737 0.730424
vt 0.079271 0.735601
vt 0.084750 0.740795
vt 0.090173 0.740653
vt 0.213026 0.747714
vt 0.218382 0.742100
vt 0.218415 0.736635
vt 0.213138 0.731194
vt 0.207887 0.725776
vt 0.202659 0.720387
vt 0.197450 0.715002
vt 0.192253 0.709612
vt 0.187070 0.704229
vt 0.181897 0.698858
vt 0.176740 0.693499
vt 0.171573 0.688147
vt 0.166414 0.682822
vt 0.161278 0.677538
vt 0.156121 0.672277
vt 0.150942 0.667035
vt 0.145728 0.661796
vt 0.140308 0.661826
vt 0.087726 0.586472
vt 0.082530 0.586649
vt 0.077714 0.592055
vt 0.072568 0.597537
vt 0.067430 0.603024
vt 0.062322 0.608528
vt 0.057232 0.614059
vt 0.052157 0.619621
vt 0.047113 0.625218
vt 0.042089 0.630852
vt 0.037122 0.636490
vt 0.032175 0.642162
vt 0.027214 0.647860
vt 0.447878 0.951321
vt 0.442633 0.950957
vt 0.437291 0.955758
vt 0.432303 0.960517
vt 0.432261 0.965390
vt 0.427883 0.970776
vt 0.428319 0.976116
vt 0.029183 0.695157
vt 0.034755 0.700227
vt 0.040342 0.705259
vt 0.045941 0.710289
vt 0.051541 0.715342
vt 0.057141 0.720410
vt 0.062737 0.725507
vt 0.068316 0.730627
vt 0.073863 0.735781
vt 0.079379 0.740961
vt 0.084863 0.746158
vt 0.090272 0.746017
vt 0.218355 0.747730
vt 0.223712 0.742114
vt 0.223743 0.736652
vt 0.218462 0.731207
vt 0.213201 0.725781
vt 0.207966 0.720386
vt 0.202750 0.715006
vt 0.197545 0.709622
vt 0.192346 0.704239
vt 0.187165 0.698867
vt 0.181991 0.693502
vt 0.176826 0.688153
vt 0.171667 0.682819
vt 0.166507 0.677512
vt 0.161368 0.672245
vt 0.156198 0.666991
vt 0.151001 0.661758
vt 0.145708 0.656511
vt 0.140261 0.656553
vt 0.087522 0.581176
vt 0.082377 0.581347
vt 0.077452 0.586815
vt 0.072396 0.592236
vt 0.067263 0.597705
vt 0.062137 0.603193
vt 0.057031 0.608704
vt 0.051944 0.614250
vt 0.046878 0.619831
vt 0.041837 0.625446
vt 0.036847 0.631080
vt 0.031895 0.636728
vt 0.026965 0.642423
vt 0.448140 0.945832
vt 0.442806 0.945610
vt 0.437516 0.950592
vt 0.432412 0.955507
vt 0.427454 0.960500
vt 0.427550 0.965573
vt 0.422832 0.971152
vt 0.423153 0.976491
vt 0.029430 0.700411
vt 0.034975 0.705483
vt 0.040550 0.710521
vt 0.046134 0.715578
vt 0.051723 0.720645
vt 0.057312 0.725728
vt 0.062888 0.730839
vt 0.068449 0.735976
vt 0.073981 0.741140
vt 0.079490 0.746323
vt 0.084984 0.751530
vt 0.090443 0.751372
vt 0.223691 0.747812
vt 0.229040 0.742146
vt 0.229069 0.736690
vt 0.223787 0.731222
vt 0.218520 0.725796
vt 0.213275 0.720393
vt 0.208051 0.715006
vt 0.202840 0.709630
vt 0.197637 0.704254
vt 0.192444 0.698879
vt 0.187251 0.693508
vt 0.182084 0.688157
vt 0.176911 0.682816
vt 0.171751 0.677497
vt 0.166597 0.672208
vt 0.161451 0.666958
vt 0.156262 0.661719
vt 0.151012 0.656489
vt 0.140012 0.651276
vt 0.145649 0.651251
vt 0.087380 0.575865
vt 0.082070 0.576038
vt 0.077278 0.581487
vt 0.072204 0.586950
vt 0.067093 0.592393
vt 0.061962 0.597862
vt 0.056846 0.603356
vt 0.051740 0.608886
vt 0.046662 0.614445
vt 0.041612 0.620039
vt 0.036589 0.625667
vt 0.031621 0.631301
vt 0.026677 0.636965
vt 0.448251 0.940287
vt 0.442925 0.940109
vt 0.437674 0.945297
vt 0.432544 0.950348
vt 0.427471 0.955393
vt 0.422465 0.960553
vt 0.422586 0.965763
vt 0.417672 0.971497
vt 0.417923 0.976790
vt 0.029651 0.705679
vt 0.035176 0.710751
vt 0.040738 0.715807
vt 0.046307 0.720879
vt 0.051888 0.725956
vt 0.057455 0.731054
vt 0.063025 0.736182
vt 0.068572 0.741332
vt 0.074099 0.746502
vt 0.079610 0.751690
vt 0.085125 0.756890
vt 0.090606 0.756736
vt 0.229030 0.747772
vt 0.234369 0.742197
vt 0.234393 0.736733
vt 0.229111 0.731254
vt 0.223842 0.725809
vt 0.218586 0.720400
vt 0.213354 0.715010
vt 0.208135 0.709635
vt 0.202926 0.704258
vt 0.197725 0.698886
vt 0.192531 0.693519
vt 0.187346 0.688160
vt 0.182174 0.682818
vt 0.177003 0.677489
vt 0.171831 0.672183
vt 0.166686 0.666917
vt 0.161503 0.661672
vt 0.156280 0.656447
vt 0.150994 0.651224
vt 0.145636 0.645994
vt 0.140100 0.645986
vt 0.087182 0.570544
vt 0.081816 0.570716
vt 0.077079 0.576219
vt 0.072018 0.581641
vt 0.066922 0.587080
vt 0.061791 0.592534
vt 0.056672 0.598012
vt 0.051566 0.603518
vt 0.046465 0.609062
vt 0.041404 0.614635
vt 0.036369 0.620243
vt 0.031374 0.625880
vt 0.026373 0.631529
vt 0.448395 0.934797
vt 0.443089 0.934563
vt 0.437820 0.939886
vt 0.432635 0.945078
vt 0.427510 0.950193
vt 0.422417 0.955351
vt 0.417351 0.960626
vt 0.417470 0.965950
vt 0.412473 0.971690
vt 0.412681 0.977036
vt 0.029829 0.710960
vt 0.035358 0.716027
vt 0.040902 0.721103
vt 0.046457 0.726181
vt 0.052027 0.731272
vt 0.057591 0.736388
vt 0.063153 0.741528
vt 0.068691 0.746688
vt 0.074215 0.751865
vt 0.079739 0.757051
vt 0.085242 0.762249
vt 0.090748 0.762105
vt 0.234368 0.747830
vt 0.239694 0.742264
vt 0.239722 0.736768
vt 0.234435 0.731281
vt 0.229161 0.725830
vt 0.223901 0.720414
vt 0.218656 0.715019
vt 0.213430 0.709639
vt 0.208214 0.704261
vt 0.203008 0.698891
vt 0.197804 0.693524
vt 0.192610 0.688163
vt 0.187431 0.682816
vt 0.182252 0.677482
vt 0.177084 0.672168
vt 0.171912 0.666881
vt 0.166754 0.661630
vt 0.161540 0.656396
vt 0.156280 0.651179
vt 0.150981 0.645964
vt 0.145665 0.640743
vt 0.140144 0.640723
vt 0.086896 0.565267
vt 0.081619 0.565438
vt 0.076717 0.570957
vt 0.071810 0.576355
vt 0.066752 0.581770
vt 0.061631 0.587207
vt 0.056505 0.592667
vt 0.051396 0.598153
vt 0.046292 0.603680
vt 0.041211 0.609236
vt 0.036163 0.614827
vt 0.031162 0.620443
vt 0.026151 0.626086
vt 0.448528 0.929344
vt 0.443184 0.929169
vt 0.437944 0.934419
vt 0.432749 0.939715
vt 0.427561 0.944925
vt 0.422409 0.950110
vt 0.417293 0.955359
vt 0.412185 0.960715
vt 0.412296 0.966093
vt 0.407242 0.971762
vt 0.407414 0.977195
vt 0.030004 0.716240
vt 0.035511 0.721313
vt 0.041042 0.726396
vt 0.046600 0.731492
vt 0.052158 0.736600
vt 0.057719 0.741732
vt 0.063276 0.746878
vt 0.068803 0.752045
vt 0.074328 0.757223
vt 0.079854 0.762407
vt 0.085320 0.767606
vt 0.090785 0.767472
vt 0.239703 0.747915
vt 0.245025 0.742320
vt 0.245052 0.736805
vt 0.239761 0.731322
vt 0.234485 0.725860
vt 0.229221 0.720436
vt 0.223966 0.715032
vt 0.218727 0.709640
vt 0.213502 0.704264
vt 0.208287 0.698888
vt 0.203081 0.693527
vt 0.197878 0.688165
vt 0.192693 0.682814
vt 0.187506 0.677474
vt 0.182326 0.672152
vt 0.177150 0.666852
vt 0.171977 0.661581
vt 0.166782 0.656340
vt 0.161544 0.651118
vt 0.156263 0.645908
vt 0.150974 0.640708
vt 0.145688 0.635480
vt 0.140197 0.635460
vt 0.086533 0.559957
vt 0.081386 0.560186
vt 0.076519 0.565647
vt 0.071582 0.571078
vt 0.066568 0.576468
vt 0.061468 0.581883
vt 0.056350 0.587322
vt 0.051234 0.592792
vt 0.046135 0.598293
vt 0.041041 0.603838
vt 0.035975 0.609408
vt 0.030952 0.615014
vt 0.025971 0.620635
vt 0.448603 0.923885
vt 0.443372 0.923783
vt 0.438047 0.929016
vt 0.432827 0.934319
vt 0.427620 0.939591
vt 0.422431 0.944830
vt 0.417264 0.950079
vt 0.412118 0.955389
vt 0.406986 0.960787
vt 0.407085 0.966193
vt 0.401988 0.971813
vt 0.402146 0.977313
vt 0.030159 0.721524
vt 0.035641 0.726608
vt 0.041174 0.731707
vt 0.046728 0.736818
vt 0.052283 0.741943
vt 0.057845 0.747080
vt 0.063382 0.752236
vt 0.068914 0.757403
vt 0.074442 0.762579
vt 0.079952 0.767766
vt 0.085387 0.772969
vt 0.090750 0.772845
vt 0.245028 0.747979
vt 0.250358 0.742345
vt 0.250386 0.736837
vt 0.245090 0.731353
vt 0.239809 0.725900
vt 0.234540 0.720460
vt 0.229283 0.715050
vt 0.224032 0.709647
vt 0.218796 0.704265
vt 0.213571 0.698891
vt 0.208353 0.693524
vt 0.203152 0.688165
vt 0.197959 0.682814
vt 0.192766 0.677468
vt 0.187568 0.672137
vt 0.182374 0.666824
vt 0.177192 0.661539
vt 0.172009 0.656283
vt 0.166786 0.651057
vt 0.161528 0.645848
vt 0.156245 0.640641
vt 0.150958 0.635440
vt 0.145693 0.630209
vt 0.140362 0.630203
vt 0.086227 0.554669
vt 0.081157 0.554902
vt 0.076370 0.560346
vt 0.071384 0.565773
vt 0.066383 0.571173
vt 0.061309 0.576561
vt 0.056197 0.581979
vt 0.051078 0.587429
vt 0.045972 0.592911
vt 0.040885 0.598432
vt 0.035813 0.603993
vt 0.030762 0.609585
vt 0.025781 0.615185
vt 0.448664 0.918417
vt 0.443435 0.918339
vt 0.438141 0.923637
vt 0.432903 0.928933
vt 0.427677 0.934230
vt 0.422459 0.939506
vt 0.417261 0.944772
vt 0.412083 0.950071
vt 0.406922 0.955429
vt 0.401755 0.960856
vt 0.401841 0.966268
vt 0.396702 0.971990
vt 0.396874 0.977421
vt 0.030275 0.726826
vt 0.035766 0.731918
vt 0.041299 0.737031
vt 0.046846 0.742152
vt 0.052400 0.747284
vt 0.057955 0.752428
vt 0.063486 0.757593
vt 0.069018 0.762761
vt 0.074551 0.767938
vt 0.080043 0.773122
vt 0.085429 0.778332
vt 0.090726 0.778198
vt 0.250337 0.748010
vt 0.255686 0.742362
vt 0.255716 0.736878
vt 0.250418 0.731386
vt 0.245133 0.725930
vt 0.239861 0.720492
vt 0.234595 0.715073
vt 0.229342 0.709664
vt 0.224097 0.704274
vt 0.218861 0.698899
vt 0.213638 0.693528
vt 0.208423 0.688167
vt 0.203216 0.682809
vt 0.198033 0.677468
vt 0.192816 0.672125
vt 0.187619 0.666806
vt 0.182426 0.661507
vt 0.177239 0.656240
vt 0.172018 0.650998
vt 0.166777 0.645777
vt 0.161498 0.640568
vt 0.156218 0.635368
vt 0.150925 0.630160
vt 0.145642 0.624940
vt 0.140341 0.624970
vt 0.086034 0.549402
vt 0.080899 0.549625
vt 0.076270 0.555056
vt 0.071247 0.560457
vt 0.066215 0.565863
vt 0.061146 0.571246
vt 0.056040 0.576639
vt 0.050932 0.582066
vt 0.045815 0.587529
vt 0.040728 0.593029
vt 0.035666 0.598569
vt 0.030609 0.604147
vt 0.025612 0.609734
vt 0.448702 0.912964
vt 0.443458 0.912885
vt 0.438194 0.918224
vt 0.432993 0.923541
vt 0.427737 0.928849
vt 0.422495 0.934152
vt 0.417267 0.939444
vt 0.412063 0.944744
vt 0.406876 0.950078
vt 0.401696 0.955476
vt 0.396504 0.960926
vt 0.396571 0.966345
vt 0.391400 0.972061
vt 0.391584 0.977522
vt 0.030384 0.732122
vt 0.035893 0.737228
vt 0.041419 0.742355
vt 0.046956 0.747485
vt 0.052514 0.752624
vt 0.058057 0.757783
vt 0.063593 0.762945
vt 0.069131 0.768117
vt 0.074658 0.773294
vt 0.080136 0.778482
vt 0.085532 0.783696
vt 0.090766 0.783539
vt 0.255640 0.748000
vt 0.261007 0.742363
vt 0.261039 0.736903
vt 0.255746 0.731426
vt 0.250460 0.725957
vt 0.245180 0.720522
vt 0.239913 0.715100
vt 0.234653 0.709687
vt 0.229401 0.704291
vt 0.224156 0.698904
vt 0.218923 0.693534
vt 0.213702 0.688169
vt 0.208484 0.682809
vt 0.203283 0.677463
vt 0.198081 0.672122
vt 0.192859 0.666789
vt 0.187670 0.661482
vt 0.182468 0.656198
vt 0.177249 0.650943
vt 0.172015 0.645712
vt 0.166737 0.640498
vt 0.161458 0.635288
vt 0.156175 0.630080
vt 0.150867 0.624881
vt 0.145526 0.619669
vt 0.140113 0.619716
vt 0.085607 0.544127
vt 0.076191 0.549782
vt 0.071174 0.555171
vt 0.066077 0.560548
vt 0.061004 0.565924
vt 0.055896 0.571302
vt 0.050776 0.576705
vt 0.045666 0.582148
vt 0.040570 0.587629
vt 0.035499 0.593148
vt 0.030465 0.598698
vt 0.025455 0.604272
vt 0.448743 0.907493
vt 0.443476 0.907432
vt 0.438219 0.912794
vt 0.433047 0.918138
vt 0.427797 0.923458
vt 0.422533 0.928780
vt 0.417285 0.934093
vt 0.412054 0.939405
vt 0.406838 0.944737
vt 0.401647 0.950103
vt 0.396449 0.955527
vt 0.391249 0.961001
vt 0.391309 0.966448
vt 0.386162 0.972157
vt 0.386294 0.977608
vt 0.030517 0.737416
vt 0.036008 0.742549
vt 0.041526 0.747687
vt 0.047072 0.752820
vt 0.052628 0.757970
vt 0.058169 0.763132
vt 0.063709 0.768298
vt 0.069243 0.773469
vt 0.074763 0.778653
vt 0.080240 0.783849
vt 0.085710 0.789057
vt 0.091115 0.788862
vt 0.260971 0.748002
vt 0.266327 0.742388
vt 0.266358 0.736923
vt 0.261070 0.731467
vt 0.255782 0.725988
vt 0.250503 0.720553
vt 0.245230 0.715131
vt 0.239964 0.709716
vt 0.234709 0.704317
vt 0.229459 0.698921
vt 0.224213 0.693543
vt 0.218986 0.688176
vt 0.213763 0.682814
vt 0.208545 0.677460
vt 0.203343 0.672117
vt 0.198120 0.666780
vt 0.192911 0.661461
vt 0.187707 0.656165
vt 0.182493 0.650894
vt 0.177255 0.645651
vt 0.171974 0.640424
vt 0.166705 0.635210
vt 0.161406 0.630000
vt 0.156114 0.624797
vt 0.150768 0.619619
vt 0.145376 0.614410
vt 0.140041 0.614457
vt 0.084903 0.538875
vt 0.071184 0.549886
vt 0.066006 0.555245
vt 0.060877 0.560602
vt 0.055763 0.565965
vt 0.050629 0.571348
vt 0.045522 0.576766
vt 0.040423 0.582225
vt 0.035358 0.587728
vt 0.030323 0.593259
vt 0.025305 0.598811
vt 0.448766 0.902010
vt 0.443591 0.901933
vt 0.438248 0.907337
vt 0.433072 0.912715
vt 0.427847 0.918061
vt 0.422570 0.923391
vt 0.417317 0.928722
vt 0.412060 0.934045
vt 0.406825 0.939383
vt 0.401613 0.944741
vt 0.396406 0.950136
vt 0.391193 0.955583
vt 0.385987 0.961076
vt 0.386063 0.966561
vt 0.380898 0.972262
vt 0.381008 0.977633
vt 0.030641 0.742729
vt 0.036109 0.747875
vt 0.041625 0.753023
vt 0.047192 0.758155
vt 0.052745 0.763316
vt 0.058284 0.768482
vt 0.063825 0.773649
vt 0.069358 0.778822
vt 0.074873 0.784011
vt 0.080372 0.789214
vt 0.085900 0.794409
vt 0.091460 0.794214
vt 0.266311 0.748023
vt 0.271651 0.742383
vt 0.271677 0.736938
vt 0.266388 0.731488
vt 0.261102 0.726033
vt 0.255821 0.720585
vt 0.250545 0.715159
vt 0.245278 0.709745
vt 0.240016 0.704339
vt 0.234762 0.698942
vt 0.229513 0.693558
vt 0.224272 0.688187
vt 0.219044 0.682821
vt 0.213812 0.677463
vt 0.208600 0.672114
vt 0.203388 0.666774
vt 0.198158 0.661444
vt 0.192958 0.656138
vt 0.187726 0.650852
vt 0.182500 0.645591
vt 0.177232 0.640351
vt 0.171940 0.635128
vt 0.166647 0.629913
vt 0.161350 0.624720
vt 0.156019 0.619530
vt 0.150639 0.614353
vt 0.145211 0.609149
vt 0.139855 0.609196
vt 0.084540 0.533594
vt 0.078149 0.533815
vt 0.071428 0.544607
vt 0.066020 0.549948
vt 0.060802 0.555284
vt 0.055645 0.560629
vt 0.050492 0.565994
vt 0.045381 0.571387
vt 0.040275 0.576823
vt 0.035210 0.582302
vt 0.030181 0.587820
vt 0.025208 0.593358
vt 0.448804 0.896548
vt 0.443640 0.896499
vt 0.438295 0.901880
vt 0.433094 0.907282
vt 0.427864 0.912652
vt 0.422603 0.917998
vt 0.417344 0.923339
vt 0.412076 0.928672
vt 0.406821 0.934012
vt 0.401587 0.939366
vt 0.396369 0.944749
vt 0.391148 0.950168
vt 0.385932 0.955635
vt 0.380719 0.961141
vt 0.380795 0.966628
vt 0.375591 0.972295
vt 0.375703 0.977670
vt 0.030732 0.748053
vt 0.036193 0.753210
vt 0.041738 0.758353
vt 0.047307 0.763505
vt 0.052861 0.768662
vt 0.058403 0.773830
vt 0.063944 0.779000
vt 0.069468 0.784180
vt 0.074984 0.789374
vt 0.080507 0.794575
vt 0.086039 0.799761
vt 0.091677 0.799581
vt 0.271650 0.747918
vt 0.276981 0.742404
vt 0.277003 0.736970
vt 0.271709 0.731514
vt 0.266419 0.726070
vt 0.261139 0.720625
vt 0.255861 0.715188
vt 0.250590 0.709773
vt 0.245328 0.704368
vt 0.240062 0.698962
vt 0.234809 0.693576
vt 0.229564 0.688200
vt 0.224324 0.682831
vt 0.219093 0.677468
vt 0.213858 0.672113
vt 0.208646 0.666768
vt 0.203424 0.661434
vt 0.198202 0.656114
vt 0.192974 0.650815
vt 0.187740 0.645543
vt 0.182485 0.640288
vt 0.177192 0.635052
vt 0.171887 0.629831
vt 0.166565 0.624626
vt 0.161249 0.619439
vt 0.155896 0.614268
vt 0.150496 0.609090
vt 0.139675 0.603901
vt 0.145089 0.603888
vt 0.084242 0.528280
vt 0.077931 0.528543
vt 0.072169 0.533955
vt 0.071978 0.539287
vt 0.066149 0.544648
vt 0.060789 0.549967
vt 0.055554 0.555293
vt 0.050378 0.560635
vt 0.045228 0.566009
vt 0.040137 0.571427
vt 0.035043 0.576887
vt 0.030019 0.582385
vt 0.025093 0.587910
vt 0.448790 0.891099
vt 0.443664 0.891078
vt 0.438350 0.896449
vt 0.433125 0.901841
vt 0.427883 0.907230
vt 0.422625 0.912592
vt 0.417358 0.917945
vt 0.412094 0.923288
vt 0.406832 0.928631
vt 0.401580 0.933990
vt 0.396342 0.939365
vt 0.391116 0.944771
vt 0.385882 0.950202
vt 0.380660 0.955680
vt 0.375427 0.961171
vt 0.375491 0.966656
vt 0.370263 0.972277
vt 0.370377 0.977666
vt 0.030791 0.753382
vt 0.036287 0.758538
vt 0.041853 0.763691
vt 0.047424 0.768849
vt 0.052979 0.774012
vt 0.058520 0.779180
vt 0.064060 0.784353
vt 0.069584 0.789541
vt 0.075093 0.794735
vt 0.080625 0.799929
vt 0.086165 0.805115
vt 0.091816 0.804954
vt 0.276982 0.747951
vt 0.282313 0.742463
vt 0.282332 0.737018
vt 0.277030 0.731553
vt 0.271739 0.726107
vt 0.266455 0.720668
vt 0.261177 0.715229
vt 0.255903 0.709805
vt 0.250636 0.704394
vt 0.245370 0.698989
vt 0.240109 0.693594
vt 0.234855 0.688213
vt 0.229612 0.682842
vt 0.224374 0.677476
vt 0.219138 0.672118
vt 0.213905 0.666765
vt 0.208681 0.661425
vt 0.203460 0.656098
vt 0.198231 0.650790
vt 0.192978 0.645500
vt 0.187721 0.640231
vt 0.182446 0.634980
vt 0.177127 0.629748
vt 0.171816 0.624539
vt 0.166478 0.619343
vt 0.161134 0.614164
vt 0.155758 0.608996
vt 0.150365 0.603820
vt 0.145019 0.598606
vt 0.139725 0.598608
vt 0.083723 0.522976
vt 0.077611 0.523241
vt 0.072108 0.528645
vt 0.066352 0.539332
vt 0.066447 0.534014
vt 0.060830 0.544648
vt 0.055516 0.549954
vt 0.050281 0.555273
vt 0.045096 0.560628
vt 0.039980 0.566026
vt 0.034897 0.571473
vt 0.029856 0.576954
vt 0.024928 0.582470
vt 0.448802 0.885653
vt 0.443726 0.885598
vt 0.438365 0.891022
vt 0.433141 0.896410
vt 0.427896 0.901806
vt 0.422638 0.907183
vt 0.417373 0.912546
vt 0.412104 0.917894
vt 0.406840 0.923246
vt 0.401578 0.928604
vt 0.396325 0.933980
vt 0.391084 0.939370
vt 0.385850 0.944787
vt 0.380610 0.950233
vt 0.375375 0.955704
vt 0.370120 0.961180
vt 0.370174 0.966673
vt 0.364943 0.972296
vt 0.365075 0.977719
vt 0.030864 0.758715
vt 0.036392 0.763875
vt 0.041974 0.769033
vt 0.047543 0.774197
vt 0.053099 0.779362
vt 0.058640 0.784532
vt 0.064170 0.789711
vt 0.069687 0.794900
vt 0.075206 0.800094
vt 0.080737 0.805281
vt 0.086272 0.810478
vt 0.091862 0.810316
vt 0.282307 0.748062
vt 0.287645 0.742536
vt 0.287662 0.737072
vt 0.282355 0.731599
vt 0.277060 0.726144
vt 0.271772 0.720704
vt 0.266493 0.715271
vt 0.261216 0.709835
vt 0.255944 0.704425
vt 0.250676 0.699015
vt 0.245412 0.693619
vt 0.240154 0.688232
vt 0.234898 0.682854
vt 0.229653 0.677484
vt 0.224415 0.672123
vt 0.219176 0.666767
vt 0.213933 0.661419
vt 0.208713 0.656085
vt 0.203475 0.650765
vt 0.198228 0.645466
vt 0.192953 0.640185
vt 0.187687 0.634916
vt 0.182379 0.629676
vt 0.177061 0.624451
vt 0.171727 0.619241
vt 0.166375 0.614055
vt 0.161006 0.608882
vt 0.155618 0.603721
vt 0.150250 0.598543
vt 0.144951 0.593316
vt 0.139662 0.593312
vt 0.083424 0.517680
vt 0.077329 0.517964
vt 0.071958 0.523351
vt 0.066431 0.528697
vt 0.060914 0.533998
vt 0.060892 0.539327
vt 0.055498 0.544611
vt 0.050214 0.549908
vt 0.044992 0.555241
vt 0.039829 0.560616
vt 0.034736 0.566050
vt 0.029676 0.571526
vt 0.024715 0.577035
vt 0.448801 0.880210
vt 0.443772 0.880130
vt 0.438338 0.885550
vt 0.433131 0.890978
vt 0.427894 0.896372
vt 0.422647 0.901768
vt 0.417379 0.907142
vt 0.412108 0.912504
vt 0.406842 0.917857
vt 0.401571 0.923212
vt 0.396314 0.928589
vt 0.391062 0.933972
vt 0.385823 0.939378
vt 0.380572 0.944810
vt 0.375326 0.950264
vt 0.370074 0.955725
vt 0.364809 0.961192
vt 0.364865 0.966685
vt 0.359642 0.972292
vt 0.359752 0.977750
vt 0.030951 0.764047
vt 0.036525 0.769215
vt 0.042101 0.774383
vt 0.047656 0.779551
vt 0.053213 0.784715
vt 0.058753 0.789889
vt 0.064277 0.795070
vt 0.069798 0.800259
vt 0.075319 0.805451
vt 0.080853 0.810644
vt 0.086375 0.815838
vt 0.091934 0.815672
vt 0.287635 0.748169
vt 0.292978 0.742608
vt 0.292997 0.737147
vt 0.287683 0.731647
vt 0.282384 0.726186
vt 0.277092 0.720742
vt 0.271809 0.715308
vt 0.266530 0.709875
vt 0.261255 0.704453
vt 0.255984 0.699044
vt 0.250714 0.693643
vt 0.245458 0.688255
vt 0.240194 0.682871
vt 0.234940 0.677497
vt 0.229694 0.672130
vt 0.224455 0.666773
vt 0.219206 0.661418
vt 0.213973 0.656076
vt 0.208732 0.650749
vt 0.203482 0.645437
vt 0.198206 0.640145
vt 0.192936 0.634866
vt 0.187632 0.629609
vt 0.182298 0.624375
vt 0.176973 0.619152
vt 0.171621 0.613942
vt 0.166245 0.608770
vt 0.160863 0.603607
vt 0.155486 0.598445
vt 0.150146 0.593251
vt 0.144948 0.588015
vt 0.139723 0.587993
vt 0.082898 0.512353
vt 0.077006 0.512699
vt 0.071767 0.518050
vt 0.066389 0.523374
vt 0.060917 0.528662
vt 0.055490 0.539270
vt 0.055494 0.533924
vt 0.050165 0.544546
vt 0.044899 0.549846
vt 0.039696 0.555201
vt 0.034582 0.560616
vt 0.029513 0.566078
vt 0.024524 0.571589
vt 0.448780 0.874786
vt 0.443766 0.874677
vt 0.438307 0.880091
vt 0.433091 0.885524
vt 0.427881 0.890933
vt 0.422639 0.896335
vt 0.417381 0.901729
vt 0.412119 0.907107
vt 0.406840 0.912466
vt 0.401572 0.917824
vt 0.396306 0.923189
vt 0.391053 0.928576
vt 0.385797 0.933972
vt 0.380550 0.939401
vt 0.375293 0.944841
vt 0.370039 0.950287
vt 0.364765 0.955745
vt 0.359505 0.961212
vt 0.359563 0.966683
vt 0.354339 0.972219
vt 0.354423 0.977767
vt 0.031093 0.769389
vt 0.036662 0.774565
vt 0.042214 0.779742
vt 0.047779 0.784902
vt 0.053329 0.790068
vt 0.058864 0.795244
vt 0.064386 0.800427
vt 0.069909 0.805619
vt 0.075438 0.810811
vt 0.080975 0.816003
vt 0.086485 0.821199
vt 0.092000 0.821034
vt 0.292958 0.748204
vt 0.298312 0.742667
vt 0.298329 0.737218
vt 0.293015 0.731714
vt 0.287708 0.726227
vt 0.282412 0.720783
vt 0.277124 0.715346
vt 0.271845 0.709923
vt 0.266566 0.704489
vt 0.261292 0.699072
vt 0.256021 0.693670
vt 0.250759 0.688278
vt 0.245494 0.682891
vt 0.240229 0.677511
vt 0.234976 0.672138
vt 0.229731 0.666777
vt 0.224479 0.661420
vt 0.219231 0.656073
vt 0.213983 0.650738
vt 0.208725 0.645418
vt 0.203461 0.640113
vt 0.198168 0.634824
vt 0.192884 0.629552
vt 0.187558 0.624302
vt 0.182216 0.619069
vt 0.176868 0.613842
vt 0.171502 0.608644
vt 0.166111 0.603469
vt 0.160730 0.598319
vt 0.155362 0.593148
vt 0.150071 0.587945
vt 0.144943 0.582713
vt 0.139727 0.582655
vt 0.082389 0.507008
vt 0.076626 0.507430
vt 0.071551 0.512774
vt 0.066296 0.518049
vt 0.060916 0.523325
vt 0.055506 0.528574
vt 0.050121 0.533819
vt 0.050127 0.539179
vt 0.044835 0.544460
vt 0.039589 0.549780
vt 0.034434 0.555174
vt 0.029348 0.560634
vt 0.024309 0.566129
vt 0.448804 0.869352
vt 0.443662 0.869237
vt 0.438281 0.874632
vt 0.433049 0.880068
vt 0.427850 0.885491
vt 0.422628 0.890903
vt 0.417373 0.896306
vt 0.412119 0.901694
vt 0.406845 0.907071
vt 0.401575 0.912435
vt 0.396307 0.917801
vt 0.391045 0.923183
vt 0.385781 0.928572
vt 0.380527 0.933990
vt 0.375266 0.939430
vt 0.370004 0.944870
vt 0.364732 0.950305
vt 0.359457 0.955756
vt 0.354189 0.961217
vt 0.354253 0.966680
vt 0.349002 0.972222
vt 0.349065 0.977771
vt 0.031248 0.774742
vt 0.036785 0.779925
vt 0.042338 0.785094
vt 0.047905 0.790253
vt 0.053447 0.795423
vt 0.058977 0.800601
vt 0.064500 0.805788
vt 0.070032 0.810978
vt 0.075566 0.816169
vt 0.081098 0.821363
vt 0.086628 0.826563
vt 0.092048 0.826391
vt 0.298284 0.748277
vt 0.303646 0.742713
vt 0.303660 0.737278
vt 0.298347 0.731786
vt 0.293034 0.726285
vt 0.287735 0.720823
vt 0.282443 0.715385
vt 0.277158 0.709959
vt 0.271878 0.704528
vt 0.266600 0.699108
vt 0.261329 0.693699
vt 0.256059 0.688299
vt 0.250795 0.682911
vt 0.245526 0.677527
vt 0.240268 0.672152
vt 0.235012 0.666784
vt 0.229757 0.661425
vt 0.224506 0.656073
vt 0.219249 0.650731
vt 0.213982 0.645403
vt 0.208717 0.640088
vt 0.203425 0.634788
vt 0.198130 0.629502
vt 0.192817 0.624239
vt 0.187478 0.618989
vt 0.182121 0.613750
vt 0.176753 0.608535
vt 0.171369 0.603346
vt 0.165986 0.598181
vt 0.160598 0.593019
vt 0.155263 0.587831
vt 0.150055 0.582613
vt 0.145065 0.577420
vt 0.139853 0.577340
vt 0.081259 0.501778
vt 0.076304 0.502156
vt 0.071336 0.507441
vt 0.066198 0.512723
vt 0.060904 0.517984
vt 0.055525 0.523225
vt 0.050138 0.528454
vt 0.044761 0.533692
vt 0.044787 0.539074
vt 0.039509 0.544370
vt 0.034315 0.549733
vt 0.029197 0.555178
vt 0.024152 0.560672
vt 0.448786 0.863900
vt 0.443515 0.863812
vt 0.438238 0.869197
vt 0.433018 0.874612
vt 0.427796 0.880046
vt 0.422593 0.885465
vt 0.417360 0.890869
vt 0.412109 0.896271
vt 0.406849 0.901661
vt 0.401581 0.907033
vt 0.396308 0.912407
vt 0.391037 0.917783
vt 0.385774 0.923173
vt 0.380509 0.928585
vt 0.375244 0.934008
vt 0.369974 0.939447
vt 0.364700 0.944881
vt 0.359420 0.950318
vt 0.354142 0.955768
vt 0.348866 0.961220
vt 0.348921 0.966670
vt 0.343628 0.972271
vt 0.343712 0.977804
vt 0.031379 0.780101
vt 0.036902 0.785282
vt 0.042466 0.790446
vt 0.048031 0.795606
vt 0.053566 0.800778
vt 0.059096 0.805960
vt 0.064626 0.811145
vt 0.070159 0.816336
vt 0.075692 0.821527
vt 0.081232 0.826726
vt 0.086810 0.831929
vt 0.092371 0.831739
vt 0.303631 0.748268
vt 0.308980 0.742756
vt 0.308986 0.737318
vt 0.303674 0.731842
vt 0.298364 0.726357
vt 0.293057 0.720872
vt 0.287763 0.715426
vt 0.282476 0.709997
vt 0.277192 0.704569
vt 0.271909 0.699143
vt 0.266636 0.693732
vt 0.261364 0.688328
vt 0.256096 0.682934
vt 0.250822 0.677546
vt 0.245560 0.672168
vt 0.240300 0.666795
vt 0.235039 0.661432
vt 0.229773 0.656075
vt 0.224516 0.650728
vt 0.219248 0.645393
vt 0.213971 0.640070
vt 0.208683 0.634762
vt 0.203383 0.629465
vt 0.198075 0.624188
vt 0.192743 0.618917
vt 0.187389 0.613667
vt 0.182004 0.608443
vt 0.176629 0.603232
vt 0.171242 0.598051
vt 0.165850 0.592889
vt 0.160487 0.587704
vt 0.155186 0.582486
vt 0.150094 0.577215
vt 0.145155 0.571957
vt 0.140549 0.572202
vt 0.079566 0.496852
vt 0.075481 0.496323
vt 0.071098 0.502020
vt 0.066080 0.507353
vt 0.060875 0.512637
vt 0.055546 0.517880
vt 0.050167 0.523098
vt 0.044773 0.528315
vt 0.039412 0.533554
vt 0.039439 0.538959
vt 0.034217 0.544292
vt 0.029053 0.549709
vt 0.023989 0.555212
vt 0.448771 0.858434
vt 0.443412 0.858349
vt 0.438190 0.863761
vt 0.432991 0.869175
vt 0.427765 0.874591
vt 0.422560 0.880018
vt 0.417341 0.885435
vt 0.412099 0.890841
vt 0.406844 0.896237
vt 0.401580 0.901623
vt 0.396315 0.907006
vt 0.391038 0.912389
vt 0.385769 0.917773
vt 0.380490 0.923179
vt 0.375222 0.928594
vt 0.369951 0.934024
vt 0.364672 0.939452
vt 0.359390 0.944888
vt 0.354105 0.950319
vt 0.348820 0.955769
vt 0.343522 0.961222
vt 0.343570 0.966677
vt 0.338265 0.972292
vt 0.338361 0.977857
vt 0.031471 0.785466
vt 0.037029 0.790633
vt 0.042600 0.795800
vt 0.048157 0.800962
vt 0.053697 0.806138
vt 0.059226 0.811318
vt 0.064753 0.816503
vt 0.070286 0.821693
vt 0.075822 0.826886
vt 0.081382 0.832088
vt 0.086983 0.837290
vt 0.092592 0.837112
vt 0.308983 0.748271
vt 0.314315 0.742788
vt 0.314314 0.737345
vt 0.308998 0.731880
vt 0.303689 0.726416
vt 0.298382 0.720930
vt 0.293083 0.715471
vt 0.287791 0.710032
vt 0.282506 0.704607
vt 0.277218 0.699178
vt 0.271942 0.693766
vt 0.266669 0.688358
vt 0.261396 0.682960
vt 0.256121 0.677567
vt 0.250847 0.672183
vt 0.245588 0.666809
vt 0.240326 0.661442
vt 0.235050 0.656082
vt 0.229781 0.650729
vt 0.224520 0.645387
vt 0.219232 0.640058
vt 0.213942 0.634742
vt 0.208641 0.629439
vt 0.203336 0.624144
vt 0.198007 0.618867
vt 0.192657 0.613601
vt 0.187282 0.608353
vt 0.181894 0.603136
vt 0.176509 0.597933
vt 0.171115 0.592746
vt 0.165727 0.587575
vt 0.160389 0.582360
vt 0.155190 0.577049
vt 0.150099 0.571570
vt 0.081089 0.492492
vt 0.076028 0.491756
vt 0.070846 0.496193
vt 0.065957 0.501906
vt 0.060831 0.507263
vt 0.055569 0.512533
vt 0.050212 0.517756
vt 0.044805 0.522952
vt 0.039419 0.528162
vt 0.034075 0.533412
vt 0.034121 0.538840
vt 0.028930 0.544220
vt 0.023834 0.549730
vt 0.448754 0.852986
vt 0.443537 0.852881
vt 0.438169 0.858304
vt 0.432980 0.863741
vt 0.427757 0.869154
vt 0.422526 0.874574
vt 0.417315 0.879992
vt 0.412083 0.885411
vt 0.406833 0.890816
vt 0.401577 0.896204
vt 0.396313 0.901592
vt 0.391041 0.906992
vt 0.385763 0.912374
vt 0.380484 0.917765
vt 0.375206 0.923181
vt 0.369928 0.928602
vt 0.364645 0.934025
vt 0.359364 0.939455
vt 0.354077 0.944886
vt 0.348783 0.950322
vt 0.343484 0.955775
vt 0.338214 0.966685
vt 0.338177 0.961238
vt 0.332910 0.972339
vt 0.333001 0.977874
vt 0.031568 0.790815
vt 0.037170 0.795989
vt 0.042745 0.801153
vt 0.048301 0.806320
vt 0.053836 0.811498
vt 0.059361 0.816676
vt 0.064885 0.821861
vt 0.070415 0.827051
vt 0.075953 0.832245
vt 0.081527 0.837447
vt 0.087120 0.842652
vt 0.092752 0.842492
vt 0.314335 0.748374
vt 0.319652 0.742796
vt 0.319647 0.737350
vt 0.314321 0.731901
vt 0.309013 0.726454
vt 0.303705 0.720981
vt 0.298404 0.715516
vt 0.293111 0.710078
vt 0.287819 0.704639
vt 0.282531 0.699214
vt 0.277250 0.693798
vt 0.271972 0.688389
vt 0.266699 0.682987
vt 0.261423 0.677594
vt 0.256141 0.672201
vt 0.250870 0.666823
vt 0.245610 0.661452
vt 0.240337 0.656090
vt 0.235051 0.650733
vt 0.229781 0.645386
vt 0.224502 0.640050
vt 0.219213 0.634727
vt 0.213901 0.629419
vt 0.208598 0.624115
vt 0.203275 0.618830
vt 0.197925 0.613552
vt 0.192555 0.608289
vt 0.187169 0.603044
vt 0.181780 0.597825
vt 0.176377 0.592625
vt 0.170983 0.587435
vt 0.165620 0.582236
vt 0.160342 0.576955
vt 0.155211 0.571310
vt 0.081731 0.487537
vt 0.076419 0.487027
vt 0.070957 0.491502
vt 0.065825 0.496210
vt 0.060770 0.501825
vt 0.055575 0.507175
vt 0.050272 0.512420
vt 0.044871 0.517608
vt 0.039452 0.522781
vt 0.034053 0.527996
vt 0.028720 0.533279
vt 0.028808 0.538739
vt 0.023707 0.544204
vt 0.448768 0.847523
vt 0.443518 0.847421
vt 0.438186 0.852843
vt 0.432976 0.858293
vt 0.427763 0.863717
vt 0.422520 0.869140
vt 0.417296 0.874557
vt 0.412068 0.879977
vt 0.406828 0.885396
vt 0.401571 0.890793
vt 0.396309 0.896187
vt 0.391043 0.901578
vt 0.385763 0.906977
vt 0.380480 0.912363
vt 0.375190 0.917766
vt 0.369909 0.923185
vt 0.364628 0.928601
vt 0.359340 0.934028
vt 0.354053 0.939450
vt 0.348755 0.944878
vt 0.343451 0.950326
vt 0.338145 0.955784
vt 0.332836 0.961252
vt 0.332869 0.966712
vt 0.327588 0.972308
vt 0.327667 0.977900
vt 0.031720 0.796178
vt 0.037331 0.801345
vt 0.042901 0.806511
vt 0.048448 0.811681
vt 0.053976 0.816857
vt 0.059494 0.822036
vt 0.065017 0.827220
vt 0.070539 0.832410
vt 0.076087 0.837603
vt 0.081659 0.842802
vt 0.087201 0.848013
vt 0.092798 0.847879
vt 0.319676 0.748365
vt 0.324992 0.742767
vt 0.324981 0.737336
vt 0.319649 0.731909
vt 0.314333 0.726467
vt 0.309027 0.721018
vt 0.303725 0.715556
vt 0.298428 0.710112
vt 0.293135 0.704679
vt 0.287846 0.699248
vt 0.282562 0.693830
vt 0.277278 0.688418
vt 0.272002 0.683014
vt 0.266728 0.677619
vt 0.261447 0.672227
vt 0.256163 0.666840
vt 0.250895 0.661466
vt 0.245623 0.656100
vt 0.240338 0.650739
vt 0.235050 0.645388
vt 0.229773 0.640046
vt 0.224477 0.634718
vt 0.219175 0.629401
vt 0.213855 0.624097
vt 0.208547 0.618794
vt 0.203196 0.613512
vt 0.197832 0.608239
vt 0.192449 0.602979
vt 0.187053 0.597736
vt 0.181646 0.592516
vt 0.176254 0.587311
vt 0.170868 0.582103
vt 0.165545 0.576879
vt 0.160363 0.571293
vt 0.081990 0.482376
vt 0.076663 0.482018
vt 0.071213 0.486721
vt 0.065857 0.491372
vt 0.060668 0.496109
vt 0.055564 0.501781
vt 0.050311 0.507077
vt 0.044950 0.512281
vt 0.039522 0.517430
vt 0.034066 0.522581
vt 0.028665 0.527826
vt 0.023369 0.533187
vt 0.023527 0.538671
vt 0.448727 0.841978
vt 0.443449 0.841919
vt 0.438170 0.847372
vt 0.432980 0.852837
vt 0.427765 0.858276
vt 0.422526 0.863699
vt 0.417287 0.869122
vt 0.412063 0.874547
vt 0.406827 0.879970
vt 0.401565 0.885382
vt 0.396310 0.890780
vt 0.391038 0.896170
vt 0.385762 0.901568
vt 0.380475 0.906965
vt 0.375186 0.912364
vt 0.369893 0.917774
vt 0.364610 0.923188
vt 0.359324 0.928606
vt 0.354031 0.934028
vt 0.348733 0.939446
vt 0.343427 0.944867
vt 0.338117 0.950332
vt 0.332806 0.955784
vt 0.327498 0.961269
vt 0.327530 0.966731
vt 0.322264 0.972370
vt 0.322313 0.977926
vt 0.031909 0.801540
vt 0.037495 0.806707
vt 0.043057 0.811870
vt 0.048594 0.817041
vt 0.054114 0.822217
vt 0.059623 0.827395
vt 0.065139 0.832578
vt 0.070667 0.837767
vt 0.076212 0.842958
vt 0.081774 0.848154
vt 0.087278 0.853375
vt 0.092748 0.853255
vt 0.324997 0.748317
vt 0.330314 0.742735
vt 0.330310 0.737320
vt 0.324981 0.731905
vt 0.319659 0.726477
vt 0.314347 0.721031
vt 0.309044 0.715592
vt 0.303745 0.710145
vt 0.298453 0.704713
vt 0.293161 0.699283
vt 0.287874 0.693858
vt 0.282591 0.688450
vt 0.277307 0.683042
vt 0.272027 0.677643
vt 0.266748 0.672249
vt 0.261463 0.666860
vt 0.256184 0.661480
vt 0.250909 0.656111
vt 0.245629 0.650748
vt 0.240337 0.645392
vt 0.235045 0.640045
vt 0.229755 0.634711
vt 0.224448 0.629389
vt 0.219130 0.624079
vt 0.213811 0.618776
vt 0.208475 0.613480
vt 0.203115 0.608198
vt 0.197737 0.602919
vt 0.192340 0.597660
vt 0.186925 0.592430
vt 0.181525 0.587205
vt 0.176142 0.581976
vt 0.170799 0.576763
vt 0.165572 0.571393
vt 0.082136 0.477175
vt 0.076787 0.476905
vt 0.071393 0.481747
vt 0.065990 0.486512
vt 0.060672 0.491323
vt 0.055480 0.496249
vt 0.050325 0.501704
vt 0.045037 0.506954
vt 0.039633 0.512106
vt 0.034150 0.517206
vt 0.028668 0.522373
vt 0.023268 0.527687
vt 0.448678 0.836480
vt 0.448656 0.831042
vt 0.443256 0.830952
vt 0.443436 0.836395
vt 0.438126 0.841895
vt 0.432955 0.847370
vt 0.427760 0.852824
vt 0.422529 0.858260
vt 0.417289 0.863684
vt 0.412056 0.869109
vt 0.406821 0.874543
vt 0.401560 0.879960
vt 0.396301 0.885369
vt 0.391036 0.890759
vt 0.385760 0.896152
vt 0.380472 0.901553
vt 0.375180 0.906955
vt 0.369890 0.912357
vt 0.364598 0.917780
vt 0.359308 0.923195
vt 0.354014 0.928605
vt 0.348716 0.934025
vt 0.343406 0.939443
vt 0.338096 0.944880
vt 0.332780 0.950333
vt 0.327469 0.955802
vt 0.322164 0.961283
vt 0.322204 0.966754
vt 0.316920 0.972468
vt 0.316954 0.977963
vt 0.032093 0.806907
vt 0.037661 0.812069
vt 0.043214 0.817231
vt 0.048741 0.822402
vt 0.054245 0.827577
vt 0.059750 0.832755
vt 0.065261 0.837936
vt 0.070795 0.843122
vt 0.076338 0.848311
vt 0.081878 0.853512
vt 0.087398 0.858746
vt 0.092931 0.858608
vt 0.330333 0.748322
vt 0.335642 0.742742
vt 0.335638 0.737311
vt 0.330313 0.731904
vt 0.324988 0.726482
vt 0.319673 0.721060
vt 0.314365 0.715609
vt 0.309065 0.710172
vt 0.303770 0.704738
vt 0.298478 0.699316
vt 0.293189 0.693892
vt 0.287901 0.688476
vt 0.282615 0.683069
vt 0.277331 0.677666
vt 0.272049 0.672273
vt 0.266766 0.666884
vt 0.261481 0.661499
vt 0.256202 0.656123
vt 0.250918 0.650757
vt 0.245631 0.645398
vt 0.240331 0.640047
vt 0.235033 0.634707
vt 0.229731 0.629379
vt 0.224420 0.624060
vt 0.219088 0.618756
vt 0.213754 0.613456
vt 0.208397 0.608171
vt 0.203028 0.602880
vt 0.197627 0.597611
vt 0.192218 0.592347
vt 0.186805 0.587117
vt 0.181425 0.581865
vt 0.176073 0.576621
vt 0.170784 0.571269
vt 0.082022 0.471921
vt 0.076785 0.471725
vt 0.071500 0.476673
vt 0.066114 0.481556
vt 0.060752 0.486403
vt 0.055445 0.491314
vt 0.050295 0.496231
vt 0.045094 0.501604
vt 0.039758 0.506802
vt 0.034278 0.511864
vt 0.028751 0.516941
vt 0.023247 0.522177
vt 0.448582 0.825576
vt 0.443170 0.825522
vt 0.438034 0.830964
vt 0.438083 0.836424
vt 0.432934 0.841903
vt 0.427750 0.847372
vt 0.422536 0.852817
vt 0.417298 0.858245
vt 0.412052 0.863673
vt 0.406822 0.869105
vt 0.401556 0.874535
vt 0.396296 0.879945
vt 0.391034 0.885351
vt 0.385755 0.890742
vt 0.380471 0.896147
vt 0.375178 0.901551
vt 0.369888 0.906953
vt 0.364590 0.912367
vt 0.359293 0.917791
vt 0.353999 0.923195
vt 0.348698 0.928610
vt 0.343391 0.934023
vt 0.338076 0.939437
vt 0.332758 0.944882
vt 0.327444 0.950349
vt 0.322132 0.955820
vt 0.316824 0.961295
vt 0.316865 0.966784
vt 0.311561 0.972387
vt 0.311587 0.977958
vt 0.032258 0.812280
vt 0.037824 0.817429
vt 0.043372 0.822593
vt 0.048882 0.827766
vt 0.054374 0.832938
vt 0.059873 0.838113
vt 0.065388 0.843293
vt 0.070919 0.848477
vt 0.076457 0.853666
vt 0.081989 0.858877
vt 0.087526 0.864110
vt 0.093116 0.863977
vt 0.335673 0.748333
vt 0.340979 0.742739
vt 0.340974 0.737305
vt 0.335644 0.731894
vt 0.330321 0.726488
vt 0.325001 0.721061
vt 0.319689 0.715623
vt 0.314385 0.710192
vt 0.309089 0.704766
vt 0.303795 0.699340
vt 0.298503 0.693925
vt 0.293213 0.688507
vt 0.287925 0.683096
vt 0.282640 0.677692
vt 0.277354 0.672294
vt 0.272070 0.666905
vt 0.266785 0.661519
vt 0.261501 0.656139
vt 0.256210 0.650767
vt 0.250918 0.645405
vt 0.245624 0.640051
vt 0.240321 0.634705
vt 0.235014 0.629372
vt 0.229701 0.624050
vt 0.224376 0.618740
vt 0.219036 0.613438
vt 0.213682 0.608148
vt 0.208316 0.602858
vt 0.202923 0.597579
vt 0.197516 0.592294
vt 0.192102 0.587038
vt 0.186714 0.581776
vt 0.181354 0.576509
vt 0.176044 0.571096
vt 0.082172 0.466667
vt 0.076831 0.466474
vt 0.071545 0.471526
vt 0.066197 0.476487
vt 0.060827 0.481441
vt 0.055490 0.486398
vt 0.050227 0.491309
vt 0.045077 0.496095
vt 0.039873 0.501497
vt 0.034454 0.506577
vt 0.028903 0.511543
vt 0.023311 0.516632
vt 0.448476 0.820132
vt 0.443055 0.820113
vt 0.437995 0.825525
vt 0.432908 0.831012
vt 0.432910 0.836458
vt 0.427739 0.841912
vt 0.422541 0.847380
vt 0.417315 0.852813
vt 0.412061 0.858238
vt 0.406823 0.863666
vt 0.401564 0.869103
vt 0.396298 0.874519
vt 0.391027 0.879929
vt 0.385751 0.885341
vt 0.380472 0.890743
vt 0.375175 0.896150
vt 0.369885 0.901554
vt 0.364589 0.906961
vt 0.359285 0.912386
vt 0.353988 0.917798
vt 0.348684 0.923206
vt 0.343374 0.928620
vt 0.338061 0.934023
vt 0.332741 0.939446
vt 0.327422 0.944885
vt 0.322106 0.950364
vt 0.316791 0.955831
vt 0.311476 0.961299
vt 0.311511 0.966770
vt 0.306185 0.972351
vt 0.306212 0.977934
vt 0.032418 0.817640
vt 0.037993 0.822790
vt 0.043521 0.827962
vt 0.049012 0.833129
vt 0.054498 0.838298
vt 0.060001 0.843472
vt 0.065514 0.848652
vt 0.071039 0.853833
vt 0.076573 0.859026
vt 0.082100 0.864239
vt 0.087607 0.869466
vt 0.093175 0.869351
vt 0.341003 0.748284
vt 0.346314 0.742739
vt 0.346312 0.737302
vt 0.340979 0.731888
vt 0.335653 0.726483
vt 0.330332 0.721065
vt 0.325016 0.715631
vt 0.319709 0.710211
vt 0.314409 0.704791
vt 0.309111 0.699361
vt 0.303819 0.693947
vt 0.298525 0.688531
vt 0.293236 0.683119
vt 0.287949 0.677718
vt 0.282665 0.672319
vt 0.277377 0.666925
vt 0.272090 0.661539
vt 0.266803 0.656157
vt 0.261512 0.650783
vt 0.256218 0.645415
vt 0.250920 0.640056
vt 0.245617 0.634707
vt 0.240309 0.629368
vt 0.234992 0.624041
vt 0.229667 0.618727
vt 0.224329 0.613422
vt 0.218975 0.608128
vt 0.213609 0.602844
vt 0.208224 0.597554
vt 0.202818 0.592276
vt 0.197411 0.586998
vt 0.192013 0.581714
vt 0.186642 0.576426
vt 0.181334 0.570995
vt 0.082245 0.461361
vt 0.076888 0.461184
vt 0.071573 0.466308
vt 0.066241 0.471363
vt 0.060887 0.476361
vt 0.055538 0.481358
vt 0.050224 0.486351
vt 0.045000 0.491255
vt 0.039874 0.496062
vt 0.034662 0.501322
vt 0.029127 0.506221
vt 0.023488 0.511100
vt 0.448211 0.814620
vt 0.442835 0.814726
vt 0.437921 0.820125
vt 0.432904 0.825586
vt 0.427754 0.831064
vt 0.427736 0.836488
vt 0.422548 0.841955
vt 0.417322 0.847388
vt 0.412079 0.852810
vt 0.406832 0.858242
vt 0.401569 0.863665
vt 0.396303 0.869095
vt 0.391030 0.874506
vt 0.385753 0.879927
vt 0.380468 0.885346
vt 0.375180 0.890747
vt 0.369884 0.896152
vt 0.364586 0.901563
vt 0.359285 0.906976
vt 0.353982 0.912391
vt 0.348676 0.917799
vt 0.343362 0.923214
vt 0.338048 0.928618
vt 0.332727 0.934030
vt 0.327404 0.939446
vt 0.322081 0.944891
vt 0.316765 0.950372
vt 0.311446 0.955838
vt 0.306151 0.966765
vt 0.306122 0.961306
vt 0.300839 0.972339
vt 0.300858 0.977903
vt 0.032605 0.822997
vt 0.038154 0.828161
vt 0.043656 0.833329
vt 0.049136 0.838492
vt 0.054622 0.843658
vt 0.060123 0.848832
vt 0.065633 0.854010
vt 0.071152 0.859191
vt 0.076686 0.864388
vt 0.082199 0.869598
vt 0.087684 0.874825
vt 0.093218 0.874718
vt 0.346322 0.748265
vt 0.351646 0.742777
vt 0.351652 0.737318
vt 0.346317 0.731887
vt 0.340987 0.726473
vt 0.335664 0.721068
vt 0.330346 0.715646
vt 0.325035 0.710220
vt 0.319731 0.704803
vt 0.314430 0.699383
vt 0.309133 0.693964
vt 0.303841 0.688556
vt 0.298549 0.683146
vt 0.293258 0.677740
vt 0.287975 0.672342
vt 0.282684 0.666947
vt 0.277396 0.661559
vt 0.272112 0.656175
vt 0.266816 0.650796
vt 0.261517 0.645425
vt 0.256213 0.640062
vt 0.250914 0.634709
vt 0.245609 0.629366
vt 0.240289 0.624034
vt 0.234967 0.618713
vt 0.229631 0.613406
vt 0.224275 0.608114
vt 0.218906 0.602831
vt 0.213528 0.597542
vt 0.208128 0.592264
vt 0.202725 0.586974
vt 0.197330 0.581680
vt 0.191949 0.576380
vt 0.186627 0.570909
vt 0.082210 0.456030
vt 0.076892 0.455880
vt 0.071599 0.461040
vt 0.066265 0.466167
vt 0.060914 0.471237
vt 0.055563 0.476279
vt 0.050230 0.481315
vt 0.044960 0.486279
vt 0.039788 0.491137
vt 0.034711 0.495908
vt 0.029471 0.500991
vt 0.023757 0.505656
vt 0.447786 0.809168
vt 0.442528 0.809348
vt 0.437815 0.814769
vt 0.432872 0.820205
vt 0.427773 0.825646
vt 0.422588 0.831105
vt 0.422560 0.836519
vt 0.417332 0.841970
vt 0.412099 0.847389
vt 0.406830 0.852808
vt 0.401569 0.858234
vt 0.396307 0.863666
vt 0.391036 0.869089
vt 0.385758 0.874507
vt 0.380472 0.879935
vt 0.375180 0.885348
vt 0.369888 0.890752
vt 0.364585 0.896161
vt 0.359283 0.901575
vt 0.353975 0.906989
vt 0.348670 0.912399
vt 0.343355 0.917807
vt 0.338036 0.923214
vt 0.332716 0.928616
vt 0.327390 0.934030
vt 0.322064 0.939460
vt 0.316742 0.944915
vt 0.311420 0.950386
vt 0.306094 0.955847
vt 0.300768 0.961322
vt 0.300802 0.966785
vt 0.295500 0.972327
vt 0.295506 0.977866
vt 0.032789 0.828372
vt 0.038288 0.833531
vt 0.043773 0.838691
vt 0.049254 0.843852
vt 0.054745 0.849020
vt 0.060242 0.854193
vt 0.065749 0.859367
vt 0.071270 0.864553
vt 0.076789 0.869752
vt 0.082284 0.874961
vt 0.087767 0.880193
vt 0.093257 0.880068
vt 0.351635 0.748299
vt 0.356985 0.742848
vt 0.356990 0.737339
vt 0.351656 0.731886
vt 0.346324 0.726469
vt 0.340997 0.721057
vt 0.335678 0.715653
vt 0.330363 0.710228
vt 0.325055 0.704814
vt 0.319752 0.699396
vt 0.314452 0.693984
vt 0.309155 0.688575
vt 0.303861 0.683166
vt 0.298571 0.677763
vt 0.293284 0.672364
vt 0.287996 0.666970
vt 0.282705 0.661578
vt 0.277418 0.656195
vt 0.272122 0.650812
vt 0.266822 0.645438
vt 0.261513 0.640069
vt 0.256212 0.634713
vt 0.250906 0.629366
vt 0.245594 0.624029
vt 0.240271 0.618702
vt 0.234938 0.613392
vt 0.229584 0.608095
vt 0.224213 0.602814
vt 0.218839 0.597534
vt 0.213449 0.592248
vt 0.208046 0.586960
vt 0.202652 0.581665
vt 0.197273 0.576355
vt 0.191940 0.570894
vt 0.082302 0.450696
vt 0.076946 0.450545
vt 0.071619 0.455749
vt 0.066280 0.460920
vt 0.060928 0.466056
vt 0.055570 0.471135
vt 0.050221 0.476217
vt 0.044921 0.481225
vt 0.039693 0.486149
vt 0.034531 0.490960
vt 0.029579 0.495713
vt 0.024413 0.500410
vt 0.447088 0.803869
vt 0.442139 0.804277
vt 0.437700 0.809414
vt 0.432840 0.814824
vt 0.427777 0.820235
vt 0.422616 0.825683
vt 0.417363 0.836545
vt 0.417398 0.831133
vt 0.412117 0.841973
vt 0.406856 0.847390
vt 0.401588 0.852806
vt 0.396325 0.858237
vt 0.391049 0.863668
vt 0.385767 0.869083
vt 0.380477 0.874516
vt 0.375186 0.879945
vt 0.369888 0.885353
vt 0.364589 0.890759
vt 0.359279 0.896177
vt 0.353971 0.901592
vt 0.348662 0.907000
vt 0.343349 0.912405
vt 0.338029 0.917811
vt 0.332707 0.923213
vt 0.327378 0.928624
vt 0.322049 0.934046
vt 0.316723 0.939487
vt 0.311397 0.944936
vt 0.306072 0.950401
vt 0.300740 0.955861
vt 0.295409 0.961335
vt 0.295450 0.966818
vt 0.290091 0.972362
vt 0.290132 0.977842
vt 0.032918 0.833745
vt 0.038401 0.838894
vt 0.043888 0.844053
vt 0.049372 0.849214
vt 0.054860 0.854382
vt 0.060356 0.859553
vt 0.065864 0.864731
vt 0.071378 0.869918
vt 0.076884 0.875119
vt 0.082379 0.880333
vt 0.087877 0.885563
vt 0.093331 0.885413
vt 0.356958 0.748432
vt 0.362319 0.742896
vt 0.362327 0.737371
vt 0.356994 0.731886
vt 0.351661 0.726457
vt 0.346333 0.721052
vt 0.341011 0.715653
vt 0.335693 0.710236
vt 0.330382 0.704819
vt 0.325075 0.699402
vt 0.319774 0.693996
vt 0.314472 0.688588
vt 0.309173 0.683177
vt 0.303884 0.677781
vt 0.298591 0.672381
vt 0.293303 0.666988
vt 0.288016 0.661598
vt 0.282725 0.656212
vt 0.277429 0.650828
vt 0.272127 0.645451
vt 0.266819 0.640078
vt 0.261515 0.634718
vt 0.256209 0.629367
vt 0.250900 0.624026
vt 0.245577 0.618695
vt 0.240247 0.613377
vt 0.234897 0.608076
vt 0.229530 0.602794
vt 0.224157 0.597515
vt 0.218774 0.592235
vt 0.213375 0.586952
vt 0.207976 0.581659
vt 0.202606 0.576352
vt 0.197269 0.570914
vt 0.082457 0.445344
vt 0.077043 0.445202
vt 0.071647 0.450444
vt 0.066290 0.455642
vt 0.060928 0.460821
vt 0.055559 0.465960
vt 0.050200 0.471058
vt 0.044866 0.476115
vt 0.039591 0.481083
vt 0.034359 0.485990
vt 0.029175 0.490748
vt 0.024382 0.495425
vt 0.437543 0.804262
vt 0.432804 0.809470
vt 0.427791 0.814828
vt 0.422638 0.820267
vt 0.417434 0.825708
vt 0.412153 0.836559
vt 0.412190 0.831132
vt 0.406889 0.841967
vt 0.401617 0.847389
vt 0.396344 0.852814
vt 0.391067 0.858248
vt 0.385785 0.863671
vt 0.380494 0.869097
vt 0.375195 0.874529
vt 0.369888 0.879954
vt 0.364594 0.885360
vt 0.359285 0.890776
vt 0.353969 0.896190
vt 0.348656 0.901605
vt 0.343340 0.907009
vt 0.338022 0.912416
vt 0.332698 0.917812
vt 0.327371 0.923219
vt 0.322038 0.928639
vt 0.316709 0.934073
vt 0.311380 0.939509
vt 0.306049 0.944950
vt 0.300719 0.950412
vt 0.295383 0.955876
vt 0.290036 0.961355
vt 0.290059 0.966830
vt 0.284682 0.972413
vt 0.284764 0.977843
vt 0.033020 0.839102
vt 0.038517 0.844258
vt 0.044005 0.849415
vt 0.049490 0.854577
vt 0.054976 0.859745
vt 0.060473 0.864918
vt 0.065976 0.870097
vt 0.071488 0.875288
vt 0.076990 0.880489
vt 0.082492 0.885706
vt 0.088022 0.890924
vt 0.093531 0.890767
vt 0.362295 0.748482
vt 0.367657 0.742909
vt 0.367665 0.737388
vt 0.362331 0.731893
vt 0.356997 0.726447
vt 0.351669 0.721045
vt 0.346345 0.715645
vt 0.341025 0.710241
vt 0.335709 0.704821
vt 0.330401 0.699414
vt 0.325096 0.694003
vt 0.319792 0.688597
vt 0.314489 0.683188
vt 0.309190 0.677782
vt 0.303898 0.672390
vt 0.298606 0.666998
vt 0.293321 0.661611
vt 0.288035 0.656230
vt 0.282739 0.650846
vt 0.277439 0.645468
vt 0.272127 0.640089
vt 0.266817 0.634724
vt 0.261510 0.629369
vt 0.256203 0.624024
vt 0.250887 0.618689
vt 0.245556 0.613367
vt 0.240214 0.608059
vt 0.234851 0.602770
vt 0.229479 0.597495
vt 0.224102 0.592220
vt 0.218710 0.586940
vt 0.213312 0.581651
vt 0.207931 0.576356
vt 0.202604 0.570941
vt 0.082638 0.439979
vt 0.077136 0.439863
vt 0.071689 0.445122
vt 0.066301 0.450348
vt 0.060927 0.455549
vt 0.055550 0.460732
vt 0.050172 0.465860
vt 0.044810 0.470952
vt 0.039488 0.475983
vt 0.034204 0.480948
vt 0.028866 0.485813
vt 0.023228 0.490652
vt 0.437546 0.799237
vt 0.432791 0.804176
vt 0.427807 0.809453
vt 0.422670 0.814843
vt 0.417476 0.820272
vt 0.412234 0.825700
vt 0.406974 0.831124
vt 0.406925 0.836559
vt 0.401651 0.841977
vt 0.396373 0.847398
vt 0.391088 0.852830
vt 0.385802 0.858259
vt 0.380509 0.863685
vt 0.375210 0.869114
vt 0.369898 0.874543
vt 0.364593 0.879960
vt 0.359287 0.885371
vt 0.353973 0.890787
vt 0.348653 0.896201
vt 0.343334 0.901614
vt 0.338016 0.907016
vt 0.332692 0.912419
vt 0.327363 0.917820
vt 0.322031 0.923234
vt 0.316698 0.928662
vt 0.311366 0.934092
vt 0.306032 0.939519
vt 0.300698 0.944959
vt 0.295362 0.950422
vt 0.290017 0.955888
vt 0.284664 0.961385
vt 0.284672 0.966857
vt 0.279343 0.972429
vt 0.279415 0.977855
vt 0.033158 0.844471
vt 0.038635 0.849621
vt 0.044121 0.854776
vt 0.049606 0.859943
vt 0.055092 0.865112
vt 0.060589 0.870287
vt 0.066091 0.875468
vt 0.071603 0.880659
vt 0.077110 0.885863
vt 0.082627 0.891076
vt 0.088147 0.896289
vt 0.093608 0.896136
vt 0.367639 0.748565
vt 0.373000 0.742882
vt 0.373005 0.737368
vt 0.367668 0.731886
vt 0.362334 0.726438
vt 0.357005 0.721033
vt 0.351679 0.715639
vt 0.346356 0.710233
vt 0.341039 0.704829
vt 0.335728 0.699420
vt 0.330419 0.694007
vt 0.325113 0.688606
vt 0.319808 0.683200
vt 0.314503 0.677790
vt 0.309211 0.672402
vt 0.303917 0.667010
vt 0.298630 0.661627
vt 0.293343 0.656245
vt 0.288048 0.650863
vt 0.282747 0.645482
vt 0.277437 0.640104
vt 0.272121 0.634729
vt 0.266813 0.629371
vt 0.261507 0.624023
vt 0.256194 0.618683
vt 0.250867 0.613356
vt 0.245527 0.608044
vt 0.240173 0.602748
vt 0.234804 0.597472
vt 0.229429 0.592206
vt 0.224043 0.586930
vt 0.218655 0.581648
vt 0.213272 0.576364
vt 0.207949 0.570903
vt 0.082725 0.434607
vt 0.077195 0.434518
vt 0.071732 0.439785
vt 0.066316 0.445047
vt 0.060924 0.450269
vt 0.055534 0.455464
vt 0.050142 0.460635
vt 0.044753 0.465768
vt 0.039392 0.470829
vt 0.034039 0.475878
vt 0.028652 0.480837
vt 0.022930 0.485816
vt 0.438145 0.793600
vt 0.432897 0.798855
vt 0.427858 0.804055
vt 0.422717 0.809422
vt 0.417512 0.814840
vt 0.412288 0.820255
vt 0.407013 0.825689
vt 0.401735 0.831122
vt 0.401691 0.836550
vt 0.396403 0.841980
vt 0.391116 0.847413
vt 0.385825 0.852841
vt 0.380527 0.858269
vt 0.375227 0.863696
vt 0.369919 0.869123
vt 0.364603 0.874554
vt 0.359291 0.879969
vt 0.353975 0.885383
vt 0.348654 0.890796
vt 0.343331 0.896208
vt 0.338009 0.901617
vt 0.332685 0.907019
vt 0.327357 0.912421
vt 0.322024 0.917832
vt 0.316688 0.923255
vt 0.311354 0.928677
vt 0.306020 0.934103
vt 0.300683 0.939532
vt 0.295343 0.944971
vt 0.290001 0.950431
vt 0.284652 0.955912
vt 0.279305 0.961389
vt 0.279318 0.966851
vt 0.274007 0.972336
vt 0.274024 0.977794
vt 0.033278 0.849835
vt 0.038763 0.854982
vt 0.044248 0.860143
vt 0.049723 0.865310
vt 0.055204 0.870481
vt 0.060701 0.875658
vt 0.066215 0.880839
vt 0.071727 0.886031
vt 0.077249 0.891234
vt 0.082773 0.896445
vt 0.088272 0.901669
vt 0.093657 0.901518
vt 0.372985 0.748580
vt 0.378340 0.742844
vt 0.378343 0.737333
vt 0.373007 0.731877
vt 0.367671 0.726424
vt 0.362340 0.721019
vt 0.357013 0.715631
vt 0.351689 0.710225
vt 0.346370 0.704823
vt 0.341057 0.699427
vt 0.335744 0.694014
vt 0.330436 0.688610
vt 0.325127 0.683206
vt 0.319823 0.677806
vt 0.314522 0.672406
vt 0.309229 0.667019
vt 0.303937 0.661636
vt 0.298651 0.656258
vt 0.293358 0.650878
vt 0.288060 0.645498
vt 0.282752 0.640118
vt 0.277430 0.634738
vt 0.272118 0.629374
vt 0.266811 0.624022
vt 0.261499 0.618679
vt 0.256178 0.613346
vt 0.250842 0.608027
vt 0.245490 0.602729
vt 0.240129 0.597448
vt 0.234756 0.592185
vt 0.229375 0.586919
vt 0.223991 0.581644
vt 0.218620 0.576341
vt 0.213284 0.571006
vt 0.082788 0.429224
vt 0.077213 0.429165
vt 0.071763 0.434447
vt 0.066333 0.439722
vt 0.060921 0.444974
vt 0.055520 0.450190
vt 0.050117 0.455383
vt 0.044715 0.460546
vt 0.039306 0.465654
vt 0.033915 0.470729
vt 0.028516 0.475764
vt 0.022768 0.480817
vt 0.433255 0.793355
vt 0.427965 0.798601
vt 0.422798 0.803959
vt 0.417578 0.809390
vt 0.412331 0.814816
vt 0.407067 0.820250
vt 0.401782 0.825687
vt 0.396486 0.831114
vt 0.396447 0.836549
vt 0.391150 0.841984
vt 0.385847 0.847425
vt 0.380549 0.852851
vt 0.375245 0.858278
vt 0.369934 0.863707
vt 0.364617 0.869140
vt 0.359301 0.874565
vt 0.353980 0.879981
vt 0.348657 0.885392
vt 0.343331 0.890807
vt 0.338007 0.896214
vt 0.332681 0.901619
vt 0.327350 0.907025
vt 0.322018 0.912427
vt 0.316682 0.917848
vt 0.311345 0.923274
vt 0.306009 0.928690
vt 0.300670 0.934112
vt 0.295329 0.939542
vt 0.289985 0.944979
vt 0.284638 0.950445
vt 0.279288 0.955907
vt 0.273947 0.961369
vt 0.273973 0.966825
vt 0.268624 0.972267
vt 0.268653 0.977694
vt 0.033400 0.855190
vt 0.038901 0.860345
vt 0.044369 0.865512
vt 0.049831 0.870680
vt 0.055321 0.875852
vt 0.060830 0.881028
vt 0.066343 0.886210
vt 0.071871 0.891401
vt 0.077403 0.896603
vt 0.082932 0.901818
vt 0.088447 0.907048
vt 0.093858 0.906898
vt 0.378337 0.748539
vt 0.383682 0.742808
vt 0.383685 0.737310
vt 0.378347 0.731850
vt 0.373010 0.726412
vt 0.367678 0.721008
vt 0.362347 0.715608
vt 0.357022 0.710220
vt 0.351701 0.704821
vt 0.346383 0.699418
vt 0.341071 0.694021
vt 0.335757 0.688609
vt 0.330448 0.683209
vt 0.325142 0.677816
vt 0.319839 0.672420
vt 0.314541 0.667026
vt 0.309246 0.661642
vt 0.303960 0.656267
vt 0.298669 0.650891
vt 0.293373 0.645514
vt 0.288064 0.640131
vt 0.282749 0.634753
vt 0.277432 0.629383
vt 0.272119 0.624024
vt 0.266805 0.618675
vt 0.261488 0.613338
vt 0.256155 0.608011
vt 0.250810 0.602706
vt 0.245453 0.597419
vt 0.240087 0.592156
vt 0.234709 0.586908
vt 0.229325 0.581649
vt 0.223953 0.576355
vt 0.218600 0.570902
vt 0.082564 0.423857
vt 0.077185 0.423801
vt 0.071775 0.429100
vt 0.066347 0.434387
vt 0.060917 0.439658
vt 0.055499 0.444897
vt 0.050092 0.450115
vt 0.044667 0.455299
vt 0.039249 0.460446
vt 0.033819 0.465564
vt 0.028376 0.470620
vt 0.022860 0.475707
vt 0.428246 0.793053
vt 0.422931 0.798464
vt 0.417668 0.803892
vt 0.412407 0.809347
vt 0.407123 0.814795
vt 0.401838 0.820235
vt 0.396540 0.825679
vt 0.391240 0.831103
vt 0.391191 0.836548
vt 0.385875 0.841994
vt 0.380564 0.847437
vt 0.375262 0.852859
vt 0.369953 0.858289
vt 0.364640 0.863723
vt 0.359318 0.869156
vt 0.353989 0.874585
vt 0.348661 0.879996
vt 0.343331 0.885409
vt 0.338004 0.890819
vt 0.332679 0.896218
vt 0.327347 0.901623
vt 0.322013 0.907029
vt 0.316675 0.912444
vt 0.311337 0.917865
vt 0.305999 0.923280
vt 0.300659 0.928702
vt 0.295317 0.934124
vt 0.289972 0.939548
vt 0.284624 0.944987
vt 0.279273 0.950436
vt 0.273925 0.955890
vt 0.268582 0.961337
vt 0.268605 0.966790
vt 0.263273 0.972244
vt 0.263309 0.977647
vt 0.033557 0.860554
vt 0.039031 0.865716
vt 0.044474 0.870883
vt 0.049943 0.876052
vt 0.055444 0.881223
vt 0.060957 0.886398
vt 0.066487 0.891579
vt 0.072027 0.896769
vt 0.077569 0.901971
vt 0.083108 0.907190
vt 0.088654 0.912416
vt 0.094152 0.912279
vt 0.383687 0.748421
vt 0.389034 0.742765
vt 0.389033 0.737280
vt 0.383688 0.731838
vt 0.378349 0.726410
vt 0.373015 0.720995
vt 0.367684 0.715598
vt 0.362355 0.710201
vt 0.357033 0.704812
vt 0.351712 0.699417
vt 0.346398 0.694022
vt 0.341083 0.688616
vt 0.335771 0.683213
vt 0.330463 0.677821
vt 0.325158 0.672428
vt 0.319859 0.667041
vt 0.314559 0.661649
vt 0.309269 0.656274
vt 0.303981 0.650902
vt 0.298679 0.645522
vt 0.293376 0.640144
vt 0.288066 0.634768
vt 0.282748 0.629394
vt 0.277432 0.624030
vt 0.272115 0.618675
vt 0.266798 0.613332
vt 0.261470 0.607999
vt 0.256129 0.602681
vt 0.250778 0.597387
vt 0.245418 0.592121
vt 0.240045 0.586877
vt 0.234665 0.581651
vt 0.229289 0.576393
vt 0.223939 0.570953
vt 0.082717 0.418507
vt 0.077220 0.418432
vt 0.071779 0.423743
vt 0.066349 0.429041
vt 0.060916 0.434327
vt 0.055487 0.439589
vt 0.050066 0.444827
vt 0.044630 0.450032
vt 0.039188 0.455211
vt 0.033738 0.460348
vt 0.028274 0.465465
vt 0.022711 0.470574
vt 0.423122 0.792819
vt 0.417798 0.798324
vt 0.412497 0.803845
vt 0.407192 0.809331
vt 0.401889 0.814790
vt 0.396592 0.820232
vt 0.391285 0.825662
vt 0.385961 0.831117
vt 0.385918 0.836553
vt 0.380595 0.842002
vt 0.375282 0.847444
vt 0.369972 0.852870
vt 0.364654 0.858301
vt 0.359334 0.863742
vt 0.354004 0.869171
vt 0.348670 0.874595
vt 0.343339 0.880009
vt 0.338003 0.885421
vt 0.332678 0.890824
vt 0.327346 0.896226
vt 0.322009 0.901630
vt 0.316670 0.907042
vt 0.311330 0.912458
vt 0.305990 0.917878
vt 0.300649 0.923287
vt 0.295306 0.928705
vt 0.289959 0.934121
vt 0.284610 0.939545
vt 0.279259 0.944984
vt 0.273906 0.950417
vt 0.268556 0.955859
vt 0.263207 0.961282
vt 0.263234 0.966740
vt 0.257909 0.972250
vt 0.257926 0.977591
vt 0.033703 0.865923
vt 0.039127 0.871088
vt 0.044569 0.876257
vt 0.050056 0.881424
vt 0.055572 0.886593
vt 0.061099 0.891768
vt 0.066644 0.896947
vt 0.072192 0.902136
vt 0.077744 0.907341
vt 0.083293 0.912559
vt 0.088830 0.917785
vt 0.094274 0.917668
vt 0.389032 0.748310
vt 0.394386 0.742740
vt 0.394383 0.737267
vt 0.389033 0.731823
vt 0.383690 0.726399
vt 0.378353 0.720984
vt 0.373021 0.715587
vt 0.367690 0.710186
vt 0.362365 0.704800
vt 0.357044 0.699414
vt 0.351727 0.694024
vt 0.346412 0.688627
vt 0.341098 0.683224
vt 0.335784 0.677822
vt 0.330475 0.672429
vt 0.325173 0.667043
vt 0.319876 0.661659
vt 0.314584 0.656284
vt 0.309291 0.650910
vt 0.303993 0.645533
vt 0.298688 0.640154
vt 0.293381 0.634780
vt 0.288068 0.629407
vt 0.282749 0.624038
vt 0.277431 0.618678
vt 0.272110 0.613328
vt 0.266784 0.607988
vt 0.261448 0.602661
vt 0.256103 0.597353
vt 0.250748 0.592078
vt 0.245383 0.586841
vt 0.240004 0.581641
vt 0.234628 0.576439
vt 0.229281 0.571025
vt 0.082954 0.413139
vt 0.077308 0.413074
vt 0.071798 0.418382
vt 0.066354 0.423689
vt 0.060912 0.428986
vt 0.055478 0.434265
vt 0.050049 0.439527
vt 0.044605 0.444750
vt 0.039125 0.449946
vt 0.033667 0.455122
vt 0.028207 0.460262
vt 0.022667 0.465388
vt 0.417961 0.792692
vt 0.412622 0.798278
vt 0.407283 0.803810
vt 0.401944 0.809321
vt 0.396647 0.814768
vt 0.391335 0.820212
vt 0.386014 0.825659
vt 0.380682 0.831113
vt 0.380631 0.836568
vt 0.375307 0.842015
vt 0.369991 0.847453
vt 0.364674 0.852886
vt 0.359352 0.858322
vt 0.354022 0.863752
vt 0.348684 0.869192
vt 0.343349 0.874609
vt 0.338012 0.880020
vt 0.332675 0.885431
vt 0.327344 0.890832
vt 0.322006 0.896238
vt 0.316666 0.901645
vt 0.311324 0.907057
vt 0.305983 0.912468
vt 0.300641 0.917882
vt 0.295296 0.923296
vt 0.289950 0.928712
vt 0.284598 0.934116
vt 0.279245 0.939537
vt 0.273892 0.944974
vt 0.268537 0.950403
vt 0.263181 0.955819
vt 0.257834 0.961245
vt 0.257868 0.966691
vt 0.252526 0.972222
vt 0.252560 0.977527
vt 0.033786 0.871295
vt 0.039209 0.876463
vt 0.044670 0.881630
vt 0.050179 0.886796
vt 0.055709 0.891964
vt 0.061256 0.897135
vt 0.066812 0.902314
vt 0.072369 0.907502
vt 0.077925 0.912708
vt 0.083469 0.917924
vt 0.088980 0.923160
vt 0.094436 0.923050
vt 0.394377 0.748374
vt 0.399743 0.742692
vt 0.399737 0.737227
vt 0.394381 0.731813
vt 0.389034 0.726387
vt 0.383694 0.720974
vt 0.378359 0.715572
vt 0.373027 0.710177
vt 0.367699 0.704785
vt 0.362376 0.699405
vt 0.357057 0.694027
vt 0.351741 0.688634
vt 0.346427 0.683239
vt 0.341111 0.677834
vt 0.335798 0.672436
vt 0.330492 0.667050
vt 0.325192 0.661666
vt 0.319899 0.656290
vt 0.314605 0.650918
vt 0.309310 0.645546
vt 0.304004 0.640167
vt 0.298695 0.634790
vt 0.293384 0.629417
vt 0.288068 0.624049
vt 0.282747 0.618684
vt 0.277427 0.613328
vt 0.272100 0.607981
vt 0.266764 0.602646
vt 0.261425 0.597328
vt 0.256078 0.592034
vt 0.250720 0.586798
vt 0.245349 0.581605
vt 0.239965 0.576461
vt 0.234613 0.571158
vt 0.082971 0.407762
vt 0.077349 0.407714
vt 0.071827 0.413023
vt 0.066361 0.418331
vt 0.060913 0.423636
vt 0.055474 0.428929
vt 0.050035 0.434203
vt 0.044581 0.439449
vt 0.039096 0.444668
vt 0.033585 0.449872
vt 0.028122 0.455043
vt 0.022704 0.460197
vt 0.412755 0.792723
vt 0.407404 0.798280
vt 0.402028 0.803799
vt 0.396699 0.809284
vt 0.391389 0.814745
vt 0.386062 0.820203
vt 0.380726 0.825661
vt 0.375339 0.836579
vt 0.375388 0.831119
vt 0.370011 0.842024
vt 0.364693 0.847464
vt 0.359365 0.852902
vt 0.354036 0.858337
vt 0.348699 0.863778
vt 0.343356 0.869212
vt 0.338018 0.874625
vt 0.332680 0.880032
vt 0.327342 0.885438
vt 0.322005 0.890841
vt 0.316664 0.896250
vt 0.311321 0.901661
vt 0.305978 0.907067
vt 0.300634 0.912479
vt 0.295288 0.917890
vt 0.289940 0.923303
vt 0.284589 0.928706
vt 0.279235 0.934116
vt 0.273880 0.939540
vt 0.268524 0.944967
vt 0.263165 0.950382
vt 0.257808 0.955800
vt 0.252451 0.961220
vt 0.252481 0.966672
vt 0.247143 0.972201
vt 0.247189 0.977451
vt 0.033835 0.876670
vt 0.039281 0.881839
vt 0.044778 0.887003
vt 0.050308 0.892167
vt 0.055863 0.897333
vt 0.061426 0.902502
vt 0.066990 0.907677
vt 0.072550 0.912865
vt 0.078103 0.918072
vt 0.083640 0.923290
vt 0.089121 0.928541
vt 0.094501 0.928437
vt 0.399728 0.748339
vt 0.405093 0.742658
vt 0.405089 0.737186
vt 0.399731 0.731785
vt 0.394382 0.726368
vt 0.389037 0.720959
vt 0.383699 0.715561
vt 0.378365 0.710162
vt 0.373034 0.704771
vt 0.367710 0.699391
vt 0.362388 0.694020
vt 0.357072 0.688645
vt 0.351756 0.683254
vt 0.346439 0.677849
vt 0.341124 0.672448
vt 0.335814 0.667058
vt 0.330510 0.661674
vt 0.325213 0.656296
vt 0.319921 0.650927
vt 0.314623 0.645553
vt 0.309323 0.640180
vt 0.304014 0.634803
vt 0.298702 0.629428
vt 0.293387 0.624059
vt 0.288066 0.618692
vt 0.282742 0.613330
vt 0.277418 0.607978
vt 0.272084 0.602635
vt 0.266746 0.597307
vt 0.261405 0.592000
vt 0.256050 0.586739
vt 0.250689 0.581537
vt 0.245314 0.576451
vt 0.239951 0.571172
vt 0.083042 0.402390
vt 0.077390 0.402348
vt 0.071860 0.407665
vt 0.066376 0.412974
vt 0.060917 0.418282
vt 0.055464 0.423581
vt 0.050018 0.428867
vt 0.044561 0.434133
vt 0.039088 0.439376
vt 0.033554 0.444602
vt 0.028027 0.449798
vt 0.022489 0.454994
vt 0.407520 0.792733
vt 0.402163 0.798265
vt 0.396776 0.803752
vt 0.391442 0.809252
vt 0.386119 0.814729
vt 0.380778 0.820192
vt 0.375427 0.825668
vt 0.370080 0.831141
vt 0.370042 0.836588
vt 0.364711 0.842040
vt 0.359382 0.847479
vt 0.354047 0.852925
vt 0.348712 0.858359
vt 0.343367 0.863807
vt 0.338026 0.869226
vt 0.332684 0.874633
vt 0.327344 0.880040
vt 0.322005 0.885445
vt 0.316664 0.890851
vt 0.311318 0.896264
vt 0.305974 0.901671
vt 0.300628 0.907082
vt 0.295281 0.912495
vt 0.289933 0.917902
vt 0.284581 0.923303
vt 0.279227 0.928708
vt 0.273870 0.934116
vt 0.268513 0.939541
vt 0.263154 0.944961
vt 0.257791 0.950367
vt 0.252430 0.955783
vt 0.247101 0.966676
vt 0.247070 0.961211
vt 0.241760 0.972092
vt 0.241821 0.977394
vt 0.033845 0.882050
vt 0.039365 0.887215
vt 0.044904 0.892377
vt 0.050461 0.897539
vt 0.056033 0.902700
vt 0.061607 0.907865
vt 0.067174 0.913037
vt 0.072736 0.918227
vt 0.078281 0.923433
vt 0.083807 0.928660
vt 0.089258 0.933924
vt 0.094639 0.933828
vt 0.405079 0.748306
vt 0.410440 0.742581
vt 0.410447 0.737105
vt 0.405088 0.731735
vt 0.399731 0.726348
vt 0.394383 0.720946
vt 0.389042 0.715539
vt 0.383704 0.710150
vt 0.378372 0.704754
vt 0.373043 0.699374
vt 0.367720 0.694005
vt 0.362403 0.688644
vt 0.357085 0.683260
vt 0.351769 0.677867
vt 0.346451 0.672463
vt 0.341137 0.667067
vt 0.335830 0.661681
vt 0.330528 0.656300
vt 0.325232 0.650928
vt 0.319940 0.645564
vt 0.314639 0.640190
vt 0.309333 0.634814
vt 0.304020 0.629440
vt 0.298707 0.624071
vt 0.293385 0.618700
vt 0.288061 0.613335
vt 0.282737 0.607979
vt 0.277405 0.602629
vt 0.272067 0.597292
vt 0.266726 0.591975
vt 0.261377 0.586689
vt 0.256021 0.581459
vt 0.250657 0.576334
vt 0.245275 0.571290
vt 0.083126 0.397022
vt 0.077425 0.396987
vt 0.071884 0.402306
vt 0.066393 0.407617
vt 0.060924 0.412926
vt 0.055462 0.418232
vt 0.050003 0.423524
vt 0.044544 0.428804
vt 0.039078 0.434066
vt 0.033549 0.439309
vt 0.027975 0.444528
vt 0.022329 0.449747
vt 0.402289 0.792786
vt 0.396895 0.798262
vt 0.391511 0.803731
vt 0.386163 0.809252
vt 0.380823 0.814732
vt 0.375469 0.820206
vt 0.370112 0.825691
vt 0.364767 0.831161
vt 0.364737 0.836607
vt 0.359402 0.842050
vt 0.354065 0.847501
vt 0.348726 0.852946
vt 0.343382 0.858388
vt 0.338037 0.863820
vt 0.332696 0.869231
vt 0.327349 0.874641
vt 0.322004 0.880050
vt 0.316664 0.885455
vt 0.311319 0.890868
vt 0.305971 0.896279
vt 0.300623 0.901688
vt 0.295276 0.907097
vt 0.289927 0.912504
vt 0.284575 0.917904
vt 0.279219 0.923302
vt 0.273863 0.928710
vt 0.268505 0.934122
vt 0.263145 0.939541
vt 0.257781 0.944949
vt 0.252415 0.950357
vt 0.247051 0.955777
vt 0.241693 0.961195
vt 0.241722 0.966637
vt 0.236377 0.971963
vt 0.236447 0.977310
vt 0.033910 0.887425
vt 0.039493 0.892590
vt 0.045055 0.897752
vt 0.050634 0.902908
vt 0.056220 0.908064
vt 0.061797 0.913224
vt 0.067363 0.918392
vt 0.072919 0.923583
vt 0.078458 0.928789
vt 0.083964 0.934021
vt 0.089426 0.939291
vt 0.094838 0.939217
vt 0.410441 0.748173
vt 0.415796 0.742424
vt 0.415810 0.736998
vt 0.410450 0.731670
vt 0.405086 0.726312
vt 0.399732 0.720922
vt 0.394388 0.715522
vt 0.389047 0.710130
vt 0.383711 0.704746
vt 0.378380 0.699361
vt 0.373054 0.693990
vt 0.367734 0.688631
vt 0.362415 0.683262
vt 0.357098 0.677876
vt 0.351780 0.672479
vt 0.346464 0.667081
vt 0.341152 0.661689
vt 0.335847 0.656307
vt 0.330547 0.650932
vt 0.325252 0.645565
vt 0.319955 0.640198
vt 0.314650 0.634824
vt 0.309339 0.629451
vt 0.304026 0.624080
vt 0.298708 0.618711
vt 0.293385 0.613346
vt 0.288060 0.607985
vt 0.282730 0.602630
vt 0.277393 0.597284
vt 0.272050 0.591955
vt 0.266701 0.586652
vt 0.261345 0.581392
vt 0.255984 0.576221
vt 0.250593 0.571099
vt 0.083178 0.391664
vt 0.077459 0.391625
vt 0.071896 0.396944
vt 0.066404 0.402258
vt 0.060927 0.407570
vt 0.055457 0.412876
vt 0.049988 0.418174
vt 0.044536 0.423468
vt 0.039063 0.428742
vt 0.033571 0.434004
vt 0.027972 0.439235
vt 0.022231 0.444448
vt 0.397024 0.792803
vt 0.391599 0.798239
vt 0.386217 0.803746
vt 0.380874 0.809251
vt 0.375515 0.814744
vt 0.370151 0.820231
vt 0.364798 0.825704
vt 0.359453 0.831174
vt 0.359426 0.836619
vt 0.354084 0.842072
vt 0.348741 0.847527
vt 0.343396 0.852970
vt 0.338052 0.858406
vt 0.332706 0.863828
vt 0.327355 0.869246
vt 0.322008 0.874651
vt 0.316665 0.880060
vt 0.311320 0.885470
vt 0.305969 0.890887
vt 0.300621 0.896294
vt 0.295271 0.901703
vt 0.289921 0.907110
vt 0.284570 0.912508
vt 0.279214 0.917907
vt 0.273856 0.923305
vt 0.268497 0.928710
vt 0.263137 0.934127
vt 0.257773 0.939533
vt 0.252407 0.944943
vt 0.247039 0.950351
vt 0.241675 0.955765
vt 0.236318 0.961167
vt 0.236347 0.966580
vt 0.231017 0.971923
vt 0.231089 0.977286
vt 0.034009 0.892802
vt 0.039642 0.897968
vt 0.045229 0.903125
vt 0.050825 0.908274
vt 0.056413 0.913423
vt 0.061990 0.918577
vt 0.067557 0.923745
vt 0.073106 0.928933
vt 0.078633 0.934137
vt 0.084130 0.939371
vt 0.089600 0.944647
vt 0.095060 0.944616
vt 0.415787 0.747973
vt 0.421146 0.742280
vt 0.421180 0.736875
vt 0.415824 0.731582
vt 0.410451 0.726256
vt 0.405089 0.720888
vt 0.399735 0.715507
vt 0.394391 0.710114
vt 0.389053 0.704732
vt 0.383719 0.699351
vt 0.378390 0.693978
vt 0.373066 0.688617
vt 0.367747 0.683253
vt 0.362428 0.677880
vt 0.357107 0.672486
vt 0.351791 0.667090
vt 0.346478 0.661702
vt 0.341170 0.656320
vt 0.335867 0.650942
vt 0.330566 0.645569
vt 0.325267 0.640200
vt 0.319965 0.634832
vt 0.314655 0.629458
vt 0.309342 0.624087
vt 0.304028 0.618720
vt 0.298709 0.613356
vt 0.293385 0.607994
vt 0.288056 0.602635
vt 0.282719 0.597283
vt 0.277375 0.591942
vt 0.272025 0.586626
vt 0.266675 0.581354
vt 0.261313 0.576140
vt 0.255932 0.570925
vt 0.083266 0.386311
vt 0.077479 0.386261
vt 0.071891 0.391580
vt 0.066405 0.396896
vt 0.060928 0.402209
vt 0.055450 0.407518
vt 0.049980 0.412822
vt 0.044508 0.418115
vt 0.039053 0.423406
vt 0.033561 0.428680
vt 0.028009 0.433929
vt 0.022375 0.439137
vt 0.391707 0.792776
vt 0.386299 0.798232
vt 0.380926 0.803752
vt 0.375567 0.809257
vt 0.370196 0.814759
vt 0.364837 0.820245
vt 0.359482 0.825725
vt 0.354106 0.836638
vt 0.354129 0.831193
vt 0.348763 0.842107
vt 0.343416 0.847547
vt 0.338064 0.852993
vt 0.332719 0.858420
vt 0.327366 0.863842
vt 0.322014 0.869256
vt 0.316666 0.874664
vt 0.311321 0.880076
vt 0.305972 0.885491
vt 0.300620 0.890902
vt 0.295268 0.896309
vt 0.289918 0.901716
vt 0.284565 0.907117
vt 0.279210 0.912511
vt 0.273852 0.917911
vt 0.268492 0.923306
vt 0.263131 0.928714
vt 0.257766 0.934120
vt 0.252399 0.939526
vt 0.247032 0.944936
vt 0.241663 0.950344
vt 0.236301 0.955753
vt 0.230948 0.961158
vt 0.230975 0.966551
vt 0.225667 0.971928
vt 0.225707 0.977260
vt 0.034163 0.898186
vt 0.039819 0.903346
vt 0.045428 0.908493
vt 0.051026 0.913635
vt 0.056613 0.918778
vt 0.062189 0.923924
vt 0.067751 0.929087
vt 0.073294 0.934270
vt 0.078810 0.939474
vt 0.084301 0.944704
vt 0.089777 0.949978
vt 0.095142 0.950002
vt 0.421111 0.747702
vt 0.426458 0.742143
vt 0.426550 0.736752
vt 0.421205 0.731487
vt 0.415826 0.726185
vt 0.410452 0.720840
vt 0.405087 0.715483
vt 0.399736 0.710105
vt 0.394396 0.704715
vt 0.389060 0.699341
vt 0.383728 0.693966
vt 0.378401 0.688601
vt 0.373079 0.683242
vt 0.367758 0.677870
vt 0.362437 0.672492
vt 0.357118 0.667099
vt 0.351804 0.661714
vt 0.346495 0.656333
vt 0.341189 0.650955
vt 0.335885 0.645579
vt 0.330579 0.640203
vt 0.325278 0.634835
vt 0.319971 0.629465
vt 0.314659 0.624095
vt 0.309347 0.618730
vt 0.304031 0.613366
vt 0.298711 0.608005
vt 0.293380 0.602643
vt 0.288045 0.597287
vt 0.282705 0.591940
vt 0.277351 0.586607
vt 0.272003 0.581316
vt 0.266645 0.576091
vt 0.261273 0.570801
vt 0.083154 0.380939
vt 0.077440 0.380897
vt 0.071881 0.386214
vt 0.066385 0.391531
vt 0.060911 0.396847
vt 0.055446 0.402160
vt 0.049970 0.407466
vt 0.044501 0.412770
vt 0.039033 0.418061
vt 0.033554 0.423348
vt 0.028021 0.428610
vt 0.022391 0.433838
vt 0.386381 0.792781
vt 0.380997 0.798241
vt 0.375623 0.803752
vt 0.370245 0.809274
vt 0.364875 0.814774
vt 0.359517 0.820256
vt 0.354160 0.825734
vt 0.348808 0.831208
vt 0.348783 0.836668
vt 0.343437 0.842127
vt 0.338080 0.847582
vt 0.332732 0.853015
vt 0.327380 0.858437
vt 0.322024 0.863855
vt 0.316671 0.869269
vt 0.311323 0.874680
vt 0.305975 0.880094
vt 0.300621 0.885508
vt 0.295268 0.890918
vt 0.289915 0.896326
vt 0.284563 0.901725
vt 0.279207 0.907122
vt 0.273850 0.912518
vt 0.268489 0.917918
vt 0.263127 0.923312
vt 0.257763 0.928716
vt 0.252394 0.934114
vt 0.247026 0.939521
vt 0.241656 0.944926
vt 0.236289 0.950336
vt 0.230931 0.955746
vt 0.225585 0.961151
vt 0.225616 0.966552
vt 0.220270 0.971937
vt 0.220311 0.977272
vt 0.034368 0.903563
vt 0.040028 0.908717
vt 0.045635 0.913856
vt 0.051234 0.918991
vt 0.056821 0.924124
vt 0.062394 0.929262
vt 0.067951 0.934420
vt 0.073482 0.939598
vt 0.078991 0.944794
vt 0.084467 0.950010
vt 0.089962 0.955284
vt 0.095320 0.955362
vt 0.426394 0.747670
vt 0.431747 0.741928
vt 0.431957 0.736619
vt 0.426613 0.731386
vt 0.421216 0.726106
vt 0.415821 0.720792
vt 0.410444 0.715444
vt 0.405087 0.710078
vt 0.399740 0.704704
vt 0.394403 0.699327
vt 0.389068 0.693956
vt 0.383739 0.688587
vt 0.378413 0.683228
vt 0.373090 0.677861
vt 0.367769 0.672492
vt 0.362447 0.667104
vt 0.357132 0.661725
vt 0.351818 0.656341
vt 0.346509 0.650962
vt 0.341204 0.645587
vt 0.335898 0.640212
vt 0.330589 0.634836
vt 0.325285 0.629470
vt 0.319976 0.624102
vt 0.314662 0.618736
vt 0.309350 0.613374
vt 0.304031 0.608013
vt 0.298704 0.602652
vt 0.293371 0.597295
vt 0.288034 0.591944
vt 0.282686 0.586602
vt 0.277331 0.581294
vt 0.271981 0.576054
vt 0.266612 0.570742
vt 0.083142 0.375565
vt 0.077414 0.375524
vt 0.071871 0.380850
vt 0.066368 0.386168
vt 0.060888 0.391485
vt 0.055434 0.396802
vt 0.049968 0.402112
vt 0.044504 0.407420
vt 0.039022 0.412714
vt 0.033547 0.418005
vt 0.028029 0.423278
vt 0.022480 0.428527
vt 0.381070 0.792759
vt 0.375680 0.798221
vt 0.370298 0.803765
vt 0.364915 0.809284
vt 0.359549 0.814783
vt 0.354194 0.820267
vt 0.348833 0.825757
vt 0.343476 0.831242
vt 0.343454 0.836692
vt 0.338102 0.842156
vt 0.332744 0.847603
vt 0.327392 0.853033
vt 0.322035 0.858454
vt 0.316679 0.863869
vt 0.311327 0.869284
vt 0.305978 0.874696
vt 0.300625 0.880110
vt 0.295269 0.885523
vt 0.289914 0.890935
vt 0.284561 0.896334
vt 0.279205 0.901729
vt 0.273848 0.907128
vt 0.268487 0.912527
vt 0.263126 0.917922
vt 0.257760 0.923317
vt 0.252393 0.928712
vt 0.247023 0.934114
vt 0.241653 0.939514
vt 0.236285 0.944916
vt 0.230920 0.950330
vt 0.225567 0.955740
vt 0.220220 0.961162
vt 0.220242 0.966560
vt 0.214886 0.971967
vt 0.214939 0.977371
vt 0.034625 0.908940
vt 0.040247 0.914079
vt 0.045849 0.919214
vt 0.051448 0.924339
vt 0.057033 0.929456
vt 0.062606 0.934591
vt 0.068152 0.939744
vt 0.073668 0.944910
vt 0.079157 0.950087
vt 0.084611 0.955284
vt 0.090009 0.960517
vt 0.095326 0.960670
vt 0.431560 0.747415
vt 0.437168 0.741771
vt 0.437369 0.736571
vt 0.432035 0.731298
vt 0.426621 0.726030
vt 0.421206 0.720729
vt 0.415810 0.715400
vt 0.410439 0.710048
vt 0.405086 0.704686
vt 0.399746 0.699309
vt 0.394410 0.693944
vt 0.389078 0.688574
vt 0.383749 0.683212
vt 0.378423 0.677850
vt 0.373100 0.672483
vt 0.367779 0.667110
vt 0.362459 0.661730
vt 0.357144 0.656351
vt 0.351829 0.650966
vt 0.346526 0.645598
vt 0.341218 0.640221
vt 0.335906 0.634842
vt 0.330602 0.629476
vt 0.325293 0.624110
vt 0.319982 0.618745
vt 0.314669 0.613382
vt 0.309354 0.608023
vt 0.304029 0.602662
vt 0.298696 0.597302
vt 0.293362 0.591951
vt 0.288015 0.586609
vt 0.282664 0.581290
vt 0.277313 0.576034
vt 0.271954 0.570715
vt 0.083195 0.370190
vt 0.077419 0.370154
vt 0.071860 0.375485
vt 0.066352 0.380806
vt 0.060876 0.386126
vt 0.055414 0.391445
vt 0.049962 0.396759
vt 0.044503 0.402069
vt 0.039025 0.407369
vt 0.033533 0.412655
vt 0.028035 0.417937
vt 0.022501 0.423194
vt 0.375750 0.792659
vt 0.370353 0.798219
vt 0.364961 0.803790
vt 0.359585 0.809292
vt 0.354227 0.814781
vt 0.348864 0.820287
vt 0.343501 0.825785
vt 0.338142 0.831273
vt 0.338120 0.836721
vt 0.332762 0.842185
vt 0.327406 0.847627
vt 0.322050 0.853047
vt 0.316691 0.858467
vt 0.311335 0.863886
vt 0.305981 0.869300
vt 0.300629 0.874712
vt 0.295272 0.880125
vt 0.289916 0.885537
vt 0.284560 0.890945
vt 0.279204 0.896342
vt 0.273847 0.901736
vt 0.268486 0.907134
vt 0.263125 0.912533
vt 0.257761 0.917927
vt 0.252393 0.923318
vt 0.247024 0.928713
vt 0.241653 0.934115
vt 0.236283 0.939509
vt 0.230916 0.944919
vt 0.225556 0.950328
vt 0.220205 0.955739
vt 0.214862 0.961168
vt 0.214879 0.966583
vt 0.209538 0.972111
vt 0.209565 0.977485
vt 0.034885 0.914301
vt 0.040474 0.919440
vt 0.046063 0.924564
vt 0.051665 0.929669
vt 0.057251 0.934778
vt 0.062823 0.939910
vt 0.068349 0.945053
vt 0.073842 0.950200
vt 0.079299 0.955352
vt 0.084688 0.960506
vt 0.089852 0.965620
vt 0.095141 0.965833
vt 0.436399 0.746922
vt 0.095242 0.031892
vt 0.089688 0.031921
vt 0.089660 0.036963
vt 0.095326 0.037072
vt 0.437513 0.731250
vt 0.432035 0.725953
vt 0.426600 0.720662
vt 0.421189 0.715349
vt 0.415799 0.710009
vt 0.410434 0.704659
vt 0.405088 0.699300
vt 0.399753 0.693925
vt 0.394419 0.688560
vt 0.389088 0.683196
vt 0.383760 0.677837
vt 0.378434 0.672475
vt 0.373110 0.667104
vt 0.367789 0.661733
vt 0.362472 0.656358
vt 0.357154 0.650975
vt 0.351845 0.645602
vt 0.346539 0.640230
vt 0.341226 0.634852
vt 0.335917 0.629481
vt 0.330610 0.624116
vt 0.325299 0.618752
vt 0.319985 0.613389
vt 0.314671 0.608030
vt 0.309354 0.602672
vt 0.304022 0.597312
vt 0.298689 0.591959
vt 0.293347 0.586616
vt 0.287998 0.581293
vt 0.282647 0.576040
vt 0.277299 0.570763
vt 0.083212 0.364812
vt 0.077453 0.364786
vt 0.071870 0.370120
vt 0.066346 0.375445
vt 0.060863 0.380766
vt 0.055393 0.386087
vt 0.049944 0.391406
vt 0.044491 0.396718
vt 0.039021 0.402021
vt 0.033531 0.407312
vt 0.028039 0.412592
vt 0.022513 0.417860
vt 0.370409 0.792656
vt 0.365013 0.798245
vt 0.359628 0.803790
vt 0.354262 0.809284
vt 0.348894 0.814803
vt 0.343530 0.820317
vt 0.338165 0.825823
vt 0.332803 0.831314
vt 0.332784 0.836752
vt 0.327419 0.842220
vt 0.322064 0.847637
vt 0.316707 0.853060
vt 0.311345 0.858485
vt 0.305988 0.863899
vt 0.300633 0.869314
vt 0.295276 0.874729
vt 0.289919 0.880139
vt 0.284561 0.885551
vt 0.279204 0.890954
vt 0.273846 0.896349
vt 0.268486 0.901743
vt 0.263125 0.907140
vt 0.257762 0.912540
vt 0.252396 0.917932
vt 0.247026 0.923320
vt 0.241655 0.928718
vt 0.236286 0.934114
vt 0.230916 0.939511
vt 0.225551 0.944919
vt 0.220195 0.950326
vt 0.214848 0.955736
vt 0.209510 0.961167
vt 0.209522 0.966611
vt 0.204190 0.972171
vt 0.204193 0.977534
vt 0.035116 0.919660
vt 0.040692 0.924794
vt 0.046287 0.929899
vt 0.051896 0.934991
vt 0.057481 0.940093
vt 0.063035 0.945215
vt 0.068536 0.950342
vt 0.073992 0.955468
vt 0.079416 0.960581
vt 0.084751 0.965669
vt 0.094993 0.026735
vt 0.090022 0.026871
vt 0.084442 0.031482
vt 0.084208 0.036644
vt 0.089544 0.042133
vt 0.095158 0.042332
vt 0.437469 0.725878
vt 0.431991 0.720594
vt 0.426576 0.715289
vt 0.421165 0.709967
vt 0.415788 0.704625
vt 0.410434 0.699275
vt 0.405096 0.693908
vt 0.399761 0.688547
vt 0.394429 0.683185
vt 0.389099 0.677824
vt 0.383771 0.672463
vt 0.378444 0.667102
vt 0.373120 0.661731
vt 0.367801 0.656363
vt 0.362484 0.650988
vt 0.357167 0.645607
vt 0.351859 0.640237
vt 0.346550 0.634864
vt 0.341237 0.629489
vt 0.335929 0.624124
vt 0.330619 0.618760
vt 0.325303 0.613396
vt 0.319989 0.608037
vt 0.314673 0.602680
vt 0.309350 0.597323
vt 0.304015 0.591968
vt 0.298677 0.586622
vt 0.293329 0.581300
vt 0.287981 0.576023
vt 0.282638 0.570830
vt 0.083283 0.359433
vt 0.077470 0.359422
vt 0.071880 0.364758
vt 0.066346 0.370086
vt 0.060839 0.375407
vt 0.055370 0.380727
vt 0.049914 0.386048
vt 0.044475 0.391366
vt 0.039014 0.396674
vt 0.033537 0.401972
vt 0.028033 0.407258
vt 0.022545 0.412542
vt 0.365074 0.792732
vt 0.359681 0.798255
vt 0.354299 0.803772
vt 0.348930 0.809289
vt 0.343557 0.814847
vt 0.338190 0.820357
vt 0.332825 0.825871
vt 0.327461 0.831351
vt 0.327439 0.836791
vt 0.322077 0.842233
vt 0.316720 0.847654
vt 0.311360 0.853075
vt 0.305998 0.858498
vt 0.300640 0.863912
vt 0.295281 0.869331
vt 0.289923 0.874744
vt 0.284565 0.880154
vt 0.279206 0.885560
vt 0.273847 0.890957
vt 0.268487 0.896355
vt 0.263126 0.901750
vt 0.257763 0.907147
vt 0.252398 0.912542
vt 0.247029 0.917931
vt 0.241657 0.923320
vt 0.236288 0.928717
vt 0.230919 0.934112
vt 0.225550 0.939514
vt 0.220189 0.944921
vt 0.214837 0.950322
vt 0.209497 0.955735
vt 0.204168 0.961159
vt 0.204183 0.966614
vt 0.198842 0.972170
vt 0.198838 0.977561
vt 0.035325 0.925023
vt 0.040908 0.930137
vt 0.046524 0.935220
vt 0.052131 0.940296
vt 0.057712 0.945390
vt 0.063231 0.950498
vt 0.068702 0.955610
vt 0.074126 0.960711
vt 0.079555 0.965761
vt 0.084981 0.970646
vt 0.084917 0.026422
vt 0.079187 0.030922
vt 0.078846 0.036220
vt 0.083998 0.041863
vt 0.089295 0.047388
vt 0.094888 0.047664
vt 0.437419 0.720521
vt 0.431956 0.715219
vt 0.426541 0.709915
vt 0.421145 0.704585
vt 0.415785 0.699241
vt 0.410438 0.693893
vt 0.405105 0.688529
vt 0.399772 0.683171
vt 0.394440 0.677813
vt 0.389110 0.672454
vt 0.383782 0.667097
vt 0.378455 0.661731
vt 0.373130 0.656361
vt 0.367810 0.650989
vt 0.362494 0.645618
vt 0.357181 0.640244
vt 0.351872 0.634874
vt 0.346561 0.629502
vt 0.341244 0.624126
vt 0.335933 0.618762
vt 0.330621 0.613402
vt 0.325306 0.608044
vt 0.319992 0.602688
vt 0.314671 0.597332
vt 0.309341 0.591978
vt 0.304006 0.586631
vt 0.298660 0.581301
vt 0.293313 0.576032
vt 0.287961 0.570789
vt 0.083295 0.354061
vt 0.077464 0.354058
vt 0.071875 0.359396
vt 0.066338 0.364726
vt 0.060829 0.370050
vt 0.055349 0.375368
vt 0.049888 0.380689
vt 0.044448 0.386011
vt 0.038991 0.391325
vt 0.033532 0.396629
vt 0.028034 0.401922
vt 0.022509 0.407209
vt 0.359752 0.792693
vt 0.354349 0.798237
vt 0.348966 0.803781
vt 0.343590 0.809341
vt 0.338218 0.814892
vt 0.332851 0.820413
vt 0.327483 0.825911
vt 0.322115 0.831380
vt 0.322095 0.836814
vt 0.316733 0.842245
vt 0.311373 0.847670
vt 0.306012 0.853088
vt 0.300648 0.858514
vt 0.295287 0.863931
vt 0.289927 0.869347
vt 0.284568 0.874758
vt 0.279209 0.880163
vt 0.273849 0.885565
vt 0.268489 0.890963
vt 0.263127 0.896360
vt 0.257764 0.901757
vt 0.252399 0.907153
vt 0.247031 0.912542
vt 0.241661 0.917927
vt 0.236291 0.923322
vt 0.230922 0.928715
vt 0.225553 0.934111
vt 0.220187 0.939518
vt 0.214831 0.944920
vt 0.209485 0.950319
vt 0.204151 0.955722
vt 0.198828 0.961141
vt 0.198843 0.966620
vt 0.193490 0.972170
vt 0.193480 0.977528
vt 0.035515 0.930369
vt 0.041136 0.935459
vt 0.046769 0.940519
vt 0.052372 0.945580
vt 0.057932 0.950666
vt 0.063423 0.955767
vt 0.068852 0.960869
vt 0.074253 0.965931
vt 0.079787 0.970954
vt 0.085734 0.975388
vt 0.079698 0.025778
vt 0.073885 0.030327
vt 0.073480 0.035720
vt 0.078570 0.041506
vt 0.083751 0.047123
vt 0.088921 0.052700
vt 0.094474 0.052972
vt 0.437407 0.715154
vt 0.431938 0.709855
vt 0.426509 0.704538
vt 0.421139 0.699198
vt 0.415788 0.693861
vt 0.410450 0.688507
vt 0.405116 0.683152
vt 0.399784 0.677798
vt 0.394451 0.672441
vt 0.389120 0.667085
vt 0.383792 0.661730
vt 0.378463 0.656360
vt 0.373141 0.650995
vt 0.367821 0.645623
vt 0.362507 0.640254
vt 0.357193 0.634881
vt 0.351881 0.629509
vt 0.346565 0.624134
vt 0.341251 0.618767
vt 0.335938 0.613406
vt 0.330625 0.608051
vt 0.325311 0.602696
vt 0.319994 0.597342
vt 0.314667 0.591988
vt 0.309331 0.586643
vt 0.303990 0.581310
vt 0.298640 0.576021
vt 0.293284 0.570792
vt 0.083270 0.348706
vt 0.077453 0.348694
vt 0.071857 0.354033
vt 0.066325 0.359364
vt 0.060813 0.364692
vt 0.055333 0.370012
vt 0.049869 0.375332
vt 0.044416 0.380655
vt 0.038967 0.385973
vt 0.033512 0.391280
vt 0.028039 0.396579
vt 0.022535 0.401874
vt 0.354421 0.792687
vt 0.349022 0.798220
vt 0.343630 0.803819
vt 0.338254 0.809393
vt 0.332878 0.814938
vt 0.327506 0.820463
vt 0.322138 0.825943
vt 0.316766 0.831406
vt 0.316748 0.836834
vt 0.311385 0.842263
vt 0.306025 0.847681
vt 0.300659 0.853106
vt 0.295295 0.858527
vt 0.289933 0.863947
vt 0.284573 0.869354
vt 0.279213 0.874763
vt 0.273852 0.880168
vt 0.268492 0.885571
vt 0.263130 0.890969
vt 0.257767 0.896366
vt 0.252402 0.901760
vt 0.247036 0.907154
vt 0.241666 0.912535
vt 0.236295 0.917929
vt 0.230926 0.923320
vt 0.225556 0.928716
vt 0.220189 0.934114
vt 0.214828 0.939518
vt 0.209477 0.944914
vt 0.204137 0.950309
vt 0.198808 0.955705
vt 0.193486 0.961114
vt 0.193494 0.966598
vt 0.188154 0.972112
vt 0.188152 0.977509
vt 0.035723 0.935690
vt 0.041374 0.940755
vt 0.047015 0.945796
vt 0.052614 0.950848
vt 0.058152 0.955929
vt 0.063591 0.961023
vt 0.068976 0.966116
vt 0.074426 0.971186
vt 0.080344 0.976096
vt 0.074417 0.025052
vt 0.068553 0.029724
vt 0.068118 0.035205
vt 0.073148 0.041084
vt 0.078288 0.046799
vt 0.083439 0.052409
vt 0.088553 0.058014
vt 0.094020 0.058304
vt 0.437480 0.709782
vt 0.431878 0.704490
vt 0.426489 0.699156
vt 0.421141 0.693817
vt 0.415795 0.688482
vt 0.410462 0.683131
vt 0.405130 0.677778
vt 0.399795 0.672428
vt 0.394462 0.667071
vt 0.389130 0.661720
vt 0.383800 0.656359
vt 0.378473 0.650994
vt 0.373151 0.645629
vt 0.367832 0.640259
vt 0.362515 0.634886
vt 0.357200 0.629513
vt 0.351885 0.624141
vt 0.346572 0.618774
vt 0.341257 0.613412
vt 0.335939 0.608052
vt 0.330631 0.602704
vt 0.325315 0.597351
vt 0.319990 0.591997
vt 0.314657 0.586652
vt 0.309315 0.581327
vt 0.303971 0.576034
vt 0.298612 0.570724
vt 0.083277 0.343352
vt 0.077471 0.343332
vt 0.071844 0.348670
vt 0.066312 0.354003
vt 0.060800 0.359331
vt 0.055319 0.364656
vt 0.049853 0.369975
vt 0.044394 0.375300
vt 0.038936 0.380619
vt 0.033467 0.385934
vt 0.028014 0.391234
vt 0.022529 0.396534
vt 0.349082 0.792700
vt 0.343682 0.798251
vt 0.338288 0.803867
vt 0.332902 0.809467
vt 0.327530 0.814989
vt 0.322159 0.820497
vt 0.316788 0.825971
vt 0.311399 0.836850
vt 0.311415 0.831428
vt 0.306034 0.842279
vt 0.300671 0.847697
vt 0.295304 0.853122
vt 0.289940 0.858539
vt 0.284578 0.863953
vt 0.279217 0.869363
vt 0.273856 0.874766
vt 0.268495 0.880173
vt 0.263133 0.885580
vt 0.257770 0.890977
vt 0.252405 0.896368
vt 0.247039 0.901761
vt 0.241671 0.907145
vt 0.236302 0.912536
vt 0.230931 0.917926
vt 0.225561 0.923322
vt 0.220193 0.928719
vt 0.214827 0.934116
vt 0.209471 0.939516
vt 0.204125 0.944905
vt 0.198791 0.950293
vt 0.193468 0.955679
vt 0.188162 0.966535
vt 0.188155 0.961061
vt 0.182852 0.972060
vt 0.182834 0.977488
vt 0.035956 0.940992
vt 0.041620 0.946021
vt 0.047270 0.951047
vt 0.052854 0.956090
vt 0.058331 0.961163
vt 0.063705 0.966259
vt 0.069073 0.971456
vt 0.074888 0.976685
vt 0.069104 0.024282
vt 0.063181 0.029082
vt 0.062761 0.034724
vt 0.067734 0.040625
vt 0.072826 0.046412
vt 0.077968 0.052089
vt 0.083090 0.057708
vt 0.093761 0.063635
vt 0.088148 0.063328
vt 0.437380 0.704421
vt 0.431823 0.699112
vt 0.426491 0.693774
vt 0.421148 0.688441
vt 0.415811 0.683101
vt 0.410479 0.677753
vt 0.405143 0.672408
vt 0.399807 0.667057
vt 0.394471 0.661707
vt 0.389137 0.656355
vt 0.383806 0.650991
vt 0.378480 0.645628
vt 0.373157 0.640259
vt 0.367841 0.634894
vt 0.362521 0.629520
vt 0.357203 0.624146
vt 0.351889 0.618777
vt 0.346576 0.613414
vt 0.341261 0.608059
vt 0.335946 0.602707
vt 0.330632 0.597358
vt 0.325310 0.592006
vt 0.319981 0.586657
vt 0.314641 0.581335
vt 0.309295 0.576064
vt 0.303939 0.570715
vt 0.083361 0.337991
vt 0.077499 0.337971
vt 0.071866 0.343307
vt 0.066313 0.348641
vt 0.060800 0.353970
vt 0.055299 0.359296
vt 0.049834 0.364620
vt 0.044366 0.369941
vt 0.038907 0.375262
vt 0.033425 0.380578
vt 0.027963 0.385882
vt 0.022508 0.391177
vt 0.343735 0.792687
vt 0.338332 0.798281
vt 0.332935 0.803951
vt 0.327554 0.809514
vt 0.322181 0.815024
vt 0.316808 0.820518
vt 0.311434 0.825996
vt 0.306063 0.831444
vt 0.306048 0.836864
vt 0.300682 0.842290
vt 0.295315 0.847709
vt 0.289949 0.853131
vt 0.284584 0.858545
vt 0.279221 0.863962
vt 0.273860 0.869363
vt 0.268499 0.874773
vt 0.263137 0.880184
vt 0.257774 0.885587
vt 0.252409 0.890979
vt 0.247043 0.896369
vt 0.241676 0.901754
vt 0.236308 0.907145
vt 0.230939 0.912536
vt 0.225568 0.917931
vt 0.220198 0.923328
vt 0.214828 0.928722
vt 0.209470 0.934119
vt 0.204115 0.939506
vt 0.198775 0.944896
vt 0.193448 0.950273
vt 0.188135 0.955639
vt 0.182845 0.961016
vt 0.182863 0.966475
vt 0.177578 0.971998
vt 0.177539 0.977458
vt 0.036191 0.946259
vt 0.041868 0.951258
vt 0.047527 0.956271
vt 0.053068 0.961313
vt 0.058465 0.966388
vt 0.063798 0.971623
vt 0.069382 0.977062
vt 0.063780 0.023451
vt 0.057842 0.028778
vt 0.057394 0.034323
vt 0.062349 0.040172
vt 0.067388 0.045991
vt 0.072496 0.051721
vt 0.077621 0.057385
vt 0.082713 0.063023
vt 0.093427 0.068961
vt 0.087814 0.068636
vt 0.437166 0.699058
vt 0.431837 0.693727
vt 0.426498 0.688401
vt 0.421163 0.683062
vt 0.415831 0.677721
vt 0.410494 0.672384
vt 0.405155 0.667042
vt 0.399816 0.661693
vt 0.394476 0.656341
vt 0.389143 0.650988
vt 0.383812 0.645626
vt 0.378486 0.640261
vt 0.373161 0.634890
vt 0.367843 0.629523
vt 0.362528 0.624156
vt 0.357204 0.618778
vt 0.351890 0.613413
vt 0.346578 0.608059
vt 0.341262 0.602708
vt 0.335948 0.597363
vt 0.330629 0.592014
vt 0.325299 0.586662
vt 0.319968 0.581329
vt 0.314620 0.576073
vt 0.309272 0.570722
vt 0.083335 0.332630
vt 0.077512 0.332610
vt 0.071883 0.337945
vt 0.066320 0.343277
vt 0.060796 0.348608
vt 0.055300 0.353934
vt 0.049801 0.359260
vt 0.044342 0.364583
vt 0.038887 0.369902
vt 0.033400 0.375215
vt 0.027922 0.380523
vt 0.022450 0.385806
vt 0.338373 0.792653
vt 0.332980 0.798326
vt 0.327585 0.804012
vt 0.322202 0.809547
vt 0.316828 0.815051
vt 0.311455 0.820546
vt 0.306080 0.826010
vt 0.300708 0.831456
vt 0.300694 0.836872
vt 0.295326 0.842298
vt 0.289957 0.847716
vt 0.284591 0.853135
vt 0.279227 0.858552
vt 0.273864 0.863963
vt 0.268502 0.869369
vt 0.263141 0.874783
vt 0.257778 0.880191
vt 0.252414 0.885591
vt 0.247048 0.890979
vt 0.241681 0.896365
vt 0.236313 0.901754
vt 0.230946 0.907146
vt 0.225575 0.912539
vt 0.220205 0.917938
vt 0.214834 0.923335
vt 0.209470 0.928725
vt 0.204112 0.934114
vt 0.198763 0.939500
vt 0.193428 0.944878
vt 0.188109 0.950245
vt 0.182814 0.955600
vt 0.177560 0.960963
vt 0.177587 0.966411
vt 0.172361 0.971950
vt 0.172278 0.977388
vt 0.036432 0.951500
vt 0.042126 0.956466
vt 0.047759 0.961459
vt 0.053223 0.966519
vt 0.058509 0.971659
vt 0.063896 0.977947
vt 0.058363 0.023105
vt 0.052514 0.028399
vt 0.052010 0.033958
vt 0.056960 0.039762
vt 0.061959 0.045561
vt 0.067044 0.051321
vt 0.072141 0.057024
vt 0.077268 0.062694
vt 0.082377 0.068329
vt 0.087527 0.073963
vt 0.093207 0.074293
vt 0.437270 0.693686
vt 0.431852 0.688364
vt 0.426516 0.683020
vt 0.421188 0.677683
vt 0.415851 0.672350
vt 0.410509 0.667015
vt 0.405163 0.661677
vt 0.399821 0.656328
vt 0.394482 0.650980
vt 0.389147 0.645623
vt 0.383815 0.640260
vt 0.378485 0.634890
vt 0.373164 0.629523
vt 0.367846 0.624157
vt 0.362529 0.618787
vt 0.357208 0.613416
vt 0.351891 0.608054
vt 0.346577 0.602704
vt 0.341259 0.597361
vt 0.335943 0.592019
vt 0.330618 0.586672
vt 0.325289 0.581323
vt 0.319953 0.576048
vt 0.314595 0.570814
vt 0.083435 0.327266
vt 0.077573 0.327255
vt 0.071910 0.332585
vt 0.066340 0.337914
vt 0.060792 0.343244
vt 0.055292 0.348572
vt 0.049799 0.353898
vt 0.044322 0.359223
vt 0.038848 0.364541
vt 0.033380 0.369854
vt 0.027885 0.375160
vt 0.022411 0.380442
vt 0.333003 0.792805
vt 0.327622 0.798448
vt 0.322226 0.804066
vt 0.316847 0.809585
vt 0.311475 0.815081
vt 0.306103 0.820565
vt 0.300726 0.826027
vt 0.295351 0.831463
vt 0.295337 0.836883
vt 0.289967 0.842304
vt 0.284599 0.847722
vt 0.279233 0.853142
vt 0.273869 0.858556
vt 0.268506 0.863968
vt 0.263145 0.869379
vt 0.257783 0.874794
vt 0.252419 0.880198
vt 0.247053 0.885589
vt 0.241687 0.890975
vt 0.236319 0.896363
vt 0.230953 0.901759
vt 0.225584 0.907153
vt 0.220213 0.912548
vt 0.214842 0.917942
vt 0.209474 0.923335
vt 0.204110 0.928724
vt 0.198754 0.934109
vt 0.193409 0.939486
vt 0.188084 0.944861
vt 0.182778 0.950213
vt 0.177511 0.955565
vt 0.172301 0.960894
vt 0.172355 0.966328
vt 0.167186 0.971778
vt 0.167036 0.977256
vt 0.036652 0.956703
vt 0.042380 0.961611
vt 0.047947 0.966618
vt 0.053262 0.971895
vt 0.058345 0.977963
vt 0.053007 0.022875
vt 0.047069 0.028078
vt 0.046515 0.033580
vt 0.051554 0.039364
vt 0.056534 0.045145
vt 0.061600 0.050910
vt 0.066692 0.056641
vt 0.071795 0.062338
vt 0.076918 0.068010
vt 0.082052 0.073652
vt 0.087182 0.079298
vt 0.092873 0.079625
vt 0.437323 0.688308
vt 0.431865 0.682986
vt 0.426550 0.677640
vt 0.421213 0.672313
vt 0.415866 0.666983
vt 0.410517 0.661649
vt 0.405169 0.656313
vt 0.399825 0.650965
vt 0.394484 0.645614
vt 0.389145 0.640254
vt 0.383813 0.634891
vt 0.378485 0.629521
vt 0.373162 0.624153
vt 0.367847 0.618790
vt 0.362526 0.613418
vt 0.357207 0.608052
vt 0.351891 0.602698
vt 0.346571 0.597353
vt 0.341258 0.592019
vt 0.335935 0.586682
vt 0.330608 0.581336
vt 0.325274 0.575999
vt 0.319914 0.570714
vt 0.083460 0.321914
vt 0.077595 0.321904
vt 0.071939 0.327229
vt 0.066348 0.332555
vt 0.060803 0.337883
vt 0.055285 0.343209
vt 0.049790 0.348534
vt 0.044310 0.353861
vt 0.038828 0.359181
vt 0.033340 0.364497
vt 0.027840 0.369803
vt 0.022329 0.375101
vt 0.327642 0.793020
vt 0.322250 0.798598
vt 0.316866 0.804118
vt 0.311497 0.809619
vt 0.306124 0.815118
vt 0.300745 0.820596
vt 0.295368 0.826042
vt 0.289978 0.836887
vt 0.289991 0.831471
vt 0.284608 0.842309
vt 0.279241 0.847727
vt 0.273875 0.853145
vt 0.268511 0.858559
vt 0.263149 0.863974
vt 0.257787 0.869394
vt 0.252424 0.874799
vt 0.247059 0.880198
vt 0.241693 0.885586
vt 0.236325 0.890971
vt 0.230959 0.896369
vt 0.225593 0.901763
vt 0.220222 0.907158
vt 0.214850 0.912551
vt 0.209480 0.917946
vt 0.204111 0.923335
vt 0.198749 0.928724
vt 0.193398 0.934103
vt 0.188058 0.939475
vt 0.182742 0.944843
vt 0.177455 0.950184
vt 0.172224 0.955517
vt 0.167070 0.960818
vt 0.167168 0.966226
vt 0.162051 0.971591
vt 0.161855 0.977018
vt 0.036878 0.961826
vt 0.042636 0.966693
vt 0.048036 0.972010
vt 0.052890 0.977903
vt 0.047616 0.022730
vt 0.041617 0.027784
vt 0.040886 0.033147
vt 0.046025 0.038948
vt 0.051107 0.044724
vt 0.056147 0.050492
vt 0.061246 0.056247
vt 0.066346 0.061967
vt 0.071457 0.067663
vt 0.076586 0.073331
vt 0.081692 0.078979
vt 0.092348 0.084949
vt 0.086759 0.084626
vt 0.437313 0.682941
vt 0.431910 0.677599
vt 0.426583 0.672271
vt 0.421228 0.666951
vt 0.415874 0.661619
vt 0.410522 0.656285
vt 0.405169 0.650947
vt 0.399823 0.645605
vt 0.394479 0.640248
vt 0.389142 0.634888
vt 0.383809 0.629520
vt 0.378485 0.624154
vt 0.373163 0.618788
vt 0.367843 0.613419
vt 0.362526 0.608054
vt 0.357210 0.602696
vt 0.351886 0.597345
vt 0.346568 0.592009
vt 0.341247 0.586684
vt 0.335921 0.581360
vt 0.330591 0.576006
vt 0.325242 0.570644
vt 0.083551 0.316565
vt 0.077636 0.316545
vt 0.071963 0.321876
vt 0.066377 0.327196
vt 0.060811 0.332521
vt 0.055281 0.337847
vt 0.049777 0.343172
vt 0.044297 0.348497
vt 0.038814 0.353821
vt 0.033325 0.359139
vt 0.027805 0.364447
vt 0.022241 0.369751
vt 0.322298 0.793142
vt 0.316892 0.798646
vt 0.311517 0.804160
vt 0.306147 0.809658
vt 0.300767 0.815146
vt 0.295386 0.820620
vt 0.290006 0.826054
vt 0.284630 0.831479
vt 0.284618 0.836895
vt 0.279249 0.842315
vt 0.273882 0.847734
vt 0.268517 0.853154
vt 0.263153 0.858568
vt 0.257791 0.863987
vt 0.252428 0.869400
vt 0.247064 0.874804
vt 0.241700 0.880198
vt 0.236332 0.885585
vt 0.230965 0.890975
vt 0.225600 0.896376
vt 0.220232 0.901771
vt 0.214858 0.907163
vt 0.209486 0.912557
vt 0.204116 0.917949
vt 0.198749 0.923337
vt 0.193389 0.928720
vt 0.188040 0.934096
vt 0.182708 0.939466
vt 0.177404 0.944825
vt 0.172142 0.950167
vt 0.166947 0.955469
vt 0.161858 0.960712
vt 0.162037 0.966049
vt 0.157167 0.971218
vt 0.156791 0.976695
vt 0.037239 0.966817
vt 0.042748 0.971861
vt 0.047493 0.977438
vt 0.042349 0.022510
vt 0.035921 0.027159
vt 0.035194 0.032641
vt 0.040353 0.038523
vt 0.045582 0.044298
vt 0.050711 0.050071
vt 0.055796 0.055839
vt 0.060889 0.061582
vt 0.066004 0.067302
vt 0.071127 0.072993
vt 0.076226 0.078657
vt 0.081305 0.084311
vt 0.091966 0.090275
vt 0.086321 0.089969
vt 0.437396 0.677564
vt 0.431956 0.672229
vt 0.426603 0.666906
vt 0.421237 0.661584
vt 0.415876 0.656253
vt 0.410518 0.650922
vt 0.405165 0.645585
vt 0.399816 0.640235
vt 0.394474 0.634883
vt 0.389136 0.629521
vt 0.383805 0.624154
vt 0.378482 0.618787
vt 0.373161 0.613420
vt 0.367838 0.608049
vt 0.362524 0.602691
vt 0.357202 0.597337
vt 0.351880 0.591995
vt 0.346560 0.586673
vt 0.341231 0.581373
vt 0.335894 0.576067
vt 0.330565 0.570663
vt 0.083503 0.311206
vt 0.077688 0.311198
vt 0.072004 0.316525
vt 0.066382 0.321838
vt 0.060837 0.327159
vt 0.055282 0.332487
vt 0.049768 0.337810
vt 0.044280 0.343133
vt 0.038800 0.348456
vt 0.033314 0.353778
vt 0.027802 0.359092
vt 0.022228 0.364391
vt 0.316949 0.793121
vt 0.311540 0.798685
vt 0.306168 0.804190
vt 0.300792 0.809687
vt 0.295408 0.815176
vt 0.290025 0.820624
vt 0.284644 0.826056
vt 0.279269 0.831485
vt 0.279258 0.836904
vt 0.273890 0.842321
vt 0.268523 0.847743
vt 0.263158 0.853159
vt 0.257795 0.858582
vt 0.252433 0.863997
vt 0.247069 0.869403
vt 0.241705 0.874804
vt 0.236339 0.880195
vt 0.230973 0.885584
vt 0.225607 0.890979
vt 0.220240 0.896381
vt 0.214870 0.901780
vt 0.209497 0.907170
vt 0.204124 0.912564
vt 0.198754 0.917953
vt 0.193388 0.923340
vt 0.188029 0.928721
vt 0.182687 0.934095
vt 0.177363 0.939464
vt 0.172071 0.944824
vt 0.166826 0.950153
vt 0.161657 0.955421
vt 0.156627 0.960599
vt 0.156971 0.965818
vt 0.152597 0.970740
vt 0.151810 0.976208
vt 0.037505 0.971665
vt 0.042183 0.976861
vt 0.037123 0.022037
vt 0.146638 0.965865
vt 0.145798 0.960943
vt 0.140237 0.961720
vt 0.141045 0.967231
vt 0.034264 0.038062
vt 0.039939 0.043892
vt 0.045206 0.049650
vt 0.050367 0.055434
vt 0.055459 0.061194
vt 0.060562 0.066933
vt 0.065661 0.072640
vt 0.070769 0.078322
vt 0.075855 0.083988
vt 0.080910 0.089657
vt 0.091626 0.095613
vt 0.085953 0.095318
vt 0.437462 0.672179
vt 0.431979 0.666856
vt 0.426606 0.661539
vt 0.421236 0.656218
vt 0.415872 0.650887
vt 0.410512 0.645559
vt 0.405156 0.640216
vt 0.399808 0.634871
vt 0.394466 0.629515
vt 0.389125 0.624149
vt 0.383795 0.618782
vt 0.378473 0.613417
vt 0.373152 0.608048
vt 0.367834 0.602685
vt 0.362519 0.597331
vt 0.357195 0.591983
vt 0.351873 0.586654
vt 0.346545 0.581362
vt 0.341206 0.576098
vt 0.335880 0.570655
vt 0.083545 0.305848
vt 0.077733 0.305851
vt 0.072062 0.311177
vt 0.066400 0.316490
vt 0.060850 0.321796
vt 0.055297 0.327125
vt 0.049764 0.332451
vt 0.044272 0.337771
vt 0.038794 0.343092
vt 0.033303 0.348414
vt 0.027814 0.353732
vt 0.022254 0.359028
vt 0.311589 0.793112
vt 0.306191 0.798721
vt 0.300818 0.804218
vt 0.295432 0.809723
vt 0.290045 0.815187
vt 0.284661 0.820620
vt 0.279282 0.826063
vt 0.273908 0.831488
vt 0.273898 0.836908
vt 0.268531 0.842332
vt 0.263164 0.847750
vt 0.257800 0.853174
vt 0.252437 0.858592
vt 0.247074 0.864003
vt 0.241711 0.869406
vt 0.236346 0.874804
vt 0.230980 0.880193
vt 0.225614 0.885587
vt 0.220248 0.890986
vt 0.214881 0.896390
vt 0.209508 0.901785
vt 0.204134 0.907174
vt 0.198763 0.912571
vt 0.193390 0.917959
vt 0.188025 0.923343
vt 0.182672 0.928725
vt 0.177335 0.934097
vt 0.172017 0.939469
vt 0.166732 0.944830
vt 0.161487 0.950147
vt 0.156319 0.955413
vt 0.151267 0.960619
vt 0.151919 0.965581
vt 0.037007 0.976067
vt 0.145438 0.955796
vt 0.139855 0.956192
vt 0.033989 0.043519
vt 0.039608 0.049263
vt 0.044883 0.055019
vt 0.050029 0.060799
vt 0.055126 0.066556
vt 0.060224 0.072282
vt 0.065317 0.077976
vt 0.070407 0.083653
vt 0.075472 0.089325
vt 0.080519 0.094996
vt 0.085588 0.100659
vt 0.091392 0.100961
vt 0.437495 0.666778
vt 0.431976 0.661482
vt 0.426598 0.656170
vt 0.421230 0.650848
vt 0.415863 0.645522
vt 0.410502 0.640193
vt 0.405143 0.634849
vt 0.399793 0.629503
vt 0.394449 0.624146
vt 0.389115 0.618783
vt 0.383786 0.613415
vt 0.378464 0.608047
vt 0.373147 0.602684
vt 0.367831 0.597327
vt 0.362508 0.591974
vt 0.357188 0.586637
vt 0.351860 0.581337
vt 0.346521 0.576080
vt 0.341180 0.570770
vt 0.083564 0.300503
vt 0.077767 0.300507
vt 0.072095 0.305835
vt 0.066438 0.311146
vt 0.060850 0.316439
vt 0.055326 0.321758
vt 0.049760 0.327095
vt 0.044262 0.332414
vt 0.038780 0.337730
vt 0.033294 0.343048
vt 0.027808 0.348370
vt 0.022251 0.353667
vt 0.306229 0.793116
vt 0.300845 0.798772
vt 0.295460 0.804255
vt 0.290070 0.809739
vt 0.284681 0.815185
vt 0.279296 0.820619
vt 0.273920 0.826058
vt 0.268549 0.831500
vt 0.268539 0.836918
vt 0.263171 0.842343
vt 0.257805 0.847761
vt 0.252441 0.853181
vt 0.247079 0.858601
vt 0.241716 0.864009
vt 0.236351 0.869404
vt 0.230988 0.874803
vt 0.225622 0.880197
vt 0.220258 0.885594
vt 0.214890 0.890993
vt 0.209521 0.896396
vt 0.204147 0.901787
vt 0.198774 0.907180
vt 0.193400 0.912575
vt 0.188029 0.917962
vt 0.182666 0.923352
vt 0.177314 0.928735
vt 0.171977 0.934109
vt 0.166664 0.939484
vt 0.161372 0.944853
vt 0.156113 0.950204
vt 0.150871 0.955524
vt 0.145240 0.950494
vt 0.139621 0.950687
vt 0.033707 0.048971
vt 0.039355 0.054650
vt 0.044572 0.060399
vt 0.049701 0.066177
vt 0.054802 0.071917
vt 0.059880 0.077624
vt 0.064962 0.083311
vt 0.070035 0.088989
vt 0.075098 0.094665
vt 0.080141 0.100332
vt 0.085195 0.105991
vt 0.090948 0.106312
vt 0.437484 0.661396
vt 0.431956 0.656111
vt 0.426593 0.650797
vt 0.421219 0.645481
vt 0.415849 0.640161
vt 0.410484 0.634825
vt 0.405124 0.629484
vt 0.399776 0.624137
vt 0.394431 0.618778
vt 0.389096 0.613412
vt 0.383773 0.608046
vt 0.378457 0.602683
vt 0.373144 0.597324
vt 0.367823 0.591967
vt 0.362502 0.586625
vt 0.357169 0.581315
vt 0.351834 0.576061
vt 0.346483 0.570713
vt 0.083623 0.295173
vt 0.077780 0.295165
vt 0.072119 0.300490
vt 0.066487 0.305801
vt 0.060871 0.311101
vt 0.055327 0.316369
vt 0.049751 0.321751
vt 0.044232 0.327058
vt 0.038766 0.332372
vt 0.033281 0.337685
vt 0.027799 0.343008
vt 0.022304 0.348314
vt 0.300865 0.793146
vt 0.295490 0.798807
vt 0.290100 0.804269
vt 0.284707 0.809740
vt 0.279316 0.815182
vt 0.273934 0.820626
vt 0.268559 0.826068
vt 0.263189 0.831514
vt 0.263179 0.836926
vt 0.257811 0.842353
vt 0.252445 0.847768
vt 0.247081 0.853188
vt 0.241721 0.858610
vt 0.236357 0.864008
vt 0.230992 0.869403
vt 0.225630 0.874803
vt 0.220264 0.880200
vt 0.214898 0.885598
vt 0.209530 0.891002
vt 0.204159 0.896400
vt 0.198783 0.901788
vt 0.193411 0.907188
vt 0.188036 0.912577
vt 0.182665 0.917971
vt 0.177304 0.923362
vt 0.171951 0.928745
vt 0.166614 0.934126
vt 0.161290 0.939511
vt 0.155965 0.944905
vt 0.150643 0.950307
vt 0.145147 0.945117
vt 0.139625 0.945171
vt 0.033708 0.054368
vt 0.039118 0.060044
vt 0.044255 0.065793
vt 0.049374 0.071547
vt 0.054453 0.077265
vt 0.059536 0.082960
vt 0.064609 0.088645
vt 0.069678 0.094322
vt 0.074726 0.099997
vt 0.079779 0.105667
vt 0.084870 0.111322
vt 0.090606 0.111659
vt 0.437428 0.656014
vt 0.431965 0.650729
vt 0.426583 0.645430
vt 0.421206 0.640119
vt 0.415830 0.634793
vt 0.410460 0.629457
vt 0.405102 0.624123
vt 0.399749 0.618768
vt 0.394417 0.613415
vt 0.389082 0.608046
vt 0.383764 0.602681
vt 0.378450 0.597321
vt 0.373137 0.591964
vt 0.367817 0.586617
vt 0.362488 0.581295
vt 0.357149 0.576047
vt 0.351795 0.570767
vt 0.083664 0.289838
vt 0.077812 0.289824
vt 0.072130 0.295144
vt 0.066509 0.300458
vt 0.060905 0.305761
vt 0.055281 0.311056
vt 0.049695 0.316455
vt 0.044200 0.321707
vt 0.038741 0.327016
vt 0.033248 0.332323
vt 0.027779 0.337644
vt 0.022277 0.342971
vt 0.295510 0.793249
vt 0.290142 0.798797
vt 0.284744 0.804271
vt 0.279341 0.809729
vt 0.273952 0.815183
vt 0.268574 0.820634
vt 0.263199 0.826077
vt 0.257828 0.831521
vt 0.257819 0.836940
vt 0.252451 0.842359
vt 0.247086 0.847776
vt 0.241722 0.853190
vt 0.236361 0.858605
vt 0.230997 0.864002
vt 0.225634 0.869403
vt 0.220271 0.874802
vt 0.214907 0.880203
vt 0.209539 0.885604
vt 0.204170 0.891004
vt 0.198796 0.896396
vt 0.193421 0.901790
vt 0.188047 0.907188
vt 0.182670 0.912586
vt 0.177303 0.917984
vt 0.171940 0.923377
vt 0.166585 0.928760
vt 0.161235 0.934152
vt 0.155889 0.939562
vt 0.150521 0.945004
vt 0.145101 0.939706
vt 0.139569 0.939721
vt 0.033637 0.059742
vt 0.038818 0.065431
vt 0.043906 0.071172
vt 0.049013 0.076901
vt 0.054108 0.082602
vt 0.059193 0.088293
vt 0.064255 0.093976
vt 0.069321 0.099651
vt 0.074372 0.105329
vt 0.079435 0.110996
vt 0.084471 0.116660
vt 0.090095 0.116988
vt 0.437513 0.650644
vt 0.431966 0.645366
vt 0.426567 0.640061
vt 0.421185 0.634753
vt 0.415800 0.629429
vt 0.410430 0.624096
vt 0.405069 0.618755
vt 0.399729 0.613407
vt 0.394396 0.608047
vt 0.389073 0.602683
vt 0.383755 0.597317
vt 0.378444 0.591961
vt 0.373125 0.586606
vt 0.367807 0.581277
vt 0.362466 0.576017
vt 0.357111 0.570756
vt 0.083785 0.284494
vt 0.077886 0.284486
vt 0.072166 0.289803
vt 0.066542 0.295110
vt 0.060933 0.300415
vt 0.055322 0.305719
vt 0.049700 0.311051
vt 0.044172 0.316360
vt 0.038707 0.321661
vt 0.033199 0.326962
vt 0.027725 0.332279
vt 0.022278 0.337624
vt 0.290172 0.793229
vt 0.284796 0.798801
vt 0.279374 0.804263
vt 0.273972 0.809723
vt 0.268589 0.815182
vt 0.263213 0.820642
vt 0.257839 0.826092
vt 0.252459 0.836949
vt 0.252468 0.831535
vt 0.247090 0.842360
vt 0.241723 0.847771
vt 0.236363 0.853194
vt 0.231000 0.858598
vt 0.225638 0.863998
vt 0.220278 0.869406
vt 0.214915 0.874807
vt 0.209549 0.880209
vt 0.204181 0.885609
vt 0.198810 0.891006
vt 0.193434 0.896391
vt 0.188057 0.901794
vt 0.182681 0.907197
vt 0.177306 0.912603
vt 0.171938 0.917999
vt 0.166571 0.923390
vt 0.161211 0.928782
vt 0.155849 0.934189
vt 0.150456 0.939638
vt 0.145120 0.934286
vt 0.139478 0.934292
vt 0.033347 0.065071
vt 0.038431 0.070801
vt 0.043547 0.076531
vt 0.048658 0.082243
vt 0.053769 0.087935
vt 0.058846 0.093625
vt 0.063903 0.099303
vt 0.068978 0.104979
vt 0.074017 0.110656
vt 0.079058 0.116324
vt 0.089789 0.122321
vt 0.084073 0.121989
vt 0.437507 0.645269
vt 0.431938 0.639997
vt 0.426545 0.634694
vt 0.421150 0.629391
vt 0.415765 0.624069
vt 0.410397 0.618736
vt 0.405039 0.613391
vt 0.399702 0.608041
vt 0.394376 0.602680
vt 0.389058 0.597316
vt 0.383741 0.591953
vt 0.378432 0.586600
vt 0.373115 0.581262
vt 0.367785 0.575979
vt 0.362428 0.570727
vt 0.083843 0.279147
vt 0.077939 0.279145
vt 0.072193 0.284463
vt 0.066563 0.289765
vt 0.060946 0.295066
vt 0.055347 0.300369
vt 0.049759 0.305679
vt 0.044184 0.310998
vt 0.038685 0.316307
vt 0.033183 0.321613
vt 0.027663 0.326916
vt 0.022163 0.332270
vt 0.284827 0.793272
vt 0.279421 0.798819
vt 0.274000 0.804260
vt 0.268609 0.809722
vt 0.263229 0.815184
vt 0.257852 0.820657
vt 0.252478 0.826107
vt 0.247104 0.831534
vt 0.247096 0.836948
vt 0.241727 0.842358
vt 0.236362 0.847771
vt 0.231002 0.853191
vt 0.225641 0.858593
vt 0.220281 0.863999
vt 0.214922 0.869408
vt 0.209558 0.874810
vt 0.204192 0.880213
vt 0.198823 0.885609
vt 0.193449 0.891002
vt 0.188070 0.896394
vt 0.182693 0.901801
vt 0.177316 0.907211
vt 0.171942 0.912615
vt 0.166570 0.918010
vt 0.161201 0.923404
vt 0.155834 0.928810
vt 0.150430 0.934246
vt 0.145165 0.928863
vt 0.139443 0.928900
vt 0.032861 0.070419
vt 0.038051 0.076151
vt 0.043192 0.081877
vt 0.048327 0.087580
vt 0.053440 0.093267
vt 0.058508 0.098952
vt 0.063567 0.104628
vt 0.068626 0.110304
vt 0.073643 0.115982
vt 0.078676 0.121653
vt 0.083690 0.127317
vt 0.089263 0.127641
vt 0.437439 0.639900
vt 0.431913 0.634624
vt 0.426502 0.629330
vt 0.421100 0.624030
vt 0.415726 0.618713
vt 0.410358 0.613376
vt 0.405014 0.608035
vt 0.399680 0.602680
vt 0.394363 0.597319
vt 0.389048 0.591954
vt 0.383734 0.586598
vt 0.378420 0.581258
vt 0.373093 0.575949
vt 0.367738 0.570700
vt 0.083760 0.273799
vt 0.077936 0.273803
vt 0.072207 0.279123
vt 0.066579 0.284421
vt 0.060972 0.289719
vt 0.055384 0.295016
vt 0.049792 0.300319
vt 0.044218 0.305631
vt 0.038690 0.310943
vt 0.033186 0.316254
vt 0.027650 0.321564
vt 0.022051 0.326899
vt 0.279466 0.793383
vt 0.274037 0.798801
vt 0.268636 0.804250
vt 0.263250 0.809717
vt 0.257867 0.815199
vt 0.252488 0.820664
vt 0.247114 0.826111
vt 0.241741 0.831533
vt 0.241732 0.836942
vt 0.236365 0.842359
vt 0.231001 0.847772
vt 0.225641 0.853182
vt 0.220283 0.858594
vt 0.214928 0.864010
vt 0.209565 0.869408
vt 0.204203 0.874812
vt 0.198836 0.880213
vt 0.193463 0.885606
vt 0.188087 0.890999
vt 0.182708 0.896403
vt 0.177330 0.901811
vt 0.171950 0.907226
vt 0.166574 0.912625
vt 0.161200 0.918019
vt 0.155832 0.923421
vt 0.150440 0.928841
vt 0.145164 0.923462
vt 0.139400 0.923472
vt 0.032486 0.075778
vt 0.037701 0.081504
vt 0.042853 0.087215
vt 0.048005 0.092910
vt 0.053104 0.098595
vt 0.058163 0.104274
vt 0.063221 0.109952
vt 0.068255 0.115629
vt 0.073279 0.121305
vt 0.078307 0.126980
vt 0.083341 0.132649
vt 0.088963 0.132971
vt 0.437378 0.634517
vt 0.431857 0.629252
vt 0.426428 0.623971
vt 0.421048 0.618672
vt 0.415678 0.613354
vt 0.410321 0.608020
vt 0.404989 0.602680
vt 0.399659 0.597318
vt 0.394345 0.591958
vt 0.389031 0.586597
vt 0.383725 0.581258
vt 0.378399 0.575956
vt 0.373048 0.570609
vt 0.083750 0.268456
vt 0.077922 0.268463
vt 0.072220 0.273784
vt 0.066601 0.279081
vt 0.060983 0.284372
vt 0.055408 0.289664
vt 0.049827 0.294961
vt 0.044256 0.300264
vt 0.038714 0.305574
vt 0.033195 0.310888
vt 0.027692 0.316197
vt 0.022037 0.321507
vt 0.274099 0.793304
vt 0.268671 0.798811
vt 0.263275 0.804243
vt 0.257886 0.809736
vt 0.252501 0.815217
vt 0.247123 0.820679
vt 0.241748 0.826110
vt 0.236375 0.831526
vt 0.236369 0.836943
vt 0.231001 0.842351
vt 0.225641 0.847769
vt 0.220284 0.853185
vt 0.214930 0.858603
vt 0.209572 0.864010
vt 0.204210 0.869409
vt 0.198847 0.874812
vt 0.193477 0.880211
vt 0.188102 0.885606
vt 0.182724 0.891004
vt 0.177344 0.896408
vt 0.171965 0.901822
vt 0.166585 0.907231
vt 0.161210 0.912625
vt 0.155841 0.918027
vt 0.150452 0.923433
vt 0.145222 0.918061
vt 0.139558 0.918037
vt 0.032079 0.081109
vt 0.037352 0.086842
vt 0.042528 0.092545
vt 0.047666 0.098236
vt 0.052758 0.103919
vt 0.057818 0.109597
vt 0.062862 0.115274
vt 0.067894 0.120951
vt 0.072921 0.126628
vt 0.077954 0.132304
vt 0.088762 0.138320
vt 0.083053 0.137986
vt 0.437289 0.629118
vt 0.431746 0.623889
vt 0.426362 0.618610
vt 0.420997 0.613317
vt 0.415639 0.608002
vt 0.410297 0.602674
vt 0.404964 0.597322
vt 0.399640 0.591960
vt 0.394333 0.586601
vt 0.389026 0.581256
vt 0.383709 0.575953
vt 0.378359 0.570577
vt 0.083741 0.263111
vt 0.077940 0.263121
vt 0.072234 0.268450
vt 0.066601 0.273742
vt 0.061006 0.279030
vt 0.055429 0.284312
vt 0.049854 0.289603
vt 0.044293 0.294899
vt 0.038754 0.300203
vt 0.033232 0.305514
vt 0.027712 0.310824
vt 0.022168 0.316122
vt 0.268716 0.793252
vt 0.263306 0.798790
vt 0.257906 0.804259
vt 0.252517 0.809753
vt 0.247135 0.815234
vt 0.241756 0.820676
vt 0.236380 0.826102
vt 0.231006 0.831517
vt 0.231004 0.836938
vt 0.225637 0.842345
vt 0.220279 0.847763
vt 0.214927 0.853187
vt 0.209572 0.858599
vt 0.204214 0.864003
vt 0.198854 0.869408
vt 0.193489 0.874810
vt 0.188116 0.880207
vt 0.182741 0.885606
vt 0.177361 0.891009
vt 0.171977 0.896409
vt 0.166596 0.901819
vt 0.161226 0.907225
vt 0.155861 0.912627
vt 0.150496 0.918035
vt 0.145249 0.912635
vt 0.139723 0.912624
vt 0.031620 0.086449
vt 0.037022 0.092175
vt 0.042199 0.097874
vt 0.047342 0.103563
vt 0.052417 0.109242
vt 0.057465 0.114922
vt 0.062502 0.120597
vt 0.067533 0.126276
vt 0.072563 0.131948
vt 0.077614 0.137623
vt 0.088561 0.143685
vt 0.082728 0.143302
vt 0.437048 0.623731
vt 0.431655 0.618524
vt 0.426311 0.613252
vt 0.420952 0.607968
vt 0.415603 0.602657
vt 0.410268 0.597322
vt 0.404942 0.591966
vt 0.399627 0.586605
vt 0.394323 0.581252
vt 0.389017 0.575929
vt 0.383677 0.570616
vt 0.083749 0.257766
vt 0.077919 0.257789
vt 0.072249 0.263116
vt 0.066621 0.268409
vt 0.061024 0.273688
vt 0.055455 0.278964
vt 0.049880 0.284246
vt 0.044322 0.289536
vt 0.038794 0.294832
vt 0.033265 0.300141
vt 0.027751 0.305450
vt 0.022148 0.310746
vt 0.263331 0.793336
vt 0.257925 0.798777
vt 0.252534 0.804281
vt 0.247148 0.809769
vt 0.241765 0.815236
vt 0.236386 0.820674
vt 0.231009 0.826089
vt 0.225634 0.831498
vt 0.225635 0.836923
vt 0.220273 0.842338
vt 0.214918 0.847761
vt 0.209567 0.853180
vt 0.204216 0.858598
vt 0.198860 0.864004
vt 0.193498 0.869406
vt 0.188130 0.874808
vt 0.182756 0.880207
vt 0.177377 0.885603
vt 0.171991 0.891004
vt 0.166610 0.896409
vt 0.161238 0.901810
vt 0.155880 0.907221
vt 0.150543 0.912626
vt 0.145260 0.907208
vt 0.139709 0.907209
vt 0.031349 0.091819
vt 0.036700 0.097510
vt 0.041888 0.103202
vt 0.047003 0.108890
vt 0.052068 0.114568
vt 0.057113 0.120244
vt 0.062147 0.125923
vt 0.067172 0.131594
vt 0.072198 0.137263
vt 0.077233 0.142936
vt 0.082281 0.148606
vt 0.087996 0.149015
vt 0.437000 0.618381
vt 0.431630 0.613168
vt 0.426270 0.607912
vt 0.420913 0.602625
vt 0.415578 0.597312
vt 0.410242 0.591971
vt 0.404919 0.586614
vt 0.399612 0.581259
vt 0.394319 0.575929
vt 0.388978 0.570596
vt 0.083749 0.252413
vt 0.077894 0.252463
vt 0.072259 0.257788
vt 0.066623 0.263080
vt 0.061056 0.268351
vt 0.055471 0.273618
vt 0.049903 0.278891
vt 0.044344 0.284174
vt 0.038820 0.289462
vt 0.033299 0.294766
vt 0.027806 0.300073
vt 0.022252 0.305365
vt 0.257958 0.793263
vt 0.252548 0.798797
vt 0.247164 0.804313
vt 0.241778 0.809788
vt 0.236393 0.815233
vt 0.231013 0.820656
vt 0.225635 0.826071
vt 0.220265 0.831487
vt 0.220268 0.836913
vt 0.214910 0.842334
vt 0.209560 0.847757
vt 0.204211 0.853178
vt 0.198860 0.858594
vt 0.193505 0.864001
vt 0.188141 0.869407
vt 0.182769 0.874806
vt 0.177392 0.880202
vt 0.172008 0.885598
vt 0.166622 0.891001
vt 0.161246 0.896399
vt 0.155896 0.901805
vt 0.150559 0.907208
vt 0.145284 0.901798
vt 0.139707 0.901775
vt 0.031062 0.097173
vt 0.036400 0.102849
vt 0.041571 0.108536
vt 0.046656 0.114221
vt 0.051710 0.119898
vt 0.056754 0.125573
vt 0.061787 0.131245
vt 0.066799 0.136912
vt 0.071814 0.142579
vt 0.076792 0.148252
vt 0.081750 0.153921
vt 0.087333 0.154289
vt 0.437058 0.613048
vt 0.431596 0.607834
vt 0.426225 0.602580
vt 0.420882 0.597289
vt 0.415545 0.591973
vt 0.410219 0.586628
vt 0.404901 0.581270
vt 0.399601 0.575937
vt 0.394261 0.570478
vt 0.083684 0.247075
vt 0.077892 0.247139
vt 0.072270 0.252470
vt 0.066653 0.257757
vt 0.061067 0.263022
vt 0.055512 0.268277
vt 0.049931 0.273539
vt 0.044380 0.278811
vt 0.038839 0.284095
vt 0.033328 0.289388
vt 0.027840 0.294696
vt 0.022322 0.299995
vt 0.252580 0.793294
vt 0.247176 0.798851
vt 0.241790 0.804339
vt 0.236404 0.809790
vt 0.231019 0.815217
vt 0.225635 0.820631
vt 0.220262 0.826051
vt 0.214896 0.831473
vt 0.214903 0.836907
vt 0.209551 0.842334
vt 0.204204 0.847757
vt 0.198856 0.853175
vt 0.193509 0.858595
vt 0.188150 0.863997
vt 0.182783 0.869403
vt 0.177407 0.874799
vt 0.172024 0.880194
vt 0.166638 0.885592
vt 0.161260 0.890991
vt 0.155904 0.896385
vt 0.150585 0.901799
vt 0.145381 0.896368
vt 0.139772 0.896350
vt 0.030788 0.102511
vt 0.036111 0.108186
vt 0.041237 0.113873
vt 0.046300 0.119552
vt 0.051348 0.125226
vt 0.056400 0.130894
vt 0.061420 0.136562
vt 0.066413 0.142235
vt 0.071399 0.147899
vt 0.076334 0.153572
vt 0.086796 0.159559
vt 0.081269 0.159231
vt 0.437079 0.607707
vt 0.431530 0.602505
vt 0.426188 0.597246
vt 0.420849 0.591964
vt 0.415506 0.586642
vt 0.410185 0.581293
vt 0.404868 0.575944
vt 0.399561 0.570565
vt 0.083637 0.241751
vt 0.077841 0.241841
vt 0.072279 0.247160
vt 0.066696 0.252444
vt 0.061111 0.257697
vt 0.055535 0.262943
vt 0.049969 0.268191
vt 0.044411 0.273450
vt 0.038862 0.278726
vt 0.033343 0.284012
vt 0.027852 0.289314
vt 0.022340 0.294622
vt 0.247211 0.793251
vt 0.241806 0.798895
vt 0.236416 0.804343
vt 0.231029 0.809775
vt 0.225641 0.815193
vt 0.220259 0.820612
vt 0.214888 0.826034
vt 0.209527 0.831463
vt 0.209540 0.836904
vt 0.204193 0.842332
vt 0.198852 0.847760
vt 0.193507 0.853178
vt 0.188156 0.858588
vt 0.182796 0.863995
vt 0.177425 0.869397
vt 0.172042 0.874790
vt 0.166654 0.880184
vt 0.161273 0.885583
vt 0.155914 0.890975
vt 0.150614 0.896379
vt 0.145369 0.890957
vt 0.139752 0.890941
vt 0.030563 0.107851
vt 0.035795 0.113529
vt 0.040875 0.119212
vt 0.045937 0.124882
vt 0.051003 0.130548
vt 0.056038 0.136218
vt 0.061040 0.141888
vt 0.066015 0.147561
vt 0.070964 0.153226
vt 0.075892 0.158881
vt 0.080840 0.164533
vt 0.086486 0.164851
vt 0.436936 0.602368
vt 0.431500 0.597171
vt 0.426159 0.591935
vt 0.420803 0.586648
vt 0.415463 0.581322
vt 0.410144 0.575986
vt 0.404831 0.570547
vt 0.083554 0.236408
vt 0.077821 0.236540
vt 0.072258 0.241871
vt 0.066729 0.247145
vt 0.061143 0.252390
vt 0.055577 0.257619
vt 0.050016 0.262849
vt 0.044462 0.268093
vt 0.038894 0.273355
vt 0.033350 0.278640
vt 0.027841 0.283928
vt 0.022358 0.289253
vt 0.241841 0.793255
vt 0.236434 0.798879
vt 0.231040 0.804319
vt 0.225650 0.809745
vt 0.220263 0.815174
vt 0.214883 0.820595
vt 0.209512 0.826011
vt 0.204164 0.831462
vt 0.204179 0.836898
vt 0.198842 0.842336
vt 0.193502 0.847760
vt 0.188158 0.853177
vt 0.182805 0.858583
vt 0.177440 0.863986
vt 0.172063 0.869389
vt 0.166675 0.874782
vt 0.161290 0.880179
vt 0.155928 0.885572
vt 0.150607 0.890961
vt 0.145355 0.885552
vt 0.139772 0.885543
vt 0.030288 0.113184
vt 0.035417 0.118868
vt 0.040516 0.124538
vt 0.045585 0.130206
vt 0.050648 0.135870
vt 0.055669 0.141540
vt 0.060657 0.147212
vt 0.065611 0.152887
vt 0.070540 0.158542
vt 0.075478 0.164177
vt 0.086144 0.170144
vt 0.080463 0.169794
vt 0.436822 0.597052
vt 0.431493 0.591865
vt 0.426103 0.586638
vt 0.420736 0.581348
vt 0.415417 0.576035
vt 0.410087 0.570649
vt 0.083532 0.231089
vt 0.077793 0.231248
vt 0.072256 0.236589
vt 0.066738 0.241859
vt 0.061187 0.247094
vt 0.055627 0.252308
vt 0.050073 0.257517
vt 0.044505 0.262742
vt 0.038948 0.267989
vt 0.033380 0.273265
vt 0.027835 0.278552
vt 0.022333 0.283868
vt 0.236476 0.793239
vt 0.231057 0.798826
vt 0.225662 0.804282
vt 0.220271 0.809720
vt 0.214886 0.815164
vt 0.209508 0.820580
vt 0.204144 0.826007
vt 0.198807 0.831462
vt 0.198825 0.836901
vt 0.193491 0.842334
vt 0.188157 0.847762
vt 0.182813 0.853173
vt 0.177455 0.858576
vt 0.172086 0.863980
vt 0.166702 0.869377
vt 0.161312 0.874776
vt 0.155939 0.880167
vt 0.150600 0.885553
vt 0.145371 0.880154
vt 0.139807 0.880150
vt 0.029832 0.118500
vt 0.035056 0.124193
vt 0.040161 0.129863
vt 0.045241 0.135529
vt 0.050286 0.141193
vt 0.055296 0.146865
vt 0.060271 0.152538
vt 0.065204 0.158208
vt 0.070114 0.163850
vt 0.075041 0.169466
vt 0.079983 0.175040
vt 0.085667 0.175403
vt 0.436973 0.591733
vt 0.431431 0.586596
vt 0.426013 0.581362
vt 0.420680 0.576057
vt 0.415348 0.570665
vt 0.083442 0.225781
vt 0.077740 0.225972
vt 0.072255 0.231326
vt 0.066759 0.236591
vt 0.061245 0.241812
vt 0.055692 0.247008
vt 0.050125 0.252198
vt 0.044562 0.257400
vt 0.038992 0.262624
vt 0.033424 0.267889
vt 0.027858 0.273172
vt 0.022266 0.278473
vt 0.231093 0.793256
vt 0.225677 0.798823
vt 0.220283 0.804263
vt 0.214891 0.809715
vt 0.209506 0.815149
vt 0.204134 0.820571
vt 0.198784 0.826010
vt 0.193464 0.831482
vt 0.193479 0.836909
vt 0.188149 0.842337
vt 0.182815 0.847758
vt 0.177468 0.853164
vt 0.172107 0.858564
vt 0.166731 0.863971
vt 0.161342 0.869369
vt 0.155955 0.874764
vt 0.150616 0.880153
vt 0.145379 0.874765
vt 0.139812 0.874761
vt 0.029469 0.123841
vt 0.034704 0.129525
vt 0.039812 0.135190
vt 0.044887 0.140850
vt 0.049923 0.146515
vt 0.054919 0.152190
vt 0.059874 0.157877
vt 0.064786 0.163536
vt 0.069672 0.169165
vt 0.074540 0.174752
vt 0.085098 0.180659
vt 0.079418 0.180281
vt 0.436852 0.586439
vt 0.431321 0.581350
vt 0.425880 0.576095
vt 0.420586 0.570756
vt 0.083393 0.220465
vt 0.077662 0.220724
vt 0.072217 0.226091
vt 0.066772 0.231346
vt 0.061283 0.236549
vt 0.055771 0.241723
vt 0.050208 0.246892
vt 0.044643 0.252069
vt 0.039064 0.257270
vt 0.033467 0.262509
vt 0.027913 0.267797
vt 0.022297 0.273086
vt 0.225701 0.793318
vt 0.220297 0.798839
vt 0.214896 0.804263
vt 0.209503 0.809705
vt 0.204129 0.815140
vt 0.198768 0.820570
vt 0.193438 0.826032
vt 0.188119 0.831483
vt 0.188137 0.836914
vt 0.182813 0.842346
vt 0.177477 0.847752
vt 0.172130 0.853157
vt 0.166762 0.858562
vt 0.161378 0.863959
vt 0.155986 0.869355
vt 0.150619 0.874761
vt 0.145400 0.869371
vt 0.139881 0.869357
vt 0.029189 0.129186
vt 0.034365 0.134857
vt 0.039457 0.140515
vt 0.044533 0.146172
vt 0.049558 0.151843
vt 0.054545 0.157528
vt 0.059477 0.163209
vt 0.064364 0.168855
vt 0.069199 0.174468
vt 0.074005 0.180007
vt 0.078845 0.185479
vt 0.084571 0.185894
vt 0.436738 0.581237
vt 0.431073 0.576195
vt 0.425797 0.570638
vt 0.083157 0.215176
vt 0.077538 0.215510
vt 0.072177 0.220879
vt 0.066784 0.226128
vt 0.061333 0.231312
vt 0.055842 0.236461
vt 0.050312 0.241601
vt 0.044745 0.246750
vt 0.039161 0.251925
vt 0.033552 0.257137
vt 0.027963 0.262399
vt 0.022383 0.267706
vt 0.220314 0.793364
vt 0.214908 0.798841
vt 0.209505 0.804251
vt 0.204120 0.809692
vt 0.198752 0.815122
vt 0.193412 0.820578
vt 0.188095 0.826044
vt 0.182783 0.831486
vt 0.182803 0.836921
vt 0.177481 0.842341
vt 0.172147 0.847749
vt 0.166793 0.853157
vt 0.161420 0.858554
vt 0.156033 0.863952
vt 0.150642 0.869355
vt 0.145452 0.863962
vt 0.139941 0.863953
vt 0.028892 0.134527
vt 0.034021 0.140177
vt 0.039115 0.145835
vt 0.044179 0.151493
vt 0.049194 0.157174
vt 0.054173 0.162861
vt 0.059089 0.168528
vt 0.063925 0.174167
vt 0.068690 0.179767
vt 0.073421 0.185245
vt 0.078175 0.190610
vt 0.083930 0.191034
vt 0.436540 0.576197
vt 0.430930 0.570839
vt 0.082815 0.209921
vt 0.077352 0.210363
vt 0.072111 0.215709
vt 0.066784 0.220943
vt 0.061397 0.226101
vt 0.055928 0.231223
vt 0.050407 0.236334
vt 0.044842 0.241452
vt 0.039267 0.246596
vt 0.033650 0.251778
vt 0.028034 0.257021
vt 0.022440 0.262337
vt 0.214927 0.793367
vt 0.209515 0.798809
vt 0.204114 0.804223
vt 0.198742 0.809672
vt 0.193390 0.815127
vt 0.188067 0.820598
vt 0.182755 0.826046
vt 0.177454 0.831482
vt 0.177472 0.836916
vt 0.172156 0.842335
vt 0.166823 0.847748
vt 0.161463 0.853151
vt 0.156089 0.858549
vt 0.150713 0.863953
vt 0.145488 0.858557
vt 0.139965 0.858553
vt 0.028592 0.139853
vt 0.033681 0.145497
vt 0.038768 0.151150
vt 0.043823 0.156819
vt 0.048843 0.162505
vt 0.053801 0.168193
vt 0.058680 0.173853
vt 0.063457 0.179495
vt 0.068139 0.185068
vt 0.072793 0.190439
vt 0.083114 0.195998
vt 0.077439 0.195605
vt 0.435539 0.571943
vt 0.082347 0.204763
vt 0.077119 0.205359
vt 0.072015 0.210614
vt 0.066784 0.215796
vt 0.061454 0.220927
vt 0.056031 0.226017
vt 0.050524 0.231088
vt 0.044964 0.236173
vt 0.039390 0.241280
vt 0.033756 0.246434
vt 0.028118 0.251646
vt 0.022458 0.256943
vt 0.209549 0.793280
vt 0.204126 0.798746
vt 0.198730 0.804189
vt 0.193372 0.809663
vt 0.188035 0.815138
vt 0.182723 0.820608
vt 0.177427 0.826053
vt 0.172155 0.836911
vt 0.172137 0.831484
vt 0.166849 0.842333
vt 0.161507 0.847748
vt 0.156147 0.853151
vt 0.150770 0.858544
vt 0.145517 0.853175
vt 0.139995 0.853172
vt 0.028278 0.145175
vt 0.033326 0.150815
vt 0.038416 0.156469
vt 0.043486 0.162139
vt 0.048493 0.167831
vt 0.053429 0.173522
vt 0.058265 0.179189
vt 0.062981 0.184823
vt 0.067604 0.190321
vt 0.072205 0.195587
vt 0.081619 0.200087
vt 0.076925 0.200515
vt 0.071915 0.205637
vt 0.066772 0.210721
vt 0.061517 0.215799
vt 0.056147 0.220844
vt 0.050661 0.225878
vt 0.045100 0.230920
vt 0.039520 0.235984
vt 0.033907 0.241098
vt 0.028246 0.246276
vt 0.022528 0.251542
vt 0.204154 0.793145
vt 0.198729 0.798685
vt 0.193354 0.804180
vt 0.188007 0.809676
vt 0.182683 0.815161
vt 0.177388 0.820620
vt 0.172115 0.826060
vt 0.166847 0.831499
vt 0.166851 0.836913
vt 0.161543 0.842339
vt 0.156209 0.847750
vt 0.150840 0.853151
vt 0.145578 0.847792
vt 0.140046 0.847776
vt 0.027893 0.150491
vt 0.032957 0.156131
vt 0.038084 0.161781
vt 0.043150 0.167464
vt 0.048153 0.173167
vt 0.053057 0.178868
vt 0.057850 0.184541
vt 0.062527 0.190136
vt 0.067112 0.195577
vt 0.071872 0.200715
vt 0.066761 0.205762
vt 0.061585 0.210735
vt 0.056282 0.215718
vt 0.050823 0.220701
vt 0.045252 0.225698
vt 0.039661 0.230714
vt 0.034060 0.235777
vt 0.028395 0.240914
vt 0.022650 0.246136
vt 0.198743 0.793123
vt 0.193341 0.798695
vt 0.187980 0.804195
vt 0.182646 0.809712
vt 0.177340 0.815182
vt 0.172069 0.820624
vt 0.166823 0.826066
vt 0.161586 0.831514
vt 0.161569 0.836931
vt 0.156261 0.842348
vt 0.150919 0.847766
vt 0.145712 0.842384
vt 0.140128 0.842395
vt 0.027494 0.155810
vt 0.032613 0.161440
vt 0.037754 0.167092
vt 0.042842 0.172801
vt 0.047827 0.178524
vt 0.052691 0.184237
vt 0.057460 0.189885
vt 0.062108 0.195466
vt 0.066828 0.200847
vt 0.061679 0.205762
vt 0.056446 0.210651
vt 0.051025 0.215565
vt 0.045458 0.220503
vt 0.039840 0.225464
vt 0.034223 0.230473
vt 0.028577 0.235563
vt 0.022795 0.240733
vt 0.193330 0.793016
vt 0.187956 0.798719
vt 0.182609 0.804250
vt 0.177285 0.809736
vt 0.172008 0.815190
vt 0.166780 0.820640
vt 0.161572 0.826091
vt 0.156356 0.831544
vt 0.156311 0.836947
vt 0.150993 0.842368
vt 0.145820 0.836998
vt 0.140219 0.837016
vt 0.027089 0.161124
vt 0.032312 0.166744
vt 0.037474 0.172418
vt 0.042559 0.178158
vt 0.047508 0.183914
vt 0.052344 0.189623
vt 0.057111 0.195292
vt 0.061848 0.200970
vt 0.056629 0.205683
vt 0.051252 0.210495
vt 0.045694 0.215353
vt 0.040044 0.220247
vt 0.034417 0.225185
vt 0.028756 0.230224
vt 0.022989 0.235340
vt 0.187920 0.793088
vt 0.182565 0.798757
vt 0.177234 0.804286
vt 0.171939 0.809763
vt 0.166715 0.815221
vt 0.161535 0.820683
vt 0.156369 0.826143
vt 0.151137 0.831582
vt 0.151072 0.836968
vt 0.145930 0.831624
vt 0.140284 0.831630
vt 0.026774 0.166447
vt 0.032016 0.172050
vt 0.037214 0.177767
vt 0.042264 0.183540
vt 0.047184 0.189300
vt 0.052026 0.195051
vt 0.056842 0.200858
vt 0.051492 0.205503
vt 0.045961 0.210272
vt 0.040298 0.215075
vt 0.034613 0.219923
vt 0.028937 0.224887
vt 0.023221 0.229961
vt 0.182517 0.793129
vt 0.177177 0.798829
vt 0.171862 0.804329
vt 0.166622 0.809804
vt 0.161467 0.815270
vt 0.156356 0.820736
vt 0.151194 0.826193
vt 0.146024 0.826244
vt 0.140361 0.826240
vt 0.026545 0.171763
vt 0.031761 0.177375
vt 0.036954 0.183116
vt 0.041963 0.188936
vt 0.046860 0.194684
vt 0.051748 0.200586
vt 0.046252 0.205238
vt 0.040572 0.209975
vt 0.034840 0.214712
vt 0.029110 0.219566
vt 0.023440 0.224596
vt 0.177122 0.793250
vt 0.171790 0.798917
vt 0.166513 0.804393
vt 0.161355 0.809873
vt 0.156296 0.815336
vt 0.151219 0.820802
vt 0.146046 0.820866
vt 0.140468 0.820861
vt 0.026192 0.177040
vt 0.031506 0.182685
vt 0.036655 0.188509
vt 0.041625 0.194322
vt 0.046553 0.200183
vt 0.040899 0.204915
vt 0.035088 0.209572
vt 0.029324 0.214277
vt 0.023563 0.219226
vt 0.171739 0.793379
vt 0.166410 0.799005
vt 0.161210 0.804491
vt 0.156171 0.809956
vt 0.151212 0.815415
vt 0.146125 0.815476
vt 0.140528 0.815513
vt 0.025898 0.182290
vt 0.031273 0.188015
vt 0.036304 0.193956
vt 0.041255 0.199854
vt 0.035429 0.204520
vt 0.029592 0.209042
vt 0.023787 0.213851
vt 0.166346 0.793470
vt 0.161055 0.799107
vt 0.155996 0.804621
vt 0.151131 0.810058
vt 0.146160 0.810157
vt 0.140553 0.810213
vt 0.025632 0.187415
vt 0.030994 0.193491
vt 0.035847 0.199471
vt 0.029881 0.203901
vt 0.023965 0.208457
vt 0.160943 0.793623
vt 0.155753 0.799314
vt 0.150961 0.804775
vt 0.146158 0.805047
vt 0.140598 0.805010
vt 0.025632 0.192705
vt 0.030439 0.198926
vt 0.024226 0.203032
vt 0.155516 0.793854
vt 0.150625 0.799602
vt 0.025268 0.197954
vt 0.150058 0.794275
s 1
usemtl diffuse
f 1/1/1 2/2/2 3/3/3
f 4/4/4 5/5/5 6/6/6
f 7/7/7 8/8/8 9/9/9
f 10/10/10 11/11/11 12/12/12
f 13/13/13 14/14/14 15/15/15
f 16/16/16 17/17/17 18/18/18
f 19/19/19 20/20/20 21/21/21
f 22/22/22 23/23/23 24/24/24
f 25/25/1 26/26/25 27/27/26
f 25/25/1 27/27/26 28/28/2
f 25/25/1 29/29/27 30/30/28
f 25/25/1 30/30/28 26/26/25
f 26/26/25 31/31/29 32/32/30
f 26/26/25 32/32/30 27/27/26
f 33/33/31 28/28/2 27/27/26
f 33/33/31 27/27/26 34/34/32
f 35/35/31 36/36/33 3/3/3
f 35/35/31 3/3/3 2/2/2
f 1/1/1 3/3/3 37/37/34
f 1/1/1 37/37/34 38/38/35
f 1/1/1 38/38/35 5/5/5
f 1/1/1 5/5/5 4/4/4
f 26/26/25 30/30/28 39/39/36
f 26/26/25 39/39/36 31/31/29
f 32/32/30 31/31/29 40/40/37
f 32/32/30 40/40/37 41/41/38
f 27/27/26 32/32/30 42/42/39
f 27/27/26 42/42/39 34/34/32
f 33/33/31 34/34/32 43/43/40
f 33/33/31 43/43/40 44/44/41
f 35/35/31 45/45/41 46/46/42
f 35/35/31 46/46/42 36/36/33
f 3/3/3 36/36/33 47/47/43
f 3/3/3 47/47/43 37/37/34
f 38/38/35 37/37/34 48/48/44
f 38/38/35 48/48/44 49/49/45
f 5/5/5 38/38/35 49/49/45
f 5/5/5 49/49/45 50/50/46
f 5/5/5 51/51/47 52/52/36
f 5/5/5 52/52/36 6/6/6
f 39/39/36 53/53/48 40/40/37
f 39/39/36 40/40/37 31/31/29
f 40/40/37 54/54/49 55/55/50
f 40/40/37 55/55/50 41/41/38
f 32/32/30 41/41/38 56/56/51
f 32/32/30 56/56/51 42/42/39
f 43/43/40 34/34/32 42/42/39
f 43/43/40 42/42/39 57/57/52
f 44/44/41 43/43/40 58/58/53
f 44/44/41 58/58/53 59/59/54
f 45/45/41 60/60/54 61/61/55
f 45/45/41 61/61/55 46/46/42
f 36/36/33 46/46/42 62/62/56
f 36/36/33 62/62/56 47/47/43
f 37/37/34 47/47/43 63/63/57
f 37/37/34 63/63/57 48/48/44
f 49/49/45 48/48/44 64/64/58
f 49/49/45 64/64/58 65/65/59
f 50/50/46 49/49/45 65/65/59
f 50/50/46 65/65/59 66/66/60
f 5/5/5 50/50/46 67/67/61
f 5/5/5 67/67/61 51/51/47
f 52/52/36 51/51/47 68/68/62
f 52/52/36 68/68/62 69/69/48
f 53/53/48 70/70/63 54/54/49
f 53/53/48 54/54/49 40/40/37
f 55/55/50 54/54/49 71/71/64
f 55/55/50 71/71/64 72/72/65
f 41/41/38 55/55/50 73/73/66
f 41/41/38 73/73/66 56/56/51
f 42/42/39 56/56/51 74/74/67
f 42/42/39 74/74/67 57/57/52
f 43/43/40 57/57/52 75/75/68
f 43/43/40 75/75/68 58/58/53
f 59/59/54 58/58/53 76/76/69
f 59/59/54 76/76/69 77/77/70
f 60/60/54 78/78/71 79/79/72
f 60/60/54 79/79/72 61/61/55
f 46/46/42 61/61/55 80/80/73
f 46/46/42 80/80/73 62/62/56
f 62/62/56 81/81/74 63/63/57
f 62/62/56 63/63/57 47/47/43
f 48/48/44 63/63/57 82/82/75
f 48/48/44 82/82/75 64/64/58
f 65/65/59 64/64/58 83/83/76
f 65/65/59 83/83/76 84/84/77
f 7/7/7 66/66/60 65/65/59
f 7/7/7 65/65/59 84/84/77
f 50/50/46 66/66/60 85/85/78
f 50/50/46 85/85/78 67/67/61
f 67/67/61 86/86/79 68/68/62
f 67/67/61 68/68/62 51/51/47
f 69/69/48 68/68/62 87/87/80
f 69/69/48 87/87/80 88/88/63
f 70/70/63 89/89/81 71/71/64
f 70/70/63 71/71/64 54/54/49
f 71/71/64 90/90/82 91/91/83
f 71/71/64 91/91/83 72/72/65
f 55/55/50 72/72/65 92/92/84
f 55/55/50 92/92/84 73/73/66
f 74/74/67 56/56/51 73/73/66
f 74/74/67 73/73/66 93/93/85
f 57/57/52 74/74/67 94/94/86
f 57/57/52 94/94/86 75/75/68
f 76/76/69 58/58/53 75/75/68
f 76/76/69 75/75/68 95/95/87
f 77/77/70 76/76/69 96/96/88
f 77/77/70 96/96/88 97/97/89
f 78/78/71 98/98/89 99/99/90
f 78/78/71 99/99/90 79/79/72
f 61/61/55 79/79/72 100/100/91
f 61/61/55 100/100/91 80/80/73
f 62/62/56 80/80/73 101/101/92
f 62/62/56 101/101/92 81/81/74
f 102/102/93 82/82/75 63/63/57
f 102/102/93 63/63/57 81/81/74
f 83/83/76 64/64/58 82/82/75
f 83/83/76 82/82/75 103/103/94
f 84/84/77 83/83/76 104/104/95
f 84/84/77 104/104/95 105/105/96
f 7/7/7 106/106/97 85/85/78
f 7/7/7 85/85/78 66/66/60
f 7/7/7 84/84/77 105/105/96
f 7/7/7 105/105/96 8/8/8
f 85/85/78 107/107/98 86/86/79
f 85/85/78 86/86/79 67/67/61
f 86/86/79 108/108/99 87/87/80
f 86/86/79 87/87/80 68/68/62
f 88/88/63 87/87/80 109/109/100
f 88/88/63 109/109/100 110/110/81
f 89/89/81 111/111/101 90/90/82
f 89/89/81 90/90/82 71/71/64
f 91/91/83 90/90/82 112/112/102
f 91/91/83 112/112/102 113/113/103
f 91/91/83 114/114/104 92/92/84
f 91/91/83 92/92/84 72/72/65
f 73/73/66 92/92/84 115/115/105
f 73/73/66 115/115/105 93/93/85
f 74/74/67 93/93/85 116/116/106
f 74/74/67 116/116/106 94/94/86
f 75/75/68 94/94/86 117/117/107
f 75/75/68 117/117/107 95/95/87
f 76/76/69 95/95/87 118/118/108
f 76/76/69 118/118/108 96/96/88
f 97/97/89 96/96/88 119/119/109
f 97/97/89 119/119/109 120/120/110
f 98/98/89 121/121/110 122/122/111
f 98/98/89 122/122/111 99/99/90
f 99/99/90 123/123/112 100/100/91
f 99/99/90 100/100/91 79/79/72
f 101/101/92 80/80/73 100/100/91
f 101/101/92 100/100/91 124/124/113
f 102/102/93 81/81/74 101/101/92
f 102/102/93 101/101/92 125/125/114
f 103/103/94 82/82/75 102/102/93
f 103/103/94 102/102/93 126/126/115
f 83/83/76 103/103/94 127/127/116
f 83/83/76 127/127/116 104/104/95
f 128/128/117 105/105/96 104/104/95
f 128/128/117 104/104/95 129/129/118
f 7/7/7 9/9/9 130/130/119
f 7/7/7 130/130/119 106/106/97
f 85/85/78 106/106/97 131/131/120
f 85/85/78 131/131/120 107/107/98
f 132/132/121 8/8/8 105/105/96
f 132/132/121 105/105/96 128/128/117
f 86/86/79 107/107/98 133/133/122
f 86/86/79 133/133/122 108/108/99
f 87/87/80 108/108/99 134/134/123
f 87/87/80 134/134/123 109/109/100
f 110/110/81 109/109/100 135/135/124
f 110/110/81 135/135/124 136/136/101
f 111/111/101 137/137/125 112/112/102
f 111/111/101 112/112/102 90/90/82
f 112/112/102 138/138/126 139/139/127
f 112/112/102 139/139/127 113/113/103
f 91/91/83 113/113/103 140/140/128
f 91/91/83 140/140/128 114/114/104
f 141/141/129 115/115/105 92/92/84
f 141/141/129 92/92/84 114/114/104
f 93/93/85 115/115/105 142/142/130
f 93/93/85 142/142/130 116/116/106
f 117/117/107 94/94/86 116/116/106
f 117/117/107 116/116/106 143/143/131
f 144/144/132 118/118/108 95/95/87
f 144/144/132 95/95/87 117/117/107
f 119/119/109 96/96/88 118/118/108
f 119/119/109 118/118/108 145/145/133
f 120/120/110 119/119/109 146/146/134
f 120/120/110 146/146/134 147/147/135
f 121/121/110 148/148/135 149/149/136
f 121/121/110 149/149/136 122/122/111
f 99/99/90 122/122/111 150/150/137
f 99/99/90 150/150/137 123/123/112
f 100/100/91 123/123/112 151/151/138
f 100/100/91 151/151/138 124/124/113
f 101/101/92 124/124/113 152/152/139
f 101/101/92 152/152/139 125/125/114
f 102/102/93 125/125/114 153/153/140
f 102/102/93 153/153/140 126/126/115
f 103/103/94 126/126/115 154/154/141
f 103/103/94 154/154/141 127/127/116
f 104/104/95 127/127/116 155/155/142
f 104/104/95 155/155/142 129/129/118
f 128/128/117 129/129/118 156/156/143
f 128/128/117 156/156/143 157/157/144
f 9/9/9 158/158/145 159/159/146
f 9/9/9 159/159/146 130/130/119
f 130/130/119 160/160/147 131/131/120
f 130/130/119 131/131/120 106/106/97
f 107/107/98 131/131/120 161/161/148
f 107/107/98 161/161/148 133/133/122
f 132/132/121 158/158/145 9/9/9
f 132/132/121 9/9/9 8/8/8
f 132/132/121 128/128/117 157/157/144
f 132/132/121 157/157/144 162/162/149
f 133/133/122 163/163/150 134/134/123
f 133/133/122 134/134/123 108/108/99
f 134/134/123 164/164/151 135/135/124
f 134/134/123 135/135/124 109/109/100
f 136/136/101 135/135/124 165/165/152
f 136/136/101 165/165/152 166/166/125
f 137/137/125 167/167/153 138/138/126
f 137/137/125 138/138/126 112/112/102
f 138/138/126 168/168/154 169/169/155
f 138/138/126 169/169/155 139/139/127
f 139/139/127 170/170/156 140/140/128
f 139/139/127 140/140/128 113/113/103
f 141/141/129 114/114/104 140/140/128
f 141/141/129 140/140/128 171/171/157
f 142/142/130 115/115/105 141/141/129
f 142/142/130 141/141/129 172/172/158
f 143/143/131 116/116/106 142/142/130
f 143/143/131 142/142/130 173/173/159
f 144/144/132 117/117/107 143/143/131
f 144/144/132 143/143/131 174/174/160
f 145/145/133 118/118/108 144/144/132
f 145/145/133 144/144/132 175/175/161
f 119/119/109 145/145/133 176/176/162
f 119/119/109 176/176/162 146/146/134
f 147/147/135 146/146/134 177/177/163
f 147/147/135 177/177/163 178/178/164
f 148/148/135 179/179/164 180/180/165
f 148/148/135 180/180/165 149/149/136
f 149/149/136 181/181/166 150/150/137
f 149/149/136 150/150/137 122/122/111
f 123/123/112 150/150/137 182/182/167
f 123/123/112 182/182/167 151/151/138
f 183/183/168 152/152/139 124/124/113
f 183/183/168 124/124/113 151/151/138
f 153/153/140 125/125/114 152/152/139
f 153/153/140 152/152/139 184/184/169
f 154/154/141 126/126/115 153/153/140
f 154/154/141 153/153/140 185/185/170
f 127/127/116 154/154/141 186/186/171
f 127/127/116 186/186/171 155/155/142
f 129/129/118 155/155/142 187/187/172
f 129/129/118 187/187/172 156/156/143
f 157/157/144 156/156/143 188/188/173
f 157/157/144 188/188/173 189/189/174
f 158/158/145 190/190/175 191/191/176
f 158/158/145 191/191/176 159/159/146
f 130/130/119 159/159/146 192/192/177
f 130/130/119 192/192/177 160/160/147
f 131/131/120 160/160/147 193/193/178
f 131/131/120 193/193/178 161/161/148
f 133/133/122 161/161/148 194/194/179
f 133/133/122 194/194/179 163/163/150
f 132/132/121 162/162/149 190/190/175
f 132/132/121 190/190/175 158/158/145
f 162/162/149 157/157/144 189/189/174
f 162/162/149 189/189/174 195/195/180
f 134/134/123 163/163/150 196/196/181
f 134/134/123 196/196/181 164/164/151
f 164/164/151 197/197/182 165/165/152
f 164/164/151 165/165/152 135/135/124
f 165/165/152 198/198/183 199/199/153
f 165/165/152 199/199/153 166/166/125
f 167/167/153 200/200/184 168/168/154
f 167/167/153 168/168/154 138/138/126
f 169/169/155 168/168/154 201/201/185
f 169/169/155 201/201/185 202/202/186
f 139/139/127 169/169/155 203/203/187
f 139/139/127 203/203/187 170/170/156
f 171/171/157 140/140/128 170/170/156
f 171/171/157 170/170/156 204/204/188
f 141/141/129 171/171/157 205/205/189
f 141/141/129 205/205/189 172/172/158
f 142/142/130 172/172/158 206/206/190
f 142/142/130 206/206/190 173/173/159
f 143/143/131 173/173/159 207/207/191
f 143/143/131 207/207/191 174/174/160
f 144/144/132 174/174/160 208/208/192
f 144/144/132 208/208/192 175/175/161
f 145/145/133 175/175/161 209/209/193
f 145/145/133 209/209/193 176/176/162
f 146/146/134 176/176/162 210/210/194
f 146/146/134 210/210/194 177/177/163
f 178/178/164 177/177/163 211/211/195
f 178/178/164 211/211/195 212/212/196
f 179/179/164 213/213/196 214/214/197
f 179/179/164 214/214/197 180/180/165
f 149/149/136 180/180/165 215/215/198
f 149/149/136 215/215/198 181/181/166
f 216/216/199 182/182/167 150/150/137
f 216/216/199 150/150/137 181/181/166
f 183/183/168 151/151/138 182/182/167
f 183/183/168 182/182/167 217/217/200
f 183/183/168 218/218/201 184/184/169
f 183/183/168 184/184/169 152/152/139
f 153/153/140 184/184/169 219/219/202
f 153/153/140 219/219/202 185/185/170
f 154/154/141 185/185/170 220/220/203
f 154/154/141 220/220/203 186/186/171
f 221/221/204 187/187/172 155/155/142
f 221/221/204 155/155/142 186/186/171
f 156/156/143 187/187/172 222/222/205
f 156/156/143 222/222/205 188/188/173
f 189/189/174 188/188/173 223/223/206
f 189/189/174 223/223/206 224/224/207
f 225/225/208 226/226/209 191/191/176
f 225/225/208 191/191/176 190/190/175
f 159/159/146 191/191/176 227/227/210
f 159/159/146 227/227/210 192/192/177
f 160/160/147 192/192/177 228/228/211
f 160/160/147 228/228/211 193/193/178
f 161/161/148 193/193/178 229/229/212
f 161/161/148 229/229/212 194/194/179
f 163/163/150 194/194/179 230/230/213
f 163/163/150 230/230/213 196/196/181
f 162/162/149 195/195/180 225/225/208
f 162/162/149 225/225/208 190/190/175
f 195/195/180 189/189/174 224/224/207
f 195/195/180 224/224/207 231/231/214
f 164/164/151 196/196/181 232/232/215
f 164/164/151 232/232/215 197/197/182
f 165/165/152 197/197/182 233/233/216
f 165/165/152 233/233/216 198/198/183
f 198/198/183 234/234/217 235/235/184
f 198/198/183 235/235/184 199/199/153
f 200/200/184 236/236/218 201/201/185
f 200/200/184 201/201/185 168/168/154
f 201/201/185 237/237/219 238/238/220
f 201/201/185 238/238/220 202/202/186
f 203/203/187 169/169/155 202/202/186
f 203/203/187 202/202/186 239/239/221
f 204/204/188 170/170/156 203/203/187
f 204/204/188 203/203/187 240/240/222
f 171/171/157 204/204/188 241/241/223
f 171/171/157 241/241/223 205/205/189
f 206/206/190 172/172/158 205/205/189
f 206/206/190 205/205/189 242/242/224
f 173/173/159 206/206/190 243/243/225
f 173/173/159 243/243/225 207/207/191
f 174/174/160 207/207/191 244/244/226
f 174/174/160 244/244/226 208/208/192
f 209/209/193 175/175/161 208/208/192
f 209/209/193 208/208/192 245/245/227
f 210/210/194 176/176/162 209/209/193
f 210/210/194 209/209/193 246/246/228
f 211/211/195 177/177/163 210/210/194
f 211/211/195 210/210/194 247/247/229
f 212/212/196 211/211/195 248/248/230
f 212/212/196 248/248/230 249/249/231
f 213/213/196 250/250/231 251/251/232
f 213/213/196 251/251/232 214/214/197
f 180/180/165 214/214/197 252/252/233
f 180/180/165 252/252/233 215/215/198
f 216/216/199 181/181/166 215/215/198
f 216/216/199 215/215/198 253/253/234
f 216/216/199 254/254/235 217/217/200
f 216/216/199 217/217/200 182/182/167
f 183/183/168 217/217/200 255/255/236
f 183/183/168 255/255/236 218/218/201
f 256/256/237 219/219/202 184/184/169
f 256/256/237 184/184/169 218/218/201
f 185/185/170 219/219/202 257/257/238
f 185/185/170 257/257/238 220/220/203
f 221/221/204 186/186/171 220/220/203
f 221/221/204 220/220/203 258/258/239
f 222/222/205 187/187/172 221/221/204
f 222/222/205 221/221/204 259/259/240
f 188/188/173 222/222/205 260/260/241
f 188/188/173 260/260/241 223/223/206
f 261/261/242 224/224/207 223/223/206
f 261/261/242 223/223/206 262/262/243
f 225/225/208 263/263/244 264/264/245
f 225/225/208 264/264/245 226/226/209
f 226/226/209 265/265/246 227/227/210
f 226/226/209 227/227/210 191/191/176
f 227/227/210 266/266/247 228/228/211
f 227/227/210 228/228/211 192/192/177
f 228/228/211 267/267/248 229/229/212
f 228/228/211 229/229/212 193/193/178
f 229/229/212 268/268/249 230/230/213
f 229/229/212 230/230/213 194/194/179
f 230/230/213 269/269/250 232/232/215
f 230/230/213 232/232/215 196/196/181
f 195/195/180 231/231/214 263/263/244
f 195/195/180 263/263/244 225/225/208
f 231/231/214 224/224/207 261/261/242
f 231/231/214 261/261/242 270/270/251
f 197/197/182 232/232/215 271/271/252
f 197/197/182 271/271/252 233/233/216
f 198/198/183 233/233/216 272/272/253
f 198/198/183 272/272/253 234/234/217
f 235/235/184 234/234/217 273/273/254
f 235/235/184 273/273/254 274/274/218
f 236/236/218 275/275/255 237/237/219
f 236/236/218 237/237/219 201/201/185
f 238/238/220 237/237/219 276/276/256
f 238/238/220 276/276/256 277/277/257
f 202/202/186 238/238/220 278/278/258
f 202/202/186 278/278/258 239/239/221
f 203/203/187 239/239/221 279/279/259
f 203/203/187 279/279/259 240/240/222
f 241/241/223 204/204/188 240/240/222
f 241/241/223 240/240/222 280/280/260
f 241/241/223 281/281/261 242/242/224
f 241/241/223 242/242/224 205/205/189
f 243/243/225 206/206/190 242/242/224
f 243/243/225 242/242/224 282/282/262
f 244/244/226 207/207/191 243/243/225
f 244/244/226 243/243/225 283/283/263
f 208/208/192 244/244/226 284/284/264
f 208/208/192 284/284/264 245/245/227
f 246/246/228 209/209/193 245/245/227
f 246/246/228 245/245/227 285/285/265
f 247/247/229 210/210/194 246/246/228
f 247/247/229 246/246/228 286/286/266
f 211/211/195 247/247/229 287/287/267
f 211/211/195 287/287/267 248/248/230
f 288/288/268 249/249/231 248/248/230
f 288/288/268 248/248/230 289/289/269
f 290/290/270 291/291/271 251/251/232
f 290/290/270 251/251/232 250/250/231
f 251/251/232 292/292/272 252/252/233
f 251/251/232 252/252/233 214/214/197
f 215/215/198 252/252/233 293/293/273
f 215/215/198 293/293/273 253/253/234
f 216/216/199 253/253/234 294/294/274
f 216/216/199 294/294/274 254/254/235
f 295/295/275 255/255/236 217/217/200
f 295/295/275 217/217/200 254/254/235
f 256/256/237 218/218/201 255/255/236
f 256/256/237 255/255/236 296/296/276
f 257/257/238 219/219/202 256/256/237
f 257/257/238 256/256/237 297/297/277
f 220/220/203 257/257/238 298/298/278
f 220/220/203 298/298/278 258/258/239
f 221/221/204 258/258/239 299/299/279
f 221/221/204 299/299/279 259/259/240
f 222/222/205 259/259/240 300/300/280
f 222/222/205 300/300/280 260/260/241
f 260/260/241 301/301/281 262/262/243
f 260/260/241 262/262/243 223/223/206
f 261/261/242 262/262/243 302/302/282
f 261/261/242 302/302/282 303/303/283
f 304/304/284 305/305/285 264/264/245
f 304/304/284 264/264/245 263/263/244
f 264/264/245 306/306/286 265/265/246
f 264/264/245 265/265/246 226/226/209
f 227/227/210 265/265/246 307/307/287
f 227/227/210 307/307/287 266/266/247
f 228/228/211 266/266/247 308/308/288
f 228/228/211 308/308/288 267/267/248
f 229/229/212 267/267/248 309/309/289
f 229/229/212 309/309/289 268/268/249
f 230/230/213 268/268/249 310/310/290
f 230/230/213 310/310/290 269/269/250
f 269/269/250 311/311/291 271/271/252
f 269/269/250 271/271/252 232/232/215
f 231/231/214 270/270/251 304/304/284
f 231/231/214 304/304/284 263/263/244
f 270/270/251 261/261/242 303/303/283
f 270/270/251 303/303/283 312/312/292
f 233/233/216 271/271/252 313/313/293
f 233/233/216 313/313/293 272/272/253
f 234/234/217 272/272/253 314/314/294
f 234/234/217 314/314/294 273/273/254
f 274/274/218 273/273/254 315/315/295
f 274/274/218 315/315/295 316/316/255
f 275/275/255 317/317/296 276/276/256
f 275/275/255 276/276/256 237/237/219
f 277/277/257 276/276/256 318/318/297
f 277/277/257 318/318/297 319/319/298
f 238/238/220 277/277/257 320/320/299
f 238/238/220 320/320/299 278/278/258
f 279/279/259 239/239/221 278/278/258
f 279/279/259 278/278/258 321/321/300
f 280/280/260 240/240/222 279/279/259
f 280/280/260 279/279/259 322/322/301
f 241/241/223 280/280/260 323/323/302
f 241/241/223 323/323/302 281/281/261
f 324/324/303 282/282/262 242/242/224
f 324/324/303 242/242/224 281/281/261
f 243/243/225 282/282/262 325/325/304
f 243/243/225 325/325/304 283/283/263
f 244/244/226 283/283/263 326/326/305
f 244/244/226 326/326/305 284/284/264
f 285/285/265 245/245/227 284/284/264
f 285/285/265 284/284/264 327/327/306
f 246/246/228 285/285/265 328/328/307
f 246/246/228 328/328/307 286/286/266
f 247/247/229 286/286/266 329/329/308
f 247/247/229 329/329/308 287/287/267
f 248/248/230 287/287/267 330/330/309
f 248/248/230 330/330/309 289/289/269
f 288/288/268 289/289/269 331/331/310
f 288/288/268 331/331/310 332/332/311
f 290/290/270 333/333/311 334/334/312
f 290/290/270 334/334/312 291/291/271
f 291/291/271 335/335/313 292/292/272
f 291/291/271 292/292/272 251/251/232
f 252/252/233 292/292/272 336/336/314
f 252/252/233 336/336/314 293/293/273
f 253/253/234 293/293/273 337/337/315
f 253/253/234 337/337/315 294/294/274
f 295/295/275 254/254/235 294/294/274
f 295/295/275 294/294/274 338/338/316
f 296/296/276 255/255/236 295/295/275
f 296/296/276 295/295/275 339/339/317
f 297/297/277 256/256/237 296/296/276
f 297/297/277 296/296/276 340/340/318
f 257/257/238 297/297/277 341/341/319
f 257/257/238 341/341/319 298/298/278
f 299/299/279 258/258/239 298/298/278
f 299/299/279 298/298/278 342/342/320
f 300/300/280 259/259/240 299/299/279
f 300/300/280 299/299/279 343/343/321
f 260/260/241 300/300/280 344/344/322
f 260/260/241 344/344/322 301/301/281
f 301/301/281 345/345/323 302/302/282
f 301/301/281 302/302/282 262/262/243
f 346/346/283 347/347/282 348/348/324
f 346/346/283 348/348/324 349/349/325
f 304/304/284 350/350/326 351/351/327
f 304/304/284 351/351/327 305/305/285
f 264/264/245 305/305/285 352/352/328
f 264/264/245 352/352/328 306/306/286
f 306/306/286 353/353/329 307/307/287
f 306/306/286 307/307/287 265/265/246
f 307/307/287 354/354/330 308/308/288
f 307/307/287 308/308/288 266/266/247
f 308/308/288 355/355/331 309/309/289
f 308/308/288 309/309/289 267/267/248
f 309/309/289 356/356/332 310/310/290
f 309/309/289 310/310/290 268/268/249
f 269/269/250 310/310/290 357/357/333
f 269/269/250 357/357/333 311/311/291
f 311/311/291 358/358/334 313/313/293
f 311/311/291 313/313/293 271/271/252
f 270/270/251 312/312/292 350/350/326
f 270/270/251 350/350/326 304/304/284
f 346/346/283 349/349/325 359/359/335
f 346/346/283 359/359/335 360/360/292
f 313/313/293 361/361/336 314/314/294
f 313/313/293 314/314/294 272/272/253
f 273/273/254 314/314/294 362/362/337
f 273/273/254 362/362/337 315/315/295
f 316/316/255 315/315/295 363/363/338
f 316/316/255 363/363/338 364/364/296
f 317/317/296 365/365/339 318/318/297
f 317/317/296 318/318/297 276/276/256
f 318/318/297 366/366/340 367/367/341
f 318/318/297 367/367/341 319/319/298
f 277/277/257 319/319/298 368/368/342
f 277/277/257 368/368/342 320/320/299
f 278/278/258 320/320/299 369/369/343
f 278/278/258 369/369/343 321/321/300
f 279/279/259 321/321/300 370/370/344
f 279/279/259 370/370/344 322/322/301
f 280/280/260 322/322/301 371/371/345
f 280/280/260 371/371/345 323/323/302
f 372/372/346 324/324/303 281/281/261
f 372/372/346 281/281/261 323/323/302
f 325/325/304 282/282/262 324/324/303
f 325/325/304 324/324/303 373/373/347
f 283/283/263 325/325/304 374/374/348
f 283/283/263 374/374/348 326/326/305
f 326/326/305 375/375/349 327/327/306
f 326/326/305 327/327/306 284/284/264
f 285/285/265 327/327/306 376/376/350
f 285/285/265 376/376/350 328/328/307
f 286/286/266 328/328/307 377/377/351
f 286/286/266 377/377/351 329/329/308
f 287/287/267 329/329/308 378/378/352
f 287/287/267 378/378/352 330/330/309
f 331/331/310 289/289/269 330/330/309
f 331/331/310 330/330/309 379/379/353
f 332/332/311 331/331/310 380/380/354
f 332/332/311 380/380/354 381/381/355
f 333/333/311 382/382/356 383/383/357
f 333/333/311 383/383/357 334/334/312
f 291/291/271 334/334/312 384/384/358
f 291/291/271 384/384/358 335/335/313
f 335/335/313 385/385/359 336/336/314
f 335/335/313 336/336/314 292/292/272
f 337/337/315 293/293/273 336/336/314
f 337/337/315 336/336/314 386/386/360
f 338/338/316 294/294/274 337/337/315
f 338/338/316 337/337/315 387/387/361
f 295/295/275 338/338/316 388/388/362
f 295/295/275 388/388/362 339/339/317
f 296/296/276 339/339/317 389/389/363
f 296/296/276 389/389/363 340/340/318
f 297/297/277 340/340/318 390/390/364
f 297/297/277 390/390/364 341/341/319
f 298/298/278 341/341/319 391/391/365
f 298/298/278 391/391/365 342/342/320
f 299/299/279 342/342/320 392/392/366
f 299/299/279 392/392/366 343/343/321
f 300/300/280 343/343/321 393/393/367
f 300/300/280 393/393/367 344/344/322
f 301/301/281 344/344/322 394/394/368
f 301/301/281 394/394/368 345/345/323
f 347/347/282 395/395/323 396/396/369
f 347/347/282 396/396/369 348/348/324
f 349/349/325 348/348/324 397/397/370
f 349/349/325 397/397/370 398/398/371
f 399/399/372 400/400/373 401/401/327
f 399/399/372 401/401/327 402/402/326
f 305/305/285 351/351/327 403/403/374
f 305/305/285 403/403/374 352/352/328
f 306/306/286 352/352/328 404/404/375
f 306/306/286 404/404/375 353/353/329
f 307/307/287 353/353/329 405/405/376
f 307/307/287 405/405/376 354/354/330
f 308/308/288 354/354/330 406/406/377
f 308/308/288 406/406/377 355/355/331
f 309/309/289 355/355/331 407/407/378
f 309/309/289 407/407/378 356/356/332
f 356/356/332 408/408/379 357/357/333
f 356/356/332 357/357/333 310/310/290
f 311/311/291 357/357/333 409/409/380
f 311/311/291 409/409/380 358/358/334
f 313/313/293 358/358/334 410/410/381
f 313/313/293 410/410/381 361/361/336
f 360/360/292 359/359/335 399/399/372
f 360/360/292 399/399/372 402/402/326
f 349/349/325 398/398/371 399/399/372
f 349/349/325 399/399/372 359/359/335
f 361/361/336 411/411/382 362/362/337
f 361/361/336 362/362/337 314/314/294
f 315/315/295 362/362/337 412/412/383
f 315/315/295 412/412/383 363/363/338
f 364/364/296 363/363/338 413/413/384
f 364/364/296 413/413/384 414/414/339
f 318/318/297 365/365/339 415/415/385
f 318/318/297 415/415/385 366/366/340
f 366/366/340 416/416/386 417/417/387
f 366/366/340 417/417/387 367/367/341
f 319/319/298 367/367/341 418/418/388
f 319/319/298 418/418/388 368/368/342
f 320/320/299 368/368/342 419/419/389
f 320/320/299 419/419/389 369/369/343
f 369/369/343 420/420/390 370/370/344
f 369/369/343 370/370/344 321/321/300
f 421/421/391 371/371/345 322/322/301
f 421/421/391 322/322/301 370/370/344
f 372/372/346 323/323/302 371/371/345
f 372/372/346 371/371/345 422/422/392
f 372/372/346 423/423/393 373/373/347
f 372/372/346 373/373/347 324/324/303
f 374/374/348 325/325/304 373/373/347
f 374/374/348 373/373/347 424/424/394
f 326/326/305 374/374/348 425/425/395
f 326/326/305 425/425/395 375/375/349
f 376/376/350 327/327/306 375/375/349
f 376/376/350 375/375/349 426/426/396
f 427/427/397 377/377/351 328/328/307
f 427/427/397 328/328/307 376/376/350
f 378/378/352 329/329/308 377/377/351
f 378/378/352 377/377/351 428/428/398
f 330/330/309 378/378/352 429/429/399
f 330/330/309 429/429/399 379/379/353
f 331/331/310 379/379/353 430/430/400
f 331/331/310 430/430/400 380/380/354
f 381/381/355 380/380/354 431/431/401
f 381/381/355 431/431/401 432/432/402
f 382/382/356 433/433/402 434/434/403
f 382/382/356 434/434/403 383/383/357
f 334/334/312 383/383/357 435/435/404
f 334/334/312 435/435/404 384/384/358
f 335/335/313 384/384/358 436/436/405
f 335/335/313 436/436/405 385/385/359
f 386/386/360 336/336/314 385/385/359
f 386/386/360 385/385/359 437/437/406
f 337/337/315 386/386/360 438/438/407
f 337/337/315 438/438/407 387/387/361
f 388/388/362 338/338/316 387/387/361
f 388/388/362 387/387/361 439/439/408
f 389/389/363 339/339/317 388/388/362
f 389/389/363 388/388/362 440/440/409
f 340/340/318 389/389/363 441/441/410
f 340/340/318 441/441/410 390/390/364
f 341/341/319 390/390/364 442/442/411
f 341/341/319 442/442/411 391/391/365
f 342/342/320 391/391/365 443/443/412
f 342/342/320 443/443/412 392/392/366
f 343/343/321 392/392/366 444/444/413
f 343/343/321 444/444/413 393/393/367
f 344/344/322 393/393/367 445/445/414
f 344/344/322 445/445/414 394/394/368
f 395/395/323 446/446/368 447/447/415
f 395/395/323 447/447/415 396/396/369
f 348/348/324 396/396/369 448/448/416
f 348/348/324 448/448/416 397/397/370
f 398/398/371 397/397/370 449/449/417
f 398/398/371 449/449/417 450/450/418
f 399/399/372 398/398/371 450/450/418
f 399/399/372 450/450/418 400/400/373
f 400/400/373 451/451/419 452/452/374
f 400/400/373 452/452/374 401/401/327
f 352/352/328 403/403/374 453/453/420
f 352/352/328 453/453/420 404/404/375
f 404/404/375 454/454/421 405/405/376
f 404/404/375 405/405/376 353/353/329
f 354/354/330 405/405/376 455/455/422
f 354/354/330 455/455/422 406/406/377
f 355/355/331 406/406/377 456/456/423
f 355/355/331 456/456/423 407/407/378
f 407/407/378 457/457/424 408/408/379
f 407/407/378 408/408/379 356/356/332
f 458/458/425 409/409/380 357/357/333
f 458/458/425 357/357/333 408/408/379
f 459/459/426 410/410/381 358/358/334
f 459/459/426 358/358/334 409/409/380
f 361/361/336 410/410/381 460/460/427
f 361/361/336 460/460/427 411/411/382
f 362/362/337 411/411/382 461/461/428
f 362/362/337 461/461/428 412/412/383
f 363/363/338 412/412/383 462/462/429
f 363/363/338 462/462/429 413/413/384
f 413/413/384 463/463/430 464/464/385
f 413/413/384 464/464/385 414/414/339
f 366/366/340 415/415/385 465/465/431
f 366/366/340 465/465/431 416/416/386
f 416/416/386 466/466/432 467/467/433
f 416/416/386 467/467/433 417/417/387
f 468/468/434 418/418/388 367/367/341
f 468/468/434 367/367/341 417/417/387
f 419/419/389 368/368/342 418/418/388
f 419/419/389 418/418/388 469/469/435
f 369/369/343 419/419/389 470/470/436
f 369/369/343 470/470/436 420/420/390
f 421/421/391 370/370/344 420/420/390
f 421/421/391 420/420/390 471/471/437
f 422/422/392 371/371/345 421/421/391
f 422/422/392 421/421/391 472/472/438
f 372/372/346 422/422/392 473/473/439
f 372/372/346 473/473/439 423/423/393
f 423/423/393 474/474/440 424/424/394
f 423/423/393 424/424/394 373/373/347
f 374/374/348 424/424/394 475/475/441
f 374/374/348 475/475/441 425/425/395
f 375/375/349 425/425/395 476/476/442
f 375/375/349 476/476/442 426/426/396
f 427/427/397 376/376/350 426/426/396
f 427/427/397 426/426/396 477/477/443
f 428/428/398 377/377/351 427/427/397
f 428/428/398 427/427/397 478/478/444
f 429/429/399 378/378/352 428/428/398
f 429/429/399 428/428/398 479/479/445
f 430/430/400 379/379/353 429/429/399
f 430/430/400 429/429/399 480/480/446
f 380/380/354 430/430/400 481/481/447
f 380/380/354 481/481/447 431/431/401
f 432/432/402 431/431/401 482/482/448
f 432/432/402 482/482/448 483/483/449
f 433/433/402 484/484/449 485/485/450
f 433/433/402 485/485/450 434/434/403
f 383/383/357 434/434/403 486/486/451
f 383/383/357 486/486/451 435/435/404
f 436/436/405 384/384/358 435/435/404
f 436/436/405 435/435/404 487/487/452
f 437/437/406 385/385/359 436/436/405
f 437/437/406 436/436/405 488/488/453
f 386/386/360 437/437/406 489/489/454
f 386/386/360 489/489/454 438/438/407
f 439/439/408 387/387/361 438/438/407
f 439/439/408 438/438/407 490/490/455
f 388/388/362 439/439/408 491/491/456
f 388/388/362 491/491/456 440/440/409
f 389/389/363 440/440/409 492/492/457
f 389/389/363 492/492/457 441/441/410
f 442/442/411 390/390/364 441/441/410
f 442/442/411 441/441/410 493/493/458
f 391/391/365 442/442/411 494/494/459
f 391/391/365 494/494/459 443/443/412
f 392/392/366 443/443/412 495/495/460
f 392/392/366 495/495/460 444/444/413
f 393/393/367 444/444/413 496/496/461
f 393/393/367 496/496/461 445/445/414
f 446/446/368 497/497/414 498/498/462
f 446/446/368 498/498/462 447/447/415
f 396/396/369 447/447/415 499/499/463
f 396/396/369 499/499/463 448/448/416
f 397/397/370 448/448/416 500/500/464
f 397/397/370 500/500/464 449/449/417
f 449/449/417 501/501/465 502/502/466
f 449/449/417 502/502/466 450/450/418
f 400/400/373 450/450/418 502/502/466
f 400/400/373 502/502/466 451/451/419
f 451/451/419 503/503/467 504/504/468
f 451/451/419 504/504/468 452/452/374
f 404/404/375 453/453/420 505/505/469
f 404/404/375 505/505/469 454/454/421
f 405/405/376 454/454/421 506/506/470
f 405/405/376 506/506/470 455/455/422
f 455/455/422 507/507/471 456/456/423
f 455/455/422 456/456/423 406/406/377
f 407/407/378 456/456/423 508/508/472
f 407/407/378 508/508/472 457/457/424
f 457/457/424 509/509/473 458/458/425
f 457/457/424 458/458/425 408/408/379
f 458/458/425 510/510/474 459/459/426
f 458/458/425 459/459/426 409/409/380
f 459/459/426 511/511/475 460/460/427
f 459/459/426 460/460/427 410/410/381
f 411/411/382 460/460/427 512/512/476
f 411/411/382 512/512/476 461/461/428
f 461/461/428 513/513/477 462/462/429
f 461/461/428 462/462/429 412/412/383
f 462/462/429 514/514/478 463/463/430
f 462/462/429 463/463/430 413/413/384
f 464/464/385 463/463/430 515/515/479
f 464/464/385 515/515/479 516/516/431
f 465/465/431 517/517/480 466/466/432
f 465/465/431 466/466/432 416/416/386
f 466/466/432 518/518/481 519/519/482
f 466/466/432 519/519/482 467/467/433
f 468/468/434 417/417/387 467/467/433
f 468/468/434 467/467/433 520/520/483
f 468/468/434 521/521/484 469/469/435
f 468/468/434 469/469/435 418/418/388
f 419/419/389 469/469/435 522/522/485
f 419/419/389 522/522/485 470/470/436
f 471/471/437 420/420/390 470/470/436
f 471/471/437 470/470/436 523/523/486
f 421/421/391 471/471/437 524/524/487
f 421/421/391 524/524/487 472/472/438
f 473/473/439 422/422/392 472/472/438
f 473/473/439 472/472/438 525/525/488
f 473/473/439 526/526/489 474/474/440
f 473/473/439 474/474/440 423/423/393
f 527/527/490 475/475/441 424/424/394
f 527/527/490 424/424/394 474/474/440
f 425/425/395 475/475/441 528/528/491
f 425/425/395 528/528/491 476/476/442
f 477/477/443 426/426/396 476/476/442
f 477/477/443 476/476/442 529/529/492
f 427/427/397 477/477/443 530/530/493
f 427/427/397 530/530/493 478/478/444
f 428/428/398 478/478/444 531/531/494
f 428/428/398 531/531/494 479/479/445
f 429/429/399 479/479/445 532/532/495
f 429/429/399 532/532/495 480/480/446
f 430/430/400 480/480/446 533/533/496
f 430/430/400 533/533/496 481/481/447
f 534/534/497 482/482/448 431/431/401
f 534/534/497 431/431/401 481/481/447
f 535/535/498 483/483/449 482/482/448
f 535/535/498 482/482/448 536/536/499
f 537/537/498 538/538/500 485/485/450
f 537/537/498 485/485/450 484/484/449
f 485/485/450 539/539/501 486/486/451
f 485/485/450 486/486/451 434/434/403
f 487/487/452 435/435/404 486/486/451
f 487/487/452 486/486/451 540/540/502
f 436/436/405 487/487/452 541/541/503
f 436/436/405 541/541/503 488/488/453
f 489/489/454 437/437/406 488/488/453
f 489/489/454 488/488/453 542/542/504
f 490/490/455 438/438/407 489/489/454
f 490/490/455 489/489/454 543/543/505
f 439/439/408 490/490/455 544/544/506
f 439/439/408 544/544/506 491/491/456
f 440/440/409 491/491/456 545/545/507
f 440/440/409 545/545/507 492/492/457
f 441/441/410 492/492/457 546/546/508
f 441/441/410 546/546/508 493/493/458
f 442/442/411 493/493/458 547/547/509
f 442/442/411 547/547/509 494/494/459
f 443/443/412 494/494/459 548/548/510
f 443/443/412 548/548/510 495/495/460
f 444/444/413 495/495/460 549/549/511
f 444/444/413 549/549/511 496/496/461
f 497/497/414 550/550/461 551/551/512
f 497/497/414 551/551/512 498/498/462
f 447/447/415 498/498/462 552/552/513
f 447/447/415 552/552/513 499/499/463
f 499/499/463 553/553/514 500/500/464
f 499/499/463 500/500/464 448/448/416
f 449/449/417 500/500/464 554/554/515
f 449/449/417 554/554/515 501/501/465
f 502/502/466 501/501/465 555/555/516
f 502/502/466 555/555/516 556/556/517
f 502/502/466 556/556/517 503/503/467
f 502/502/466 503/503/467 451/451/419
f 504/504/468 503/503/467 557/557/518
f 504/504/468 557/557/518 558/558/469
f 505/505/469 559/559/519 506/506/470
f 505/505/469 506/506/470 454/454/421
f 455/455/422 506/506/470 560/560/520
f 455/455/422 560/560/520 507/507/471
f 456/456/423 507/507/471 561/561/521
f 456/456/423 561/561/521 508/508/472
f 457/457/424 508/508/472 562/562/522
f 457/457/424 562/562/522 509/509/473
f 509/509/473 563/563/523 510/510/474
f 509/509/473 510/510/474 458/458/425
f 459/459/426 510/510/474 564/564/524
f 459/459/426 564/564/524 511/511/475
f 565/565/525 512/512/476 460/460/427
f 565/565/525 460/460/427 511/511/475
f 461/461/428 512/512/476 566/566/526
f 461/461/428 566/566/526 513/513/477
f 462/462/429 513/513/477 567/567/527
f 462/462/429 567/567/527 514/514/478
f 514/514/478 568/568/528 515/515/479
f 514/514/478 515/515/479 463/463/430
f 516/516/431 515/515/479 569/569/529
f 516/516/431 569/569/529 570/570/480
f 517/517/480 571/571/530 518/518/481
f 517/517/480 518/518/481 466/466/432
f 519/519/482 518/518/481 572/572/531
f 519/519/482 572/572/531 573/573/532
f 520/520/483 467/467/433 519/519/482
f 520/520/483 519/519/482 574/574/533
f 468/468/434 520/520/483 575/575/534
f 468/468/434 575/575/534 521/521/484
f 521/521/484 576/576/535 522/522/485
f 521/521/484 522/522/485 469/469/435
f 577/577/536 523/523/486 470/470/436
f 577/577/536 470/470/436 522/522/485
f 524/524/487 471/471/437 523/523/486
f 524/524/487 523/523/486 578/578/537
f 579/579/538 525/525/488 472/472/438
f 579/579/538 472/472/438 524/524/487
f 473/473/439 525/525/488 580/580/539
f 473/473/439 580/580/539 526/526/489
f 527/527/490 474/474/440 526/526/489
f 527/527/490 526/526/489 581/581/540
f 528/528/491 475/475/441 527/527/490
f 528/528/491 527/527/490 582/582/541
f 476/476/442 528/528/491 583/583/542
f 476/476/442 583/583/542 529/529/492
f 477/477/443 529/529/492 584/584/543
f 477/477/443 584/584/543 530/530/493
f 531/531/494 478/478/444 530/530/493
f 531/531/494 530/530/493 585/585/544
f 479/479/445 531/531/494 586/586/545
f 479/479/445 586/586/545 532/532/495
f 480/480/446 532/532/495 587/587/546
f 480/480/446 587/587/546 533/533/496
f 534/534/497 481/481/447 533/533/496
f 534/534/497 533/533/496 588/588/547
f 536/536/499 482/482/448 534/534/497
f 536/536/499 534/534/497 589/589/548
f 535/535/498 536/536/499 590/590/549
f 535/535/498 590/590/549 591/591/550
f 537/537/498 592/592/550 593/593/551
f 537/537/498 593/593/551 538/538/500
f 538/538/500 594/594/552 539/539/501
f 538/538/500 539/539/501 485/485/450
f 540/540/502 486/486/451 539/539/501
f 540/540/502 539/539/501 595/595/553
f 487/487/452 540/540/502 596/596/554
f 487/487/452 596/596/554 541/541/503
f 542/542/504 488/488/453 541/541/503
f 542/542/504 541/541/503 597/597/555
f 489/489/454 542/542/504 598/598/556
f 489/489/454 598/598/556 543/543/505
f 490/490/455 543/543/505 599/599/557
f 490/490/455 599/599/557 544/544/506
f 545/545/507 491/491/456 544/544/506
f 545/545/507 544/544/506 600/600/558
f 492/492/457 545/545/507 601/601/559
f 492/492/457 601/601/559 546/546/508
f 493/493/458 546/546/508 602/602/560
f 493/493/458 602/602/560 547/547/509
f 494/494/459 547/547/509 603/603/561
f 494/494/459 603/603/561 548/548/510
f 495/495/460 548/548/510 604/604/562
f 495/495/460 604/604/562 549/549/511
f 551/551/512 550/550/461 605/605/511
f 551/551/512 605/605/511 606/606/563
f 551/551/512 607/607/564 552/552/513
f 551/551/512 552/552/513 498/498/462
f 499/499/463 552/552/513 608/608/565
f 499/499/463 608/608/565 553/553/514
f 553/553/514 609/609/566 554/554/515
f 553/553/514 554/554/515 500/500/464
f 501/501/465 554/554/515 610/610/567
f 501/501/465 610/610/567 555/555/516
f 556/556/517 555/555/516 611/611/568
f 556/556/517 611/611/568 612/612/569
f 503/503/467 556/556/517 612/612/569
f 503/503/467 612/612/569 557/557/518
f 557/557/518 613/613/570 614/614/571
f 557/557/518 614/614/571 558/558/469
f 506/506/470 559/559/519 615/615/572
f 506/506/470 615/615/572 560/560/520
f 560/560/520 616/616/573 561/561/521
f 560/560/520 561/561/521 507/507/471
f 508/508/472 561/561/521 617/617/574
f 508/508/472 617/617/574 562/562/522
f 509/509/473 562/562/522 618/618/575
f 509/509/473 618/618/575 563/563/523
f 619/619/576 564/564/524 510/510/474
f 619/619/576 510/510/474 563/563/523
f 565/565/525 511/511/475 564/564/524
f 565/565/525 564/564/524 620/620/577
f 565/565/525 621/621/578 566/566/526
f 565/565/525 566/566/526 512/512/476
f 566/566/526 622/622/579 567/567/527
f 566/566/526 567/567/527 513/513/477
f 514/514/478 567/567/527 623/623/580
f 514/514/478 623/623/580 568/568/528
f 515/515/479 568/568/528 624/624/581
f 515/515/479 624/624/581 569/569/529
f 570/570/480 569/569/529 625/625/582
f 570/570/480 625/625/582 626/626/530
f 571/571/530 627/627/583 572/572/531
f 571/571/530 572/572/531 518/518/481
f 573/573/532 572/572/531 628/628/584
f 573/573/532 628/628/584 629/629/585
f 519/519/482 573/573/532 630/630/586
f 519/519/482 630/630/586 574/574/533
f 520/520/483 574/574/533 631/631/587
f 520/520/483 631/631/587 575/575/534
f 521/521/484 575/575/534 632/632/588
f 521/521/484 632/632/588 576/576/535
f 576/576/535 633/633/589 577/577/536
f 576/576/535 577/577/536 522/522/485
f 634/634/590 578/578/537 523/523/486
f 634/634/590 523/523/486 577/577/536
f 579/579/538 524/524/487 578/578/537
f 579/579/538 578/578/537 635/635/591
f 636/636/592 580/580/539 525/525/488
f 636/636/592 525/525/488 579/579/538
f 637/637/593 581/581/540 526/526/489
f 637/637/593 526/526/489 580/580/539
f 582/582/541 527/527/490 581/581/540
f 582/582/541 581/581/540 638/638/594
f 583/583/542 528/528/491 582/582/541
f 583/583/542 582/582/541 639/639/595
f 583/583/542 640/640/596 584/584/543
f 583/583/542 584/584/543 529/529/492
f 530/530/493 584/584/543 641/641/597
f 530/530/493 641/641/597 585/585/544
f 531/531/494 585/585/544 642/642/598
f 531/531/494 642/642/598 586/586/545
f 532/532/495 586/586/545 643/643/599
f 532/532/495 643/643/599 587/587/546
f 533/533/496 587/587/546 644/644/600
f 533/533/496 644/644/600 588/588/547
f 534/534/497 588/588/547 645/645/601
f 534/534/497 645/645/601 589/589/548
f 590/590/549 536/536/499 589/589/548
f 590/590/549 589/589/548 646/646/602
f 591/591/550 590/590/549 647/647/603
f 591/591/550 647/647/603 648/648/604
f 592/592/550 649/649/604 650/650/605
f 592/592/550 650/650/605 593/593/551
f 538/538/500 593/593/551 651/651/606
f 538/538/500 651/651/606 594/594/552
f 595/595/553 539/539/501 594/594/552
f 595/595/553 594/594/552 652/652/607
f 596/596/554 540/540/502 595/595/553
f 596/596/554 595/595/553 653/653/608
f 597/597/555 541/541/503 596/596/554
f 597/597/555 596/596/554 654/654/609
f 542/542/504 597/597/555 655/655/610
f 542/542/504 655/655/610 598/598/556
f 543/543/505 598/598/556 656/656/611
f 543/543/505 656/656/611 599/599/557
f 544/544/506 599/599/557 657/657/612
f 544/544/506 657/657/612 600/600/558
f 545/545/507 600/600/558 658/658/613
f 545/545/507 658/658/613 601/601/559
f 602/602/560 546/546/508 601/601/559
f 602/602/560 601/601/559 659/659/614
f 603/603/561 547/547/509 602/602/560
f 603/603/561 602/602/560 660/660/615
f 548/548/510 603/603/561 661/661/616
f 548/548/510 661/661/616 604/604/562
f 605/605/511 662/662/562 663/663/617
f 605/605/511 663/663/617 606/606/563
f 551/551/512 606/606/563 664/664/618
f 551/551/512 664/664/618 607/607/564
f 607/607/564 665/665/619 608/608/565
f 607/607/564 608/608/565 552/552/513
f 553/553/514 608/608/565 666/666/620
f 553/553/514 666/666/620 609/609/566
f 609/609/566 667/667/621 610/610/567
f 609/609/566 610/610/567 554/554/515
f 610/610/567 668/668/622 611/611/568
f 610/610/567 611/611/568 555/555/516
f 612/612/569 611/611/568 669/669/623
f 612/612/569 669/669/623 670/670/624
f 557/557/518 612/612/569 670/670/624
f 557/557/518 670/670/624 613/613/570
f 613/613/570 671/671/625 672/672/572
f 613/613/570 672/672/572 614/614/571
f 615/615/572 673/673/626 616/616/573
f 615/615/572 616/616/573 560/560/520
f 561/561/521 616/616/573 674/674/627
f 561/561/521 674/674/627 617/617/574
f 617/617/574 675/675/628 618/618/575
f 617/617/574 618/618/575 562/562/522
f 619/619/576 563/563/523 618/618/575
f 619/619/576 618/618/575 676/676/629
f 619/619/576 677/677/630 620/620/577
f 619/619/576 620/620/577 564/564/524
f 565/565/525 620/620/577 678/678/631
f 565/565/525 678/678/631 621/621/578
f 566/566/526 621/621/578 679/679/632
f 566/566/526 679/679/632 622/622/579
f 680/680/633 623/623/580 567/567/527
f 680/680/633 567/567/527 622/622/579
f 681/681/634 624/624/581 568/568/528
f 681/681/634 568/568/528 623/623/580
f 569/569/529 624/624/581 682/682/635
f 569/569/529 682/682/635 625/625/582
f 626/626/530 625/625/582 683/683/636
f 626/626/530 683/683/636 684/684/583
f 627/627/583 685/685/637 628/628/584
f 627/627/583 628/628/584 572/572/531
f 628/628/584 686/686/638 687/687/639
f 628/628/584 687/687/639 629/629/585
f 573/573/532 629/629/585 688/688/640
f 573/573/532 688/688/640 630/630/586
f 574/574/533 630/630/586 689/689/641
f 574/574/533 689/689/641 631/631/587
f 575/575/534 631/631/587 690/690/642
f 575/575/534 690/690/642 632/632/588
f 576/576/535 632/632/588 691/691/643
f 576/576/535 691/691/643 633/633/589
f 692/692/644 634/634/590 577/577/536
f 692/692/644 577/577/536 633/633/589
f 635/635/591 578/578/537 634/634/590
f 635/635/591 634/634/590 693/693/645
f 636/636/592 579/579/538 635/635/591
f 636/636/592 635/635/591 694/694/646
f 637/637/593 580/580/539 636/636/592
f 637/637/593 636/636/592 695/695/647
f 696/696/648 638/638/594 581/581/540
f 696/696/648 581/581/540 637/637/593
f 582/582/541 638/638/594 697/697/649
f 582/582/541 697/697/649 639/639/595
f 583/583/542 639/639/595 698/698/650
f 583/583/542 698/698/650 640/640/596
f 640/640/596 699/699/651 641/641/597
f 640/640/596 641/641/597 584/584/543
f 642/642/598 585/585/544 641/641/597
f 642/642/598 641/641/597 700/700/652
f 643/643/599 586/586/545 642/642/598
f 643/643/599 642/642/598 701/701/653
f 643/643/599 702/702/654 644/644/600
f 643/643/599 644/644/600 587/587/546
f 645/645/601 588/588/547 644/644/600
f 645/645/601 644/644/600 703/703/655
f 646/646/602 589/589/548 645/645/601
f 646/646/602 645/645/601 704/704/656
f 647/647/603 590/590/549 646/646/602
f 647/647/603 646/646/602 705/705/657
f 648/648/604 647/647/603 706/706/658
f 648/648/604 706/706/658 707/707/659
f 649/649/604 708/708/659 709/709/660
f 649/649/604 709/709/660 650/650/605
f 593/593/551 650/650/605 710/710/661
f 593/593/551 710/710/661 651/651/606
f 594/594/552 651/651/606 711/711/662
f 594/594/552 711/711/662 652/652/607
f 595/595/553 652/652/607 712/712/663
f 595/595/553 712/712/663 653/653/608
f 596/596/554 653/653/608 713/713/664
f 596/596/554 713/713/664 654/654/609
f 597/597/555 654/654/609 714/714/665
f 597/597/555 714/714/665 655/655/610
f 598/598/556 655/655/610 715/715/666
f 598/598/556 715/715/666 656/656/611
f 599/599/557 656/656/611 716/716/667
f 599/599/557 716/716/667 657/657/612
f 658/658/613 600/600/558 657/657/612
f 658/658/613 657/657/612 717/717/668
f 601/601/559 658/658/613 718/718/669
f 601/601/559 718/718/669 659/659/614
f 602/602/560 659/659/614 719/719/670
f 602/602/560 719/719/670 660/660/615
f 603/603/561 660/660/615 720/720/671
f 603/603/561 720/720/671 661/661/616
f 662/662/562 721/721/616 722/722/672
f 662/662/562 722/722/672 663/663/617
f 606/606/563 663/663/617 723/723/673
f 606/606/563 723/723/673 664/664/618
f 607/607/564 664/664/618 724/724/674
f 607/607/564 724/724/674 665/665/619
f 665/665/619 725/725/675 666/666/620
f 665/665/619 666/666/620 608/608/565
f 609/609/566 666/666/620 726/726/676
f 609/609/566 726/726/676 667/667/621
f 610/610/567 667/667/621 727/727/677
f 610/610/567 727/727/677 668/668/622
f 611/611/568 668/668/622 728/728/678
f 611/611/568 728/728/678 669/669/623
f 670/670/624 669/669/623 729/729/679
f 670/670/624 729/729/679 730/730/680
f 670/670/624 730/730/680 671/671/625
f 670/670/624 671/671/625 613/613/570
f 672/672/572 671/671/625 731/731/681
f 672/672/572 731/731/681 732/732/626
f 616/616/573 673/673/626 733/733/682
f 616/616/573 733/733/682 674/674/627
f 674/674/627 734/734/683 675/675/628
f 674/674/627 675/675/628 617/617/574
f 675/675/628 735/735/684 676/676/629
f 675/675/628 676/676/629 618/618/575
f 619/619/576 676/676/629 736/736/685
f 619/619/576 736/736/685 677/677/630
f 620/620/577 677/677/630 737/737/686
f 620/620/577 737/737/686 678/678/631
f 621/621/578 678/678/631 738/738/687
f 621/621/578 738/738/687 679/679/632
f 680/680/633 622/622/579 679/679/632
f 680/680/633 679/679/632 739/739/688
f 680/680/633 740/740/689 681/681/634
f 680/680/633 681/681/634 623/623/580
f 681/681/634 741/741/690 682/682/635
f 681/681/634 682/682/635 624/624/581
f 742/742/691 683/683/636 625/625/582
f 742/742/691 625/625/582 682/682/635
f 684/684/583 683/683/636 743/743/692
f 684/684/583 743/743/692 744/744/637
f 628/628/584 685/685/637 745/745/693
f 628/628/584 745/745/693 686/686/638
f 686/686/638 746/746/694 747/747/695
f 686/686/638 747/747/695 687/687/639
f 629/629/585 687/687/639 748/748/696
f 629/629/585 748/748/696 688/688/640
f 689/689/641 630/630/586 688/688/640
f 689/689/641 688/688/640 749/749/697
f 631/631/587 689/689/641 750/750/698
f 631/631/587 750/750/698 690/690/642
f 690/690/642 751/751/699 691/691/643
f 690/690/642 691/691/643 632/632/588
f 692/692/644 633/633/589 691/691/643
f 692/692/644 691/691/643 752/752/700
f 693/693/645 634/634/590 692/692/644
f 693/693/645 692/692/644 753/753/701
f 635/635/591 693/693/645 754/754/702
f 635/635/591 754/754/702 694/694/646
f 636/636/592 694/694/646 755/755/703
f 636/636/592 755/755/703 695/695/647
f 696/696/648 637/637/593 695/695/647
f 696/696/648 695/695/647 756/756/704
f 696/696/648 757/757/705 697/697/649
f 696/696/648 697/697/649 638/638/594
f 639/639/595 697/697/649 758/758/706
f 639/639/595 758/758/706 698/698/650
f 640/640/596 698/698/650 759/759/707
f 640/640/596 759/759/707 699/699/651
f 700/700/652 641/641/597 699/699/651
f 700/700/652 699/699/651 760/760/708
f 642/642/598 700/700/652 761/761/709
f 642/642/598 761/761/709 701/701/653
f 643/643/599 701/701/653 762/762/710
f 643/643/599 762/762/710 702/702/654
f 763/763/711 703/703/655 644/644/600
f 763/763/711 644/644/600 702/702/654
f 645/645/601 703/703/655 764/764/712
f 645/645/601 764/764/712 704/704/656
f 705/705/657 646/646/602 704/704/656
f 705/705/657 704/704/656 765/765/713
f 647/647/603 705/705/657 766/766/714
f 647/647/603 766/766/714 706/706/658
f 707/707/659 706/706/658 767/767/715
f 707/707/659 767/767/715 768/768/716
f 708/708/659 769/769/716 770/770/717
f 708/708/659 770/770/717 709/709/660
f 709/709/660 771/771/718 710/710/661
f 709/709/660 710/710/661 650/650/605
f 710/710/661 772/772/719 711/711/662
f 710/710/661 711/711/662 651/651/606
f 712/712/663 652/652/607 711/711/662
f 712/712/663 711/711/662 773/773/720
f 653/653/608 712/712/663 774/774/721
f 653/653/608 774/774/721 713/713/664
f 714/714/665 654/654/609 713/713/664
f 714/714/665 713/713/664 775/775/722
f 655/655/610 714/714/665 776/776/723
f 655/655/610 776/776/723 715/715/666
f 656/656/611 715/715/666 777/777/724
f 656/656/611 777/777/724 716/716/667
f 657/657/612 716/716/667 778/778/725
f 657/657/612 778/778/725 717/717/668
f 658/658/613 717/717/668 779/779/726
f 658/658/613 779/779/726 718/718/669
f 718/718/669 780/780/727 719/719/670
f 718/718/669 719/719/670 659/659/614
f 660/660/615 719/719/670 781/781/728
f 660/660/615 781/781/728 720/720/671
f 721/721/616 782/782/671 783/783/729
f 721/721/616 783/783/729 722/722/672
f 663/663/617 722/722/672 784/784/730
f 663/663/617 784/784/730 723/723/673
f 723/723/673 785/785/731 724/724/674
f 723/723/673 724/724/674 664/664/618
f 724/724/674 786/786/732 725/725/675
f 724/724/674 725/725/675 665/665/619
f 725/725/675 787/787/733 726/726/676
f 725/725/675 726/726/676 666/666/620
f 726/726/676 788/788/734 727/727/677
f 726/726/676 727/727/677 667/667/621
f 728/728/678 668/668/622 727/727/677
f 728/728/678 727/727/677 789/789/735
f 728/728/678 790/790/736 729/729/679
f 728/728/678 729/729/679 669/669/623
f 730/730/680 729/729/679 791/791/737
f 730/730/680 791/791/737 792/792/738
f 671/671/625 730/730/680 792/792/738
f 671/671/625 792/792/738 731/731/681
f 731/731/681 793/793/739 794/794/740
f 731/731/681 794/794/740 732/732/626
f 674/674/627 733/733/682 795/795/741
f 674/674/627 795/795/741 734/734/683
f 675/675/628 734/734/683 796/796/742
f 675/675/628 796/796/742 735/735/684
f 676/676/629 735/735/684 797/797/743
f 676/676/629 797/797/743 736/736/685
f 798/798/744 737/737/686 677/677/630
f 798/798/744 677/677/630 736/736/685
f 738/738/687 678/678/631 737/737/686
f 738/738/687 737/737/686 799/799/745
f 738/738/687 800/800/746 739/739/688
f 738/738/687 739/739/688 679/679/632
f 680/680/633 739/739/688 801/801/747
f 680/680/633 801/801/747 740/740/689
f 740/740/689 802/802/748 741/741/690
f 740/740/689 741/741/690 681/681/634
f 741/741/690 803/803/749 742/742/691
f 741/741/690 742/742/691 682/682/635
f 742/742/691 804/804/750 743/743/692
f 742/742/691 743/743/692 683/683/636
f 744/744/637 743/743/692 805/805/751
f 744/744/637 805/805/751 806/806/693
f 686/686/638 745/745/693 807/807/752
f 686/686/638 807/807/752 746/746/694
f 747/747/695 746/746/694 808/808/753
f 747/747/695 808/808/753 809/809/754
f 748/748/696 687/687/639 747/747/695
f 748/748/696 747/747/695 810/810/755
f 749/749/697 688/688/640 748/748/696
f 749/749/697 748/748/696 811/811/756
f 689/689/641 749/749/697 812/812/757
f 689/689/641 812/812/757 750/750/698
f 750/750/698 813/813/758 751/751/699
f 750/750/698 751/751/699 690/690/642
f 814/814/759 752/752/700 691/691/643
f 814/814/759 691/691/643 751/751/699
f 692/692/644 752/752/700 815/815/760
f 692/692/644 815/815/760 753/753/701
f 693/693/645 753/753/701 816/816/761
f 693/693/645 816/816/761 754/754/702
f 755/755/703 694/694/646 754/754/702
f 755/755/703 754/754/702 817/817/395
f 756/756/704 695/695/647 755/755/703
f 756/756/704 755/755/703 818/818/762
f 696/696/648 756/756/704 819/819/763
f 696/696/648 819/819/763 757/757/705
f 697/697/649 757/757/705 820/820/764
f 697/697/649 820/820/764 758/758/706
f 759/759/707 698/698/650 758/758/706
f 759/759/707 758/758/706 821/821/765
f 760/760/708 699/699/651 759/759/707
f 760/760/708 759/759/707 822/822/766
f 700/700/652 760/760/708 823/823/767
f 700/700/652 823/823/767 761/761/709
f 701/701/653 761/761/709 824/824/768
f 701/701/653 824/824/768 762/762/710
f 763/763/711 702/702/654 762/762/710
f 763/763/711 762/762/710 825/825/769
f 763/763/711 826/826/770 764/764/712
f 763/763/711 764/764/712 703/703/655
f 704/704/656 764/764/712 827/827/771
f 704/704/656 827/827/771 765/765/713
f 705/705/657 765/765/713 828/828/772
f 705/705/657 828/828/772 766/766/714
f 706/706/658 766/766/714 829/829/773
f 706/706/658 829/829/773 767/767/715
f 768/768/716 767/767/715 830/830/774
f 768/768/716 830/830/774 831/831/775
f 769/769/716 832/832/775 833/833/776
f 769/769/716 833/833/776 770/770/717
f 709/709/660 770/770/717 834/834/777
f 709/709/660 834/834/777 771/771/718
f 710/710/661 771/771/718 835/835/778
f 710/710/661 835/835/778 772/772/719
f 773/773/720 711/711/662 772/772/719
f 773/773/720 772/772/719 836/836/779
f 712/712/663 773/773/720 837/837/780
f 712/712/663 837/837/780 774/774/721
f 713/713/664 774/774/721 838/838/781
f 713/713/664 838/838/781 775/775/722
f 714/714/665 775/775/722 839/839/782
f 714/714/665 839/839/782 776/776/723
f 777/777/724 715/715/666 776/776/723
f 777/777/724 776/776/723 840/840/783
f 716/716/667 777/777/724 841/841/784
f 716/716/667 841/841/784 778/778/725
f 717/717/668 778/778/725 842/842/785
f 717/717/668 842/842/785 779/779/726
f 718/718/669 779/779/726 843/843/786
f 718/718/669 843/843/786 780/780/727
f 719/719/670 780/780/727 844/844/787
f 719/719/670 844/844/787 781/781/728
f 782/782/671 845/845/728 846/846/788
f 782/782/671 846/846/788 783/783/729
f 722/722/672 783/783/729 847/847/789
f 722/722/672 847/847/789 784/784/730
f 784/784/730 848/848/790 785/785/731
f 784/784/730 785/785/731 723/723/673
f 724/724/674 785/785/731 849/849/791
f 724/724/674 849/849/791 786/786/732
f 725/725/675 786/786/732 850/850/792
f 725/725/675 850/850/792 787/787/733
f 787/787/733 851/851/793 788/788/734
f 787/787/733 788/788/734 726/726/676
f 852/852/794 789/789/735 727/727/677
f 852/852/794 727/727/677 788/788/734
f 728/728/678 789/789/735 853/853/795
f 728/728/678 853/853/795 790/790/736
f 790/790/736 854/854/796 791/791/737
f 790/790/736 791/791/737 729/729/679
f 792/792/738 791/791/737 855/855/797
f 792/792/738 855/855/797 856/856/798
f 792/792/738 856/856/798 793/793/739
f 792/792/738 793/793/739 731/731/681
f 793/793/739 857/857/799 858/858/800
f 793/793/739 858/858/800 794/794/740
f 734/734/683 795/795/741 859/859/801
f 734/734/683 859/859/801 796/796/742
f 796/796/742 860/860/802 797/797/743
f 796/796/742 797/797/743 735/735/684
f 797/797/743 861/861/803 798/798/744
f 797/797/743 798/798/744 736/736/685
f 798/798/744 862/862/804 799/799/745
f 798/798/744 799/799/745 737/737/686
f 738/738/687 799/799/745 863/863/805
f 738/738/687 863/863/805 800/800/746
f 739/739/688 800/800/746 864/864/806
f 739/739/688 864/864/806 801/801/747
f 740/740/689 801/801/747 865/865/807
f 740/740/689 865/865/807 802/802/748
f 741/741/690 802/802/748 866/866/808
f 741/741/690 866/866/808 803/803/749
f 742/742/691 803/803/749 867/867/809
f 742/742/691 867/867/809 804/804/750
f 804/804/750 868/868/810 805/805/751
f 804/804/750 805/805/751 743/743/692
f 806/806/693 805/805/751 869/869/811
f 806/806/693 869/869/811 870/870/752
f 746/746/694 807/807/752 871/871/812
f 746/746/694 871/871/812 808/808/753
f 809/809/754 808/808/753 872/872/813
f 809/809/754 872/872/813 873/873/814
f 747/747/695 809/809/754 874/874/815
f 747/747/695 874/874/815 810/810/755
f 748/748/696 810/810/755 875/875/816
f 748/748/696 875/875/816 811/811/756
f 749/749/697 811/811/756 876/876/817
f 749/749/697 876/876/817 812/812/757
f 750/750/698 812/812/757 877/877/818
f 750/750/698 877/877/818 813/813/758
f 814/814/759 751/751/699 813/813/758
f 814/814/759 813/813/758 878/878/819
f 815/815/760 752/752/700 814/814/759
f 815/815/760 814/814/759 879/879/820
f 816/816/761 753/753/701 815/815/760
f 816/816/761 815/815/760 880/880/821
f 881/881/822 817/817/395 754/754/702
f 881/881/822 754/754/702 816/816/761
f 755/755/703 817/817/395 882/882/823
f 755/755/703 882/882/823 818/818/762
f 756/756/704 818/818/762 883/883/824
f 756/756/704 883/883/824 819/819/763
f 884/884/825 820/820/764 757/757/705
f 884/884/825 757/757/705 819/819/763
f 885/885/826 821/821/765 758/758/706
f 885/885/826 758/758/706 820/820/764
f 759/759/707 821/821/765 886/886/827
f 759/759/707 886/886/827 822/822/766
f 823/823/767 760/760/708 822/822/766
f 823/823/767 822/822/766 887/887/828
f 824/824/768 761/761/709 823/823/767
f 824/824/768 823/823/767 888/888/829
f 762/762/710 824/824/768 889/889/830
f 762/762/710 889/889/830 825/825/769
f 763/763/711 825/825/769 890/890/831
f 763/763/711 890/890/831 826/826/770
f 891/891/832 827/827/771 764/764/712
f 891/891/832 764/764/712 826/826/770
f 892/892/833 828/828/772 765/765/713
f 892/892/833 765/765/713 827/827/771
f 893/893/834 829/829/773 766/766/714
f 893/893/834 766/766/714 828/828/772
f 830/830/774 767/767/715 829/829/773
f 830/830/774 829/829/773 894/894/835
f 831/831/775 830/830/774 895/895/836
f 831/831/775 895/895/836 896/896/837
f 832/832/775 897/897/838 10/10/10
f 832/832/775 10/10/10 833/833/776
f 770/770/717 833/833/776 898/898/839
f 770/770/717 898/898/839 834/834/777
f 771/771/718 834/834/777 899/899/840
f 771/771/718 899/899/840 835/835/778
f 836/836/779 772/772/719 835/835/778
f 836/836/779 835/835/778 900/900/841
f 773/773/720 836/836/779 901/901/842
f 773/773/720 901/901/842 837/837/780
f 838/838/781 774/774/721 837/837/780
f 838/838/781 837/837/780 902/902/843
f 775/775/722 838/838/781 903/903/844
f 775/775/722 903/903/844 839/839/782
f 776/776/723 839/839/782 904/904/845
f 776/776/723 904/904/845 840/840/783
f 777/777/724 840/840/783 905/905/846
f 777/777/724 905/905/846 841/841/784
f 778/778/725 841/841/784 906/906/847
f 778/778/725 906/906/847 842/842/785
f 779/779/726 842/842/785 907/907/848
f 779/779/726 907/907/848 843/843/786
f 843/843/786 908/908/849 844/844/787
f 843/843/786 844/844/787 780/780/727
f 845/845/728 909/909/787 910/910/850
f 845/845/728 910/910/850 846/846/788
f 783/783/729 846/846/788 911/911/851
f 783/783/729 911/911/851 847/847/789
f 784/784/730 847/847/789 912/912/852
f 784/784/730 912/912/852 848/848/790
f 848/848/790 913/913/853 849/849/791
f 848/848/790 849/849/791 785/785/731
f 849/849/791 914/914/854 850/850/792
f 849/849/791 850/850/792 786/786/732
f 850/850/792 915/915/855 851/851/793
f 850/850/792 851/851/793 787/787/733
f 852/852/794 788/788/734 851/851/793
f 852/852/794 851/851/793 916/916/856
f 852/852/794 917/917/857 853/853/795
f 852/852/794 853/853/795 789/789/735
f 790/790/736 853/853/795 918/918/858
f 790/790/736 918/918/858 854/854/796
f 919/919/859 855/855/797 791/791/737
f 919/919/859 791/791/737 854/854/796
f 856/856/798 855/855/797 920/920/860
f 856/856/798 920/920/860 921/921/861
f 793/793/739 856/856/798 921/921/861
f 793/793/739 921/921/861 857/857/799
f 858/858/800 857/857/799 922/922/862
f 858/858/800 922/922/862 923/923/801
f 859/859/801 924/924/863 860/860/802
f 859/859/801 860/860/802 796/796/742
f 860/860/802 925/925/864 861/861/803
f 860/860/802 861/861/803 797/797/743
f 798/798/744 861/861/803 926/926/865
f 798/798/744 926/926/865 862/862/804
f 799/799/745 862/862/804 927/927/866
f 799/799/745 927/927/866 863/863/805
f 863/863/805 928/928/867 864/864/806
f 863/863/805 864/864/806 800/800/746
f 864/864/806 929/929/868 865/865/807
f 864/864/806 865/865/807 801/801/747
f 802/802/748 865/865/807 930/930/869
f 802/802/748 930/930/869 866/866/808
f 867/867/809 803/803/749 866/866/808
f 867/867/809 866/866/808 931/931/870
f 867/867/809 932/932/871 868/868/810
f 867/867/809 868/868/810 804/804/750
f 805/805/751 868/868/810 933/933/872
f 805/805/751 933/933/872 869/869/811
f 869/869/811 934/934/873 935/935/812
f 869/869/811 935/935/812 870/870/752
f 871/871/812 936/936/874 872/872/813
f 871/871/812 872/872/813 808/808/753
f 872/872/813 937/937/875 938/938/876
f 872/872/813 938/938/876 873/873/814
f 809/809/754 873/873/814 939/939/877
f 809/809/754 939/939/877 874/874/815
f 810/810/755 874/874/815 940/940/878
f 810/810/755 940/940/878 875/875/816
f 876/876/817 811/811/756 875/875/816
f 876/876/817 875/875/816 941/941/879
f 876/876/817 942/942/880 877/877/818
f 876/876/817 877/877/818 812/812/757
f 943/943/881 878/878/819 813/813/758
f 943/943/881 813/813/758 877/877/818
f 814/814/759 878/878/819 944/944/882
f 814/814/759 944/944/882 879/879/820
f 815/815/760 879/879/820 945/945/883
f 815/815/760 945/945/883 880/880/821
f 881/881/822 816/816/761 880/880/821
f 881/881/822 880/880/821 946/946/884
f 882/882/823 817/817/395 881/881/822
f 882/882/823 881/881/822 947/947/885
f 883/883/824 818/818/762 882/882/823
f 883/883/824 882/882/823 948/948/886
f 884/884/825 819/819/763 883/883/824
f 884/884/825 883/883/824 949/949/887
f 885/885/826 820/820/764 884/884/825
f 885/885/826 884/884/825 950/950/888
f 886/886/827 821/821/765 885/885/826
f 886/886/827 885/885/826 951/951/889
f 887/887/828 822/822/766 886/886/827
f 887/887/828 886/886/827 952/952/890
f 823/823/767 887/887/828 953/953/891
f 823/823/767 953/953/891 888/888/829
f 824/824/768 888/888/829 954/954/892
f 824/824/768 954/954/892 889/889/830
f 890/890/831 825/825/769 889/889/830
f 890/890/831 889/889/830 955/955/893
f 956/956/894 891/891/832 826/826/770
f 956/956/894 826/826/770 890/890/831
f 892/892/833 827/827/771 891/891/832
f 892/892/833 891/891/832 957/957/895
f 893/893/834 828/828/772 892/892/833
f 893/893/834 892/892/833 958/958/896
f 894/894/835 829/829/773 893/893/834
f 894/894/835 893/893/834 959/959/897
f 830/830/774 894/894/835 960/960/898
f 830/830/774 960/960/898 895/895/836
f 896/896/837 895/895/836 961/961/899
f 896/896/837 961/961/899 962/962/900
f 897/897/838 963/963/901 11/11/11
f 897/897/838 11/11/11 10/10/10
f 10/10/10 12/12/12 898/898/839
f 10/10/10 898/898/839 833/833/776
f 899/899/840 834/834/777 898/898/839
f 899/899/840 898/898/839 964/964/902
f 835/835/778 899/899/840 965/965/903
f 835/835/778 965/965/903 900/900/841
f 901/901/842 836/836/779 900/900/841
f 901/901/842 900/900/841 966/966/904
f 901/901/842 967/967/905 902/902/843
f 901/901/842 902/902/843 837/837/780
f 838/838/781 902/902/843 968/968/906
f 838/838/781 968/968/906 903/903/844
f 839/839/782 903/903/844 969/969/907
f 839/839/782 969/969/907 904/904/845
f 840/840/783 904/904/845 970/970/908
f 840/840/783 970/970/908 905/905/846
f 841/841/784 905/905/846 971/971/909
f 841/841/784 971/971/909 906/906/847
f 906/906/847 972/972/910 907/907/848
f 906/906/847 907/907/848 842/842/785
f 843/843/786 907/907/848 973/973/911
f 843/843/786 973/973/911 908/908/849
f 909/909/787 974/974/849 975/975/912
f 909/909/787 975/975/912 910/910/850
f 846/846/788 910/910/850 976/976/913
f 846/846/788 976/976/913 911/911/851
f 911/911/851 977/977/914 912/912/852
f 911/911/851 912/912/852 847/847/789
f 848/848/790 912/912/852 978/978/915
f 848/848/790 978/978/915 913/913/853
f 849/849/791 913/913/853 979/979/916
f 849/849/791 979/979/916 914/914/854
f 850/850/792 914/914/854 980/980/917
f 850/850/792 980/980/917 915/915/855
f 916/916/856 851/851/793 915/915/855
f 916/916/856 915/915/855 981/981/918
f 852/852/794 916/916/856 982/982/919
f 852/852/794 982/982/919 917/917/857
f 983/983/920 918/918/858 853/853/795
f 983/983/920 853/853/795 917/917/857
f 919/919/859 854/854/796 918/918/858
f 919/919/859 918/918/858 984/984/921
f 919/919/859 985/985/922 920/920/860
f 919/919/859 920/920/860 855/855/797
f 921/921/861 920/920/860 986/986/923
f 921/921/861 986/986/923 987/987/924
f 857/857/799 921/921/861 987/987/924
f 857/857/799 987/987/924 922/922/862
f 923/923/801 922/922/862 988/988/925
f 923/923/801 988/988/925 989/989/926
f 860/860/802 924/924/863 990/990/927
f 860/860/802 990/990/927 925/925/864
f 925/925/864 991/991/928 926/926/865
f 925/925/864 926/926/865 861/861/803
f 927/927/866 862/862/804 926/926/865
f 927/927/866 926/926/865 992/992/929
f 863/863/805 927/927/866 993/993/930
f 863/863/805 993/993/930 928/928/867
f 928/928/867 994/994/931 929/929/868
f 928/928/867 929/929/868 864/864/806
f 929/929/868 995/995/932 930/930/869
f 929/929/868 930/930/869 865/865/807
f 866/866/808 930/930/869 996/996/933
f 866/866/808 996/996/933 931/931/870
f 867/867/809 931/931/870 997/997/934
f 867/867/809 997/997/934 932/932/871
f 868/868/810 932/932/871 998/998/935
f 868/868/810 998/998/935 933/933/872
f 869/869/811 933/933/872 999/999/936
f 869/869/811 999/999/936 934/934/873
f 934/934/873 1000/1000/937 1001/1001/938
f 934/934/873 1001/1001/938 935/935/812
f 936/936/874 1002/1002/939 937/937/875
f 936/936/874 937/937/875 872/872/813
f 937/937/875 1003/1003/940 1004/1004/941
f 937/937/875 1004/1004/941 938/938/876
f 938/938/876 1005/1005/942 939/939/877
f 938/938/876 939/939/877 873/873/814
f 874/874/815 939/939/877 1006/1006/943
f 874/874/815 1006/1006/943 940/940/878
f 875/875/816 940/940/878 1007/1007/944
f 875/875/816 1007/1007/944 941/941/879
f 876/876/817 941/941/879 1008/1008/945
f 876/876/817 1008/1008/945 942/942/880
f 943/943/881 877/877/818 942/942/880
f 943/943/881 942/942/880 1009/1009/946
f 943/943/881 1010/1010/947 944/944/882
f 943/943/881 944/944/882 878/878/819
f 945/945/883 879/879/820 944/944/882
f 945/945/883 944/944/882 1011/1011/948
f 946/946/884 880/880/821 945/945/883
f 946/946/884 945/945/883 1012/1012/949
f 881/881/822 946/946/884 1013/1013/950
f 881/881/822 1013/1013/950 947/947/885
f 882/882/823 947/947/885 1014/1014/951
f 882/882/823 1014/1014/951 948/948/886
f 883/883/824 948/948/886 1015/1015/952
f 883/883/824 1015/1015/952 949/949/887
f 884/884/825 949/949/887 1016/1016/953
f 884/884/825 1016/1016/953 950/950/888
f 951/951/889 885/885/826 950/950/888
f 951/951/889 950/950/888 1017/1017/954
f 886/886/827 951/951/889 1018/1018/955
f 886/886/827 1018/1018/955 952/952/890
f 887/887/828 952/952/890 1019/1019/956
f 887/887/828 1019/1019/956 953/953/891
f 954/954/892 888/888/829 953/953/891
f 954/954/892 953/953/891 1020/1020/957
f 954/954/892 1021/1021/958 955/955/893
f 954/954/892 955/955/893 889/889/830
f 956/956/894 890/890/831 955/955/893
f 956/956/894 955/955/893 1022/1022/959
f 957/957/895 891/891/832 956/956/894
f 957/957/895 956/956/894 1023/1023/960
f 892/892/833 957/957/895 1024/1024/961
f 892/892/833 1024/1024/961 958/958/896
f 893/893/834 958/958/896 1025/1025/962
f 893/893/834 1025/1025/962 959/959/897
f 894/894/835 959/959/897 1026/1026/963
f 894/894/835 1026/1026/963 960/960/898
f 961/961/899 895/895/836 960/960/898
f 961/961/899 960/960/898 1027/1027/964
f 962/962/900 961/961/899 1028/1028/965
f 962/962/900 1028/1028/965 1029/1029/966
f 963/963/901 1030/1030/967 1031/1031/968
f 963/963/901 1031/1031/968 11/11/11
f 964/964/902 898/898/839 12/12/12
f 964/964/902 12/12/12 1032/1032/969
f 899/899/840 964/964/902 1033/1033/970
f 899/899/840 1033/1033/970 965/965/903
f 900/900/841 965/965/903 1034/1034/971
f 900/900/841 1034/1034/971 966/966/904
f 901/901/842 966/966/904 1035/1035/972
f 901/901/842 1035/1035/972 967/967/905
f 968/968/906 902/902/843 967/967/905
f 968/968/906 967/967/905 1036/1036/973
f 903/903/844 968/968/906 1037/1037/974
f 903/903/844 1037/1037/974 969/969/907
f 904/904/845 969/969/907 1038/1038/975
f 904/904/845 1038/1038/975 970/970/908
f 905/905/846 970/970/908 1039/1039/976
f 905/905/846 1039/1039/976 971/971/909
f 906/906/847 971/971/909 1040/1040/977
f 906/906/847 1040/1040/977 972/972/910
f 907/907/848 972/972/910 1041/1041/978
f 907/907/848 1041/1041/978 973/973/911
f 974/974/849 1042/1042/911 1043/1043/979
f 974/974/849 1043/1043/979 975/975/912
f 910/910/850 975/975/912 1044/1044/980
f 910/910/850 1044/1044/980 976/976/913
f 976/976/913 1045/1045/981 977/977/914
f 976/976/913 977/977/914 911/911/851
f 912/912/852 977/977/914 1046/1046/982
f 912/912/852 1046/1046/982 978/978/915
f 979/979/916 913/913/853 978/978/915
f 979/979/916 978/978/915 1047/1047/983
f 979/979/916 1048/1048/984 980/980/917
f 979/979/916 980/980/917 914/914/854
f 980/980/917 1049/1049/985 981/981/918
f 980/980/917 981/981/918 915/915/855
f 1050/1050/986 982/982/919 916/916/856
f 1050/1050/986 916/916/856 981/981/918
f 983/983/920 917/917/857 982/982/919
f 983/983/920 982/982/919 1051/1051/987
f 984/984/921 918/918/858 983/983/920
f 984/984/921 983/983/920 1052/1052/988
f 919/919/859 984/984/921 1053/1053/989
f 919/919/859 1053/1053/989 985/985/922
f 985/985/922 1054/1054/990 986/986/923
f 985/985/922 986/986/923 920/920/860
f 987/987/924 986/986/923 1055/1055/991
f 987/987/924 1055/1055/991 1056/1056/992
f 987/987/924 1056/1056/992 988/988/925
f 987/987/924 988/988/925 922/922/862
f 988/988/925 1057/1057/993 1058/1058/927
f 988/988/925 1058/1058/927 989/989/926
f 925/925/864 990/990/927 1059/1059/994
f 925/925/864 1059/1059/994 991/991/928
f 1060/1060/995 992/992/929 926/926/865
f 1060/1060/995 926/926/865 991/991/928
f 927/927/866 992/992/929 1061/1061/996
f 927/927/866 1061/1061/996 993/993/930
f 928/928/867 993/993/930 1062/1062/997
f 928/928/867 1062/1062/997 994/994/931
f 929/929/868 994/994/931 1063/1063/998
f 929/929/868 1063/1063/998 995/995/932
f 930/930/869 995/995/932 1064/1064/999
f 930/930/869 1064/1064/999 996/996/933
f 931/931/870 996/996/933 1065/1065/1000
f 931/931/870 1065/1065/1000 997/997/934
f 997/997/934 1066/1066/1001 998/998/935
f 997/997/934 998/998/935 932/932/871
f 933/933/872 998/998/935 1067/1067/1002
f 933/933/872 1067/1067/1002 999/999/936
f 934/934/873 999/999/936 1068/1068/1003
f 934/934/873 1068/1068/1003 1000/1000/937
f 1001/1001/938 1000/1000/937 1069/1069/1004
f 1001/1001/938 1069/1069/1004 1070/1070/939
f 1002/1002/939 1071/1071/1005 1003/1003/940
f 1002/1002/939 1003/1003/940 937/937/875
f 1004/1004/941 1003/1003/940 1072/1072/1006
f 1004/1004/941 1072/1072/1006 1073/1073/1007
f 938/938/876 1004/1004/941 1074/1074/1008
f 938/938/876 1074/1074/1008 1005/1005/942
f 1006/1006/943 939/939/877 1005/1005/942
f 1006/1006/943 1005/1005/942 1075/1075/1009
f 1007/1007/944 940/940/878 1006/1006/943
f 1007/1007/944 1006/1006/943 1076/1076/1010
f 1008/1008/945 941/941/879 1007/1007/944
f 1008/1008/945 1007/1007/944 1077/1077/1011
f 1008/1008/945 1078/1078/1012 1009/1009/946
f 1008/1008/945 1009/1009/946 942/942/880
f 943/943/881 1009/1009/946 1079/1079/1013
f 943/943/881 1079/1079/1013 1010/1010/947
f 1011/1011/948 944/944/882 1010/1010/947
f 1011/1011/948 1010/1010/947 1080/1080/1014
f 1012/1012/949 945/945/883 1011/1011/948
f 1012/1012/949 1011/1011/948 1081/1081/1015
f 946/946/884 1012/1012/949 1082/1082/1016
f 946/946/884 1082/1082/1016 1013/1013/950
f 947/947/885 1013/1013/950 1083/1083/1017
f 947/947/885 1083/1083/1017 1014/1014/951
f 948/948/886 1014/1014/951 1084/1084/1018
f 948/948/886 1084/1084/1018 1015/1015/952
f 949/949/887 1015/1015/952 1085/1085/1019
f 949/949/887 1085/1085/1019 1016/1016/953
f 1017/1017/954 950/950/888 1016/1016/953
f 1017/1017/954 1016/1016/953 1086/1086/1020
f 951/951/889 1017/1017/954 1087/1087/1021
f 951/951/889 1087/1087/1021 1018/1018/955
f 1019/1019/956 952/952/890 1018/1018/955
f 1019/1019/956 1018/1018/955 1088/1088/1022
f 1089/1089/1023 1020/1020/957 953/953/891
f 1089/1089/1023 953/953/891 1019/1019/956
f 954/954/892 1020/1020/957 1090/1090/1024
f 954/954/892 1090/1090/1024 1021/1021/958
f 1022/1022/959 955/955/893 1021/1021/958
f 1022/1022/959 1021/1021/958 1091/1091/1025
f 956/956/894 1022/1022/959 1092/1092/1026
f 956/956/894 1092/1092/1026 1023/1023/960
f 957/957/895 1023/1023/960 1093/1093/1027
f 957/957/895 1093/1093/1027 1024/1024/961
f 1025/1025/962 958/958/896 1024/1024/961
f 1025/1025/962 1024/1024/961 1094/1094/1028
f 1025/1025/962 1095/1095/1029 1026/1026/963
f 1025/1025/962 1026/1026/963 959/959/897
f 1027/1027/964 960/960/898 1026/1026/963
f 1027/1027/964 1026/1026/963 1096/1096/1030
f 1028/1028/965 961/961/899 1027/1027/964
f 1028/1028/965 1027/1027/964 1097/1097/1031
f 1098/1098/1032 1029/1029/966 1028/1028/965
f 1098/1098/1032 1028/1028/965 1099/1099/1033
f 1100/1100/1034 1101/1101/1035 1031/1031/968
f 1100/1100/1034 1031/1031/968 1030/1030/967
f 11/11/11 1031/1031/968 1102/1102/1036
f 11/11/11 1102/1102/1036 1103/1103/1037
f 11/11/11 1103/1103/1037 1032/1032/969
f 11/11/11 1032/1032/969 12/12/12
f 1033/1033/970 964/964/902 1032/1032/969
f 1033/1033/970 1032/1032/969 1104/1104/1038
f 1034/1034/971 965/965/903 1033/1033/970
f 1034/1034/971 1033/1033/970 1105/1105/1039
f 1035/1035/972 966/966/904 1034/1034/971
f 1035/1035/972 1034/1034/971 1106/1106/1040
f 967/967/905 1035/1035/972 1107/1107/1041
f 967/967/905 1107/1107/1041 1036/1036/973
f 968/968/906 1036/1036/973 1108/1108/1042
f 968/968/906 1108/1108/1042 1037/1037/974
f 1037/1037/974 1109/1109/1043 1038/1038/975
f 1037/1037/974 1038/1038/975 969/969/907
f 970/970/908 1038/1038/975 1110/1110/1044
f 970/970/908 1110/1110/1044 1039/1039/976
f 1040/1040/977 971/971/909 1039/1039/976
f 1040/1040/977 1039/1039/976 1111/1111/1045
f 1040/1040/977 1112/1112/1046 1041/1041/978
f 1040/1040/977 1041/1041/978 972/972/910
f 1042/1042/911 1113/1113/978 1114/1114/1047
f 1042/1042/911 1114/1114/1047 1043/1043/979
f 975/975/912 1043/1043/979 1115/1115/1048
f 975/975/912 1115/1115/1048 1044/1044/980
f 1044/1044/980 1116/1116/1049 1045/1045/981
f 1044/1044/980 1045/1045/981 976/976/913
f 1046/1046/982 977/977/914 1045/1045/981
f 1046/1046/982 1045/1045/981 1117/1117/1050
f 1046/1046/982 1118/1118/1051 1047/1047/983
f 1046/1046/982 1047/1047/983 978/978/915
f 979/979/916 1047/1047/983 1119/1119/1052
f 979/979/916 1119/1119/1052 1048/1048/984
f 980/980/917 1048/1048/984 1120/1120/1053
f 980/980/917 1120/1120/1053 1049/1049/985
f 1050/1050/986 981/981/918 1049/1049/985
f 1050/1050/986 1049/1049/985 1121/1121/1054
f 1050/1050/986 1122/1122/1055 1051/1051/987
f 1050/1050/986 1051/1051/987 982/982/919
f 983/983/920 1051/1051/987 1123/1123/1056
f 983/983/920 1123/1123/1056 1052/1052/988
f 1053/1053/989 984/984/921 1052/1052/988
f 1053/1053/989 1052/1052/988 1124/1124/1057
f 985/985/922 1053/1053/989 1125/1125/1058
f 985/985/922 1125/1125/1058 1054/1054/990
f 986/986/923 1054/1054/990 1126/1126/1059
f 986/986/923 1126/1126/1059 1055/1055/991
f 1127/1127/1060 1128/1128/1061 1056/1056/992
f 1127/1127/1060 1056/1056/992 1055/1055/991
f 988/988/925 1056/1056/992 1128/1128/1061
f 988/988/925 1128/1128/1061 1057/1057/993
f 1058/1058/927 1057/1057/993 1129/1129/1062
f 1058/1058/927 1129/1129/1062 1130/1130/1063
f 1059/1059/994 1131/1131/1064 1060/1060/995
f 1059/1059/994 1060/1060/995 991/991/928
f 1132/1132/1065 1061/1061/996 992/992/929
f 1132/1132/1065 992/992/929 1060/1060/995
f 993/993/930 1061/1061/996 1133/1133/1066
f 993/993/930 1133/1133/1066 1062/1062/997
f 1062/1062/997 1134/1134/1067 1063/1063/998
f 1062/1062/997 1063/1063/998 994/994/931
f 995/995/932 1063/1063/998 1135/1135/1068
f 995/995/932 1135/1135/1068 1064/1064/999
f 1065/1065/1000 996/996/933 1064/1064/999
f 1065/1065/1000 1064/1064/999 1136/1136/1069
f 997/997/934 1065/1065/1000 1137/1137/1070
f 997/997/934 1137/1137/1070 1066/1066/1001
f 1067/1067/1002 998/998/935 1066/1066/1001
f 1067/1067/1002 1066/1066/1001 1138/1138/1071
f 999/999/936 1067/1067/1002 1139/1139/1072
f 999/999/936 1139/1139/1072 1068/1068/1003
f 1000/1000/937 1068/1068/1003 1140/1140/1073
f 1000/1000/937 1140/1140/1073 1069/1069/1004
f 1069/1069/1004 1141/1141/1074 1142/1142/1005
f 1069/1069/1004 1142/1142/1005 1070/1070/939
f 1071/1071/1005 1143/1143/1075 1072/1072/1006
f 1071/1071/1005 1072/1072/1006 1003/1003/940
f 1072/1072/1006 1144/1144/1076 1145/1145/1077
f 1072/1072/1006 1145/1145/1077 1073/1073/1007
f 1004/1004/941 1073/1073/1007 1146/1146/1078
f 1004/1004/941 1146/1146/1078 1074/1074/1008
f 1074/1074/1008 1147/1147/1079 1075/1075/1009
f 1074/1074/1008 1075/1075/1009 1005/1005/942
f 1006/1006/943 1075/1075/1009 1148/1148/1080
f 1006/1006/943 1148/1148/1080 1076/1076/1010
f 1007/1007/944 1076/1076/1010 1149/1149/1081
f 1007/1007/944 1149/1149/1081 1077/1077/1011
f 1008/1008/945 1077/1077/1011 1150/1150/1082
f 1008/1008/945 1150/1150/1082 1078/1078/1012
f 1151/1151/1083 1079/1079/1013 1009/1009/946
f 1151/1151/1083 1009/1009/946 1078/1078/1012
f 1152/1152/1084 1080/1080/1014 1010/1010/947
f 1152/1152/1084 1010/1010/947 1079/1079/1013
f 1153/1153/1085 1081/1081/1015 1011/1011/948
f 1153/1153/1085 1011/1011/948 1080/1080/1014
f 1012/1012/949 1081/1081/1015 1154/1154/1086
f 1012/1012/949 1154/1154/1086 1082/1082/1016
f 1083/1083/1017 1013/1013/950 1082/1082/1016
f 1083/1083/1017 1082/1082/1016 1155/1155/1087
f 1084/1084/1018 1014/1014/951 1083/1083/1017
f 1084/1084/1018 1083/1083/1017 1156/1156/1088
f 1085/1085/1019 1015/1015/952 1084/1084/1018
f 1085/1085/1019 1084/1084/1018 1157/1157/1089
f 1086/1086/1020 1016/1016/953 1085/1085/1019
f 1086/1086/1020 1085/1085/1019 1158/1158/1090
f 1017/1017/954 1086/1086/1020 1159/1159/1091
f 1017/1017/954 1159/1159/1091 1087/1087/1021
f 1088/1088/1022 1018/1018/955 1087/1087/1021
f 1088/1088/1022 1087/1087/1021 1160/1160/1092
f 1089/1089/1023 1019/1019/956 1088/1088/1022
f 1089/1089/1023 1088/1088/1022 1161/1161/1093
f 1162/1162/1094 1090/1090/1024 1020/1020/957
f 1162/1162/1094 1020/1020/957 1089/1089/1023
f 1021/1021/958 1090/1090/1024 1163/1163/1095
f 1021/1021/958 1163/1163/1095 1091/1091/1025
f 1022/1022/959 1091/1091/1025 1164/1164/1096
f 1022/1022/959 1164/1164/1096 1092/1092/1026
f 1093/1093/1027 1023/1023/960 1092/1092/1026
f 1093/1093/1027 1092/1092/1026 1165/1165/1097
f 1093/1093/1027 1166/1166/1098 1094/1094/1028
f 1093/1093/1027 1094/1094/1028 1024/1024/961
f 1025/1025/962 1094/1094/1028 1167/1167/1099
f 1025/1025/962 1167/1167/1099 1095/1095/1029
f 1095/1095/1029 1168/1168/1100 1096/1096/1030
f 1095/1095/1029 1096/1096/1030 1026/1026/963
f 1027/1027/964 1096/1096/1030 1169/1169/1101
f 1027/1027/964 1169/1169/1101 1097/1097/1031
f 1099/1099/1033 1028/1028/965 1097/1097/1031
f 1099/1099/1033 1097/1097/1031 1170/1170/1102
f 1098/1098/1032 1099/1099/1033 1171/1171/1103
f 1098/1098/1032 1171/1171/1103 1172/1172/1104
f 1100/1100/1034 1173/1173/1104 1174/1174/1105
f 1100/1100/1034 1174/1174/1105 1101/1101/1035
f 1031/1031/968 1101/1101/1035 1175/1175/1106
f 1031/1031/968 1175/1175/1106 1102/1102/1036
f 1176/1176/1107 1103/1103/1037 1102/1102/1036
f 1176/1176/1107 1102/1102/1036 1177/1177/1108
f 1032/1032/969 1103/1103/1037 1176/1176/1107
f 1032/1032/969 1176/1176/1107 1104/1104/1038
f 1033/1033/970 1104/1104/1038 1178/1178/1109
f 1033/1033/970 1178/1178/1109 1105/1105/1039
f 1034/1034/971 1105/1105/1039 1179/1179/1110
f 1034/1034/971 1179/1179/1110 1106/1106/1040
f 1035/1035/972 1106/1106/1040 1180/1180/1111
f 1035/1035/972 1180/1180/1111 1107/1107/1041
f 1108/1108/1042 1036/1036/973 1107/1107/1041
f 1108/1108/1042 1107/1107/1041 1181/1181/1112
f 1037/1037/974 1108/1108/1042 1182/1182/1113
f 1037/1037/974 1182/1182/1113 1109/1109/1043
f 1038/1038/975 1109/1109/1043 1183/1183/1114
f 1038/1038/975 1183/1183/1114 1110/1110/1044
f 1039/1039/976 1110/1110/1044 1184/1184/1115
f 1039/1039/976 1184/1184/1115 1111/1111/1045
f 1040/1040/977 1111/1111/1045 1185/1185/1116
f 1040/1040/977 1185/1185/1116 1112/1112/1046
f 1186/1186/1046 1187/1187/1117 1114/1114/1047
f 1186/1186/1046 1114/1114/1047 1113/1113/978
f 1043/1043/979 1114/1114/1047 1188/1188/1118
f 1043/1043/979 1188/1188/1118 1115/1115/1048
f 1044/1044/980 1115/1115/1048 1189/1189/1119
f 1044/1044/980 1189/1189/1119 1116/1116/1049
f 1116/1116/1049 1190/1190/1120 1117/1117/1050
f 1116/1116/1049 1117/1117/1050 1045/1045/981
f 1191/1191/1121 1118/1118/1051 1046/1046/982
f 1191/1191/1121 1046/1046/982 1117/1117/1050
f 1192/1192/1122 1119/1119/1052 1047/1047/983
f 1192/1192/1122 1047/1047/983 1118/1118/1051
f 1119/1119/1052 1193/1193/1123 1120/1120/1053
f 1119/1119/1052 1120/1120/1053 1048/1048/984
f 1194/1194/1124 1121/1121/1054 1049/1049/985
f 1194/1194/1124 1049/1049/985 1120/1120/1053
f 1050/1050/986 1121/1121/1054 1195/1195/1125
f 1050/1050/986 1195/1195/1125 1122/1122/1055
f 1196/1196/1126 1123/1123/1056 1051/1051/987
f 1196/1196/1126 1051/1051/987 1122/1122/1055
f 1197/1197/1127 1124/1124/1057 1052/1052/988
f 1197/1197/1127 1052/1052/988 1123/1123/1056
f 1053/1053/989 1124/1124/1057 1198/1198/1128
f 1053/1053/989 1198/1198/1128 1125/1125/1058
f 1126/1126/1059 1054/1054/990 1125/1125/1058
f 1126/1126/1059 1125/1125/1058 1199/1199/1129
f 1126/1126/1059 1200/1200/1130 1127/1127/1060
f 1126/1126/1059 1127/1127/1060 1055/1055/991
f 1127/1127/1060 1201/1201/1131 1202/1202/1132
f 1127/1127/1060 1202/1202/1132 1128/1128/1061
f 1057/1057/993 1128/1128/1061 1202/1202/1132
f 1057/1057/993 1202/1202/1132 1129/1129/1062
f 1129/1129/1062 1203/1203/1133 1204/1204/1134
f 1129/1129/1062 1204/1204/1134 1130/1130/1063
f 1131/1131/1064 1205/1205/1135 1132/1132/1065
f 1131/1131/1064 1132/1132/1065 1060/1060/995
f 1206/1206/1136 1133/1133/1066 1061/1061/996
f 1206/1206/1136 1061/1061/996 1132/1132/1065
f 1062/1062/997 1133/1133/1066 1207/1207/1137
f 1062/1062/997 1207/1207/1137 1134/1134/1067
f 1134/1134/1067 1208/1208/1138 1135/1135/1068
f 1134/1134/1067 1135/1135/1068 1063/1063/998
f 1135/1135/1068 1209/1209/1139 1136/1136/1069
f 1135/1135/1068 1136/1136/1069 1064/1064/999
f 1065/1065/1000 1136/1136/1069 1210/1210/1140
f 1065/1065/1000 1210/1210/1140 1137/1137/1070
f 1211/1211/1141 1138/1138/1071 1066/1066/1001
f 1211/1211/1141 1066/1066/1001 1137/1137/1070
f 1067/1067/1002 1138/1138/1071 1212/1212/1142
f 1067/1067/1002 1212/1212/1142 1139/1139/1072
f 1139/1139/1072 1213/1213/1143 1140/1140/1073
f 1139/1139/1072 1140/1140/1073 1068/1068/1003
f 1069/1069/1004 1140/1140/1073 1214/1214/1144
f 1069/1069/1004 1214/1214/1144 1141/1141/1074
f 1141/1141/1074 1215/1215/1145 1216/1216/1075
f 1141/1141/1074 1216/1216/1075 1142/1142/1005
f 1143/1143/1075 1217/1217/1146 1144/1144/1076
f 1143/1143/1075 1144/1144/1076 1072/1072/1006
f 1144/1144/1076 1218/1218/1147 1219/1219/1148
f 1144/1144/1076 1219/1219/1148 1145/1145/1077
f 1220/1220/1149 1146/1146/1078 1073/1073/1007
f 1220/1220/1149 1073/1073/1007 1145/1145/1077
f 1074/1074/1008 1146/1146/1078 1221/1221/1150
f 1074/1074/1008 1221/1221/1150 1147/1147/1079
f 1222/1222/1151 1148/1148/1080 1075/1075/1009
f 1222/1222/1151 1075/1075/1009 1147/1147/1079
f 1149/1149/1081 1076/1076/1010 1148/1148/1080
f 1149/1149/1081 1148/1148/1080 1223/1223/1152
f 1149/1149/1081 1224/1224/1153 1150/1150/1082
f 1149/1149/1081 1150/1150/1082 1077/1077/1011
f 1151/1151/1083 1078/1078/1012 1150/1150/1082
f 1151/1151/1083 1150/1150/1082 1225/1225/1154
f 1152/1152/1084 1079/1079/1013 1151/1151/1083
f 1152/1152/1084 1151/1151/1083 1226/1226/1155
f 1153/1153/1085 1080/1080/1014 1152/1152/1084
f 1153/1153/1085 1152/1152/1084 1227/1227/1156
f 1154/1154/1086 1081/1081/1015 1153/1153/1085
f 1154/1154/1086 1153/1153/1085 1228/1228/1157
f 1155/1155/1087 1082/1082/1016 1154/1154/1086
f 1155/1155/1087 1154/1154/1086 1229/1229/1158
f 1083/1083/1017 1155/1155/1087 1230/1230/1159
f 1083/1083/1017 1230/1230/1159 1156/1156/1088
f 1084/1084/1018 1156/1156/1088 1231/1231/1160
f 1084/1084/1018 1231/1231/1160 1157/1157/1089
f 1085/1085/1019 1157/1157/1089 1232/1232/1161
f 1085/1085/1019 1232/1232/1161 1158/1158/1090
f 1086/1086/1020 1158/1158/1090 1233/1233/1162
f 1086/1086/1020 1233/1233/1162 1159/1159/1091
f 1087/1087/1021 1159/1159/1091 1234/1234/1163
f 1087/1087/1021 1234/1234/1163 1160/1160/1092
f 1088/1088/1022 1160/1160/1092 1235/1235/1164
f 1088/1088/1022 1235/1235/1164 1161/1161/1093
f 1162/1162/1094 1089/1089/1023 1161/1161/1093
f 1162/1162/1094 1161/1161/1093 1236/1236/1165
f 1163/1163/1095 1090/1090/1024 1162/1162/1094
f 1163/1163/1095 1162/1162/1094 1237/1237/1166
f 1163/1163/1095 1238/1238/1167 1164/1164/1096
f 1163/1163/1095 1164/1164/1096 1091/1091/1025
f 1239/1239/1168 1165/1165/1097 1092/1092/1026
f 1239/1239/1168 1092/1092/1026 1164/1164/1096
f 1093/1093/1027 1165/1165/1097 1240/1240/1169
f 1093/1093/1027 1240/1240/1169 1166/1166/1098
f 1166/1166/1098 1241/1241/1170 1167/1167/1099
f 1166/1166/1098 1167/1167/1099 1094/1094/1028
f 1242/1242/1171 1168/1168/1100 1095/1095/1029
f 1242/1242/1171 1095/1095/1029 1167/1167/1099
f 1096/1096/1030 1168/1168/1100 1243/1243/1172
f 1096/1096/1030 1243/1243/1172 1169/1169/1101
f 1170/1170/1102 1097/1097/1031 1169/1169/1101
f 1170/1170/1102 1169/1169/1101 1244/1244/1173
f 1099/1099/1033 1170/1170/1102 1245/1245/1174
f 1099/1099/1033 1245/1245/1174 1171/1171/1103
f 1172/1172/1104 1171/1171/1103 1246/1246/1175
f 1172/1172/1104 1246/1246/1175 1247/1247/1176
f 1173/1173/1104 1248/1248/1177 1249/1249/1178
f 1173/1173/1104 1249/1249/1178 1174/1174/1105
f 1174/1174/1105 1250/1250/1179 1175/1175/1106
f 1174/1174/1105 1175/1175/1106 1101/1101/1035
f 1102/1102/1036 1175/1175/1106 1251/1251/1180
f 1102/1102/1036 1251/1251/1180 1177/1177/1108
f 1176/1176/1107 1177/1177/1108 1252/1252/1181
f 1176/1176/1107 1252/1252/1181 1253/1253/1182
f 1178/1178/1109 1104/1104/1038 1176/1176/1107
f 1178/1178/1109 1176/1176/1107 1253/1253/1182
f 1179/1179/1110 1105/1105/1039 1178/1178/1109
f 1179/1179/1110 1178/1178/1109 1254/1254/1183
f 1179/1179/1110 1255/1255/1184 1180/1180/1111
f 1179/1179/1110 1180/1180/1111 1106/1106/1040
f 1181/1181/1112 1107/1107/1041 1180/1180/1111
f 1181/1181/1112 1180/1180/1111 1256/1256/1185
f 1108/1108/1042 1181/1181/1112 1257/1257/1186
f 1108/1108/1042 1257/1257/1186 1182/1182/1113
f 1109/1109/1043 1182/1182/1113 1258/1258/1187
f 1109/1109/1043 1258/1258/1187 1183/1183/1114
f 1110/1110/1044 1183/1183/1114 1259/1259/1188
f 1110/1110/1044 1259/1259/1188 1184/1184/1115
f 1111/1111/1045 1184/1184/1115 1260/1260/1189
f 1111/1111/1045 1260/1260/1189 1185/1185/1116
f 1186/1186/1046 1261/1261/1116 1262/1262/1190
f 1186/1186/1046 1262/1262/1190 1187/1187/1117
f 1187/1187/1117 1263/1263/1191 1188/1188/1118
f 1187/1187/1117 1188/1188/1118 1114/1114/1047
f 1188/1188/1118 1264/1264/1192 1189/1189/1119
f 1188/1188/1118 1189/1189/1119 1115/1115/1048
f 1116/1116/1049 1189/1189/1119 1265/1265/1193
f 1116/1116/1049 1265/1265/1193 1190/1190/1120
f 1191/1191/1121 1117/1117/1050 1190/1190/1120
f 1191/1191/1121 1190/1190/1120 1266/1266/1194
f 1191/1191/1121 1267/1267/1195 1192/1192/1122
f 1191/1191/1121 1192/1192/1122 1118/1118/1051
f 1192/1192/1122 1268/1268/1196 1193/1193/1123
f 1192/1192/1122 1193/1193/1123 1119/1119/1052
f 1269/1269/1197 1194/1194/1124 1120/1120/1053
f 1269/1269/1197 1120/1120/1053 1193/1193/1123
f 1194/1194/1124 1270/1270/1198 1195/1195/1125
f 1194/1194/1124 1195/1195/1125 1121/1121/1054
f 1271/1271/1199 1196/1196/1126 1122/1122/1055
f 1271/1271/1199 1122/1122/1055 1195/1195/1125
f 1197/1197/1127 1123/1123/1056 1196/1196/1126
f 1197/1197/1127 1196/1196/1126 1272/1272/1200
f 1197/1197/1127 1273/1273/1201 1198/1198/1128
f 1197/1197/1127 1198/1198/1128 1124/1124/1057
f 1199/1199/1129 1125/1125/1058 1198/1198/1128
f 1199/1199/1129 1198/1198/1128 1274/1274/1202
f 1126/1126/1059 1199/1199/1129 1275/1275/1203
f 1126/1126/1059 1275/1275/1203 1200/1200/1130
f 1127/1127/1060 1200/1200/1130 1276/1276/1204
f 1127/1127/1060 1276/1276/1204 1201/1201/1131
f 1202/1202/1132 1201/1201/1131 1277/1277/1205
f 1202/1202/1132 1277/1277/1205 1278/1278/1206
f 1202/1202/1132 1278/1278/1206 1203/1203/1133
f 1202/1202/1132 1203/1203/1133 1129/1129/1062
f 1203/1203/1133 1279/1279/1207 1280/1280/1208
f 1203/1203/1133 1280/1280/1208 1204/1204/1134
f 1206/1206/1136 1132/1132/1065 1205/1205/1135
f 1206/1206/1136 1205/1205/1135 1281/1281/1209
f 1206/1206/1136 1282/1282/1210 1207/1207/1137
f 1206/1206/1136 1207/1207/1137 1133/1133/1066
f 1207/1207/1137 1283/1283/1211 1208/1208/1138
f 1207/1207/1137 1208/1208/1138 1134/1134/1067
f 1135/1135/1068 1208/1208/1138 1284/1284/1212
f 1135/1135/1068 1284/1284/1212 1209/1209/1139
f 1209/1209/1139 1285/1285/1213 1210/1210/1140
f 1209/1209/1139 1210/1210/1140 1136/1136/1069
f 1210/1210/1140 1286/1286/1214 1211/1211/1141
f 1210/1210/1140 1211/1211/1141 1137/1137/1070
f 1211/1211/1141 1287/1287/1215 1212/1212/1142
f 1211/1211/1141 1212/1212/1142 1138/1138/1071
f 1139/1139/1072 1212/1212/1142 1288/1288/1216
f 1139/1139/1072 1288/1288/1216 1213/1213/1143
f 1140/1140/1073 1213/1213/1143 1289/1289/1217
f 1140/1140/1073 1289/1289/1217 1214/1214/1144
f 1141/1141/1074 1214/1214/1144 1290/1290/1218
f 1141/1141/1074 1290/1290/1218 1215/1215/1145
f 1216/1216/1075 1215/1215/1145 1291/1291/1219
f 1216/1216/1075 1291/1291/1219 1292/1292/1146
f 1217/1217/1146 1293/1293/1220 1218/1218/1147
f 1217/1217/1146 1218/1218/1147 1144/1144/1076
f 1219/1219/1148 1218/1218/1147 1294/1294/1221
f 1219/1219/1148 1294/1294/1221 1295/1295/1222
f 1220/1220/1149 1145/1145/1077 1219/1219/1148
f 1220/1220/1149 1219/1219/1148 1296/1296/1223
f 1221/1221/1150 1146/1146/1078 1220/1220/1149
f 1221/1221/1150 1220/1220/1149 1297/1297/1224
f 1222/1222/1151 1147/1147/1079 1221/1221/1150
f 1222/1222/1151 1221/1221/1150 1298/1298/1225
f 1222/1222/1151 1299/1299/1226 1223/1223/1152
f 1222/1222/1151 1223/1223/1152 1148/1148/1080
f 1149/1149/1081 1223/1223/1152 1300/1300/1227
f 1149/1149/1081 1300/1300/1227 1224/1224/1153
f 1301/1301/1228 1225/1225/1154 1150/1150/1082
f 1301/1301/1228 1150/1150/1082 1224/1224/1153
f 1226/1226/1155 1151/1151/1083 1225/1225/1154
f 1226/1226/1155 1225/1225/1154 1302/1302/1229
f 1152/1152/1084 1226/1226/1155 1303/1303/1230
f 1152/1152/1084 1303/1303/1230 1227/1227/1156
f 1153/1153/1085 1227/1227/1156 1304/1304/1231
f 1153/1153/1085 1304/1304/1231 1228/1228/1157
f 1154/1154/1086 1228/1228/1157 1305/1305/1232
f 1154/1154/1086 1305/1305/1232 1229/1229/1158
f 1155/1155/1087 1229/1229/1158 1306/1306/1233
f 1155/1155/1087 1306/1306/1233 1230/1230/1159
f 1156/1156/1088 1230/1230/1159 1307/1307/1234
f 1156/1156/1088 1307/1307/1234 1231/1231/1160
f 1231/1231/1160 1308/1308/1235 1232/1232/1161
f 1231/1231/1160 1232/1232/1161 1157/1157/1089
f 1158/1158/1090 1232/1232/1161 1309/1309/1236
f 1158/1158/1090 1309/1309/1236 1233/1233/1162
f 1234/1234/1163 1159/1159/1091 1233/1233/1162
f 1234/1234/1163 1233/1233/1162 1310/1310/1237
f 1235/1235/1164 1160/1160/1092 1234/1234/1163
f 1235/1235/1164 1234/1234/1163 1311/1311/1238
f 1236/1236/1165 1161/1161/1093 1235/1235/1164
f 1236/1236/1165 1235/1235/1164 1312/1312/1239
f 1162/1162/1094 1236/1236/1165 1313/1313/1240
f 1162/1162/1094 1313/1313/1240 1237/1237/1166
f 1163/1163/1095 1237/1237/1166 1314/1314/1241
f 1163/1163/1095 1314/1314/1241 1238/1238/1167
f 1315/1315/1242 1239/1239/1168 1164/1164/1096
f 1315/1315/1242 1164/1164/1096 1238/1238/1167
f 1240/1240/1169 1165/1165/1097 1239/1239/1168
f 1240/1240/1169 1239/1239/1168 1316/1316/1243
f 1240/1240/1169 1317/1317/1244 1241/1241/1170
f 1240/1240/1169 1241/1241/1170 1166/1166/1098
f 1318/1318/1245 1242/1242/1171 1167/1167/1099
f 1318/1318/1245 1167/1167/1099 1241/1241/1170
f 1242/1242/1171 1319/1319/1246 1243/1243/1172
f 1242/1242/1171 1243/1243/1172 1168/1168/1100
f 1320/1320/1247 1244/1244/1173 1169/1169/1101
f 1320/1320/1247 1169/1169/1101 1243/1243/1172
f 1170/1170/1102 1244/1244/1173 1321/1321/1248
f 1170/1170/1102 1321/1321/1248 1245/1245/1174
f 1246/1246/1175 1171/1171/1103 1245/1245/1174
f 1246/1246/1175 1245/1245/1174 1322/1322/1249
f 1247/1247/1176 1246/1246/1175 1323/1323/1250
f 1247/1247/1176 1323/1323/1250 1324/1324/1251
f 1248/1248/1177 1325/1325/1251 1326/1326/1252
f 1248/1248/1177 1326/1326/1252 1249/1249/1178
f 1174/1174/1105 1249/1249/1178 1327/1327/1253
f 1174/1174/1105 1327/1327/1253 1250/1250/1179
f 1251/1251/1180 1175/1175/1106 1250/1250/1179
f 1251/1251/1180 1250/1250/1179 1328/1328/1254
f 1252/1252/1181 1177/1177/1108 1251/1251/1180
f 1252/1252/1181 1251/1251/1180 1329/1329/1255
f 1330/1330/1256 1253/1253/1182 1252/1252/1181
f 1330/1330/1256 1252/1252/1181 1331/1331/1257
f 1254/1254/1183 1178/1178/1109 1253/1253/1182
f 1254/1254/1183 1253/1253/1182 1330/1330/1256
f 1179/1179/1110 1254/1254/1183 1332/1332/1258
f 1179/1179/1110 1332/1332/1258 1255/1255/1184
f 1256/1256/1185 1180/1180/1111 1255/1255/1184
f 1256/1256/1185 1255/1255/1184 1333/1333/1259
f 1181/1181/1112 1256/1256/1185 1334/1334/1260
f 1181/1181/1112 1334/1334/1260 1257/1257/1186
f 1258/1258/1187 1182/1182/1113 1257/1257/1186
f 1258/1258/1187 1257/1257/1186 1335/1335/1261
f 1258/1258/1187 1336/1336/1262 1259/1259/1188
f 1258/1258/1187 1259/1259/1188 1183/1183/1114
f 1184/1184/1115 1259/1259/1188 1337/1337/1263
f 1184/1184/1115 1337/1337/1263 1260/1260/1189
f 1261/1261/1116 1338/1338/1189 1339/1339/1264
f 1261/1261/1116 1339/1339/1264 1262/1262/1190
f 1187/1187/1117 1262/1262/1190 1340/1340/1265
f 1187/1187/1117 1340/1340/1265 1263/1263/1191
f 1188/1188/1118 1263/1263/1191 1341/1341/1266
f 1188/1188/1118 1341/1341/1266 1264/1264/1192
f 1342/1342/1267 1265/1265/1193 1189/1189/1119
f 1342/1342/1267 1189/1189/1119 1264/1264/1192
f 1343/1343/1268 1266/1266/1194 1190/1190/1120
f 1343/1343/1268 1190/1190/1120 1265/1265/1193
f 1191/1191/1121 1266/1266/1194 1344/1344/1269
f 1191/1191/1121 1344/1344/1269 1267/1267/1195
f 1192/1192/1122 1267/1267/1195 1345/1345/1270
f 1192/1192/1122 1345/1345/1270 1268/1268/1196
f 1269/1269/1197 1193/1193/1123 1268/1268/1196
f 1269/1269/1197 1268/1268/1196 1346/1346/1271
f 1269/1269/1197 1347/1347/1272 1270/1270/1198
f 1269/1269/1197 1270/1270/1198 1194/1194/1124
f 1271/1271/1199 1195/1195/1125 1270/1270/1198
f 1271/1271/1199 1270/1270/1198 1348/1348/1273
f 1271/1271/1199 1349/1349/1274 1272/1272/1200
f 1271/1271/1199 1272/1272/1200 1196/1196/1126
f 1197/1197/1127 1272/1272/1200 1350/1350/1275
f 1197/1197/1127 1350/1350/1275 1273/1273/1201
f 1274/1274/1202 1198/1198/1128 1273/1273/1201
f 1274/1274/1202 1273/1273/1201 1351/1351/1276
f 1199/1199/1129 1274/1274/1202 1352/1352/1277
f 1199/1199/1129 1352/1352/1277 1275/1275/1203
f 1275/1275/1203 1353/1353/1278 1276/1276/1204
f 1275/1275/1203 1276/1276/1204 1200/1200/1130
f 1201/1201/1131 1276/1276/1204 1354/1354/1279
f 1201/1201/1131 1354/1354/1279 1277/1277/1205
f 1278/1278/1206 1277/1277/1205 1355/1355/1280
f 1278/1278/1206 1355/1355/1280 1356/1356/1281
f 1278/1278/1206 1356/1356/1281 1279/1279/1207
f 1278/1278/1206 1279/1279/1207 1203/1203/1133
f 1279/1279/1207 1357/1357/1282 1358/1358/1283
f 1279/1279/1207 1358/1358/1283 1280/1280/1208
f 1206/1206/1136 1281/1281/1209 1359/1359/1284
f 1206/1206/1136 1359/1359/1284 1282/1282/1210
f 1207/1207/1137 1282/1282/1210 1360/1360/1285
f 1207/1207/1137 1360/1360/1285 1283/1283/1211
f 1283/1283/1211 1361/1361/1286 1284/1284/1212
f 1283/1283/1211 1284/1284/1212 1208/1208/1138
f 1209/1209/1139 1284/1284/1212 1362/1362/1287
f 1209/1209/1139 1362/1362/1287 1285/1285/1213
f 1285/1285/1213 1363/1363/1288 1286/1286/1214
f 1285/1285/1213 1286/1286/1214 1210/1210/1140
f 1286/1286/1214 1364/1364/1289 1287/1287/1215
f 1286/1286/1214 1287/1287/1215 1211/1211/1141
f 1287/1287/1215 1365/1365/1290 1288/1288/1216
f 1287/1287/1215 1288/1288/1216 1212/1212/1142
f 1213/1213/1143 1288/1288/1216 1366/1366/1291
f 1213/1213/1143 1366/1366/1291 1289/1289/1217
f 1214/1214/1144 1289/1289/1217 1367/1367/1292
f 1214/1214/1144 1367/1367/1292 1290/1290/1218
f 1215/1215/1145 1290/1290/1218 1368/1368/1293
f 1215/1215/1145 1368/1368/1293 1291/1291/1219
f 1292/1292/1146 1291/1291/1219 1369/1369/1294
f 1292/1292/1146 1369/1369/1294 1370/1370/1220
f 1293/1293/1220 1371/1371/1295 1294/1294/1221
f 1293/1293/1220 1294/1294/1221 1218/1218/1147
f 1295/1295/1222 1294/1294/1221 1372/1372/1296
f 1295/1295/1222 1372/1372/1296 1373/1373/1297
f 1219/1219/1148 1295/1295/1222 1374/1374/1298
f 1219/1219/1148 1374/1374/1298 1296/1296/1223
f 1297/1297/1224 1220/1220/1149 1296/1296/1223
f 1297/1297/1224 1296/1296/1223 1375/1375/1299
f 1221/1221/1150 1297/1297/1224 1376/1376/1300
f 1221/1221/1150 1376/1376/1300 1298/1298/1225
f 1222/1222/1151 1298/1298/1225 1377/1377/1301
f 1222/1222/1151 1377/1377/1301 1299/1299/1226
f 1223/1223/1152 1299/1299/1226 1378/1378/1302
f 1223/1223/1152 1378/1378/1302 1300/1300/1227
f 1379/1379/1303 1301/1301/1228 1224/1224/1153
f 1379/1379/1303 1224/1224/1153 1300/1300/1227
f 1301/1301/1228 1380/1380/1304 1302/1302/1229
f 1301/1301/1228 1302/1302/1229 1225/1225/1154
f 1226/1226/1155 1302/1302/1229 1381/1381/1305
f 1226/1226/1155 1381/1381/1305 1303/1303/1230
f 1303/1303/1230 1382/1382/1306 1304/1304/1231
f 1303/1303/1230 1304/1304/1231 1227/1227/1156
f 1383/1383/1307 1305/1305/1232 1228/1228/1157
f 1383/1383/1307 1228/1228/1157 1304/1304/1231
f 1229/1229/1158 1305/1305/1232 1384/1384/1308
f 1229/1229/1158 1384/1384/1308 1306/1306/1233
f 1307/1307/1234 1230/1230/1159 1306/1306/1233
f 1307/1307/1234 1306/1306/1233 1385/1385/1309
f 1231/1231/1160 1307/1307/1234 1386/1386/1310
f 1231/1231/1160 1386/1386/1310 1308/1308/1235
f 1387/1387/1311 1309/1309/1236 1232/1232/1161
f 1387/1387/1311 1232/1232/1161 1308/1308/1235
f 1310/1310/1237 1233/1233/1162 1309/1309/1236
f 1310/1310/1237 1309/1309/1236 1388/1388/1312
f 1234/1234/1163 1310/1310/1237 1389/1389/1313
f 1234/1234/1163 1389/1389/1313 1311/1311/1238
f 1312/1312/1239 1235/1235/1164 1311/1311/1238
f 1312/1312/1239 1311/1311/1238 1390/1390/1314
f 1236/1236/1165 1312/1312/1239 1391/1391/1315
f 1236/1236/1165 1391/1391/1315 1313/1313/1240
f 1392/1392/1316 1314/1314/1241 1237/1237/1166
f 1392/1392/1316 1237/1237/1166 1313/1313/1240
f 1315/1315/1242 1238/1238/1167 1314/1314/1241
f 1315/1315/1242 1314/1314/1241 1393/1393/1317
f 1315/1315/1242 1394/1394/1318 1316/1316/1243
f 1315/1315/1242 1316/1316/1243 1239/1239/1168
f 1240/1240/1169 1316/1316/1243 1395/1395/1319
f 1240/1240/1169 1395/1395/1319 1317/1317/1244
f 1318/1318/1245 1241/1241/1170 1317/1317/1244
f 1318/1318/1245 1317/1317/1244 1396/1396/1320
f 1318/1318/1245 1397/1397/1321 1319/1319/1246
f 1318/1318/1245 1319/1319/1246 1242/1242/1171
f 1320/1320/1247 1243/1243/1172 1319/1319/1246
f 1320/1320/1247 1319/1319/1246 1398/1398/1322
f 1321/1321/1248 1244/1244/1173 1320/1320/1247
f 1321/1321/1248 1320/1320/1247 1399/1399/1323
f 1245/1245/1174 1321/1321/1248 1400/1400/1324
f 1245/1245/1174 1400/1400/1324 1322/1322/1249
f 1246/1246/1175 1322/1322/1249 1401/1401/1325
f 1246/1246/1175 1401/1401/1325 1323/1323/1250
f 1324/1324/1251 1323/1323/1250 1402/1402/1326
f 1324/1324/1251 1402/1402/1326 1403/1403/1327
f 1325/1325/1251 1404/1404/1328 1405/1405/1329
f 1325/1325/1251 1405/1405/1329 1326/1326/1252
f 1326/1326/1252 1406/1406/1330 1327/1327/1253
f 1326/1326/1252 1327/1327/1253 1249/1249/1178
f 1250/1250/1179 1327/1327/1253 1407/1407/1331
f 1250/1250/1179 1407/1407/1331 1328/1328/1254
f 1251/1251/1180 1328/1328/1254 1408/1408/1332
f 1251/1251/1180 1408/1408/1332 1329/1329/1255
f 1252/1252/1181 1329/1329/1255 1409/1409/1333
f 1252/1252/1181 1409/1409/1333 1331/1331/1257
f 1330/1330/1256 1331/1331/1257 1410/1410/1334
f 1330/1330/1256 1410/1410/1334 1411/1411/1335
f 1254/1254/1183 1330/1330/1256 1411/1411/1335
f 1254/1254/1183 1411/1411/1335 1332/1332/1258
f 1255/1255/1184 1332/1332/1258 1412/1412/1336
f 1255/1255/1184 1412/1412/1336 1333/1333/1259
f 1256/1256/1185 1333/1333/1259 1413/1413/1337
f 1256/1256/1185 1413/1413/1337 1334/1334/1260
f 1257/1257/1186 1334/1334/1260 1414/1414/1338
f 1257/1257/1186 1414/1414/1338 1335/1335/1261
f 1258/1258/1187 1335/1335/1261 1415/1415/1339
f 1258/1258/1187 1415/1415/1339 1336/1336/1262
f 1416/1416/1340 1337/1337/1263 1259/1259/1188
f 1416/1416/1340 1259/1259/1188 1336/1336/1262
f 1338/1338/1189 1417/1417/1263 1418/1418/1341
f 1338/1338/1189 1418/1418/1341 1339/1339/1264
f 1262/1262/1190 1339/1339/1264 1419/1419/1342
f 1262/1262/1190 1419/1419/1342 1340/1340/1265
f 1340/1340/1265 1420/1420/1343 1341/1341/1266
f 1340/1340/1265 1341/1341/1266 1263/1263/1191
f 1342/1342/1267 1264/1264/1192 1341/1341/1266
f 1342/1342/1267 1341/1341/1266 1421/1421/1344
f 1342/1342/1267 1422/1422/1345 1343/1343/1268
f 1342/1342/1267 1343/1343/1268 1265/1265/1193
f 1343/1343/1268 1423/1423/1346 1344/1344/1269
f 1343/1343/1268 1344/1344/1269 1266/1266/1194
f 1424/1424/1347 1345/1345/1270 1267/1267/1195
f 1424/1424/1347 1267/1267/1195 1344/1344/1269
f 1425/1425/1348 1346/1346/1271 1268/1268/1196
f 1425/1425/1348 1268/1268/1196 1345/1345/1270
f 1269/1269/1197 1346/1346/1271 1426/1426/1349
f 1269/1269/1197 1426/1426/1349 1347/1347/1272
f 1427/1427/1350 1348/1348/1273 1270/1270/1198
f 1427/1427/1350 1270/1270/1198 1347/1347/1272
f 1271/1271/1199 1348/1348/1273 1428/1428/1351
f 1271/1271/1199 1428/1428/1351 1349/1349/1274
f 1350/1350/1275 1272/1272/1200 1349/1349/1274
f 1350/1350/1275 1349/1349/1274 1429/1429/1352
f 1350/1350/1275 1430/1430/1353 1351/1351/1276
f 1350/1350/1275 1351/1351/1276 1273/1273/1201
f 1274/1274/1202 1351/1351/1276 1431/1431/1354
f 1274/1274/1202 1431/1431/1354 1352/1352/1277
f 1352/1352/1277 1432/1432/1355 1353/1353/1278
f 1352/1352/1277 1353/1353/1278 1275/1275/1203
f 1353/1353/1278 1433/1433/1356 1354/1354/1279
f 1353/1353/1278 1354/1354/1279 1276/1276/1204
f 1434/1434/1357 1355/1355/1280 1277/1277/1205
f 1434/1434/1357 1277/1277/1205 1354/1354/1279
f 1356/1356/1281 1355/1355/1280 1435/1435/1358
f 1356/1356/1281 1435/1435/1358 1436/1436/1359
f 1279/1279/1207 1356/1356/1281 1436/1436/1359
f 1279/1279/1207 1436/1436/1359 1357/1357/1282
f 1357/1357/1282 1437/1437/1360 1438/1438/1361
f 1357/1357/1282 1438/1438/1361 1358/1358/1283
f 1282/1282/1210 1359/1359/1284 1439/1439/1362
f 1282/1282/1210 1439/1439/1362 1360/1360/1285
f 1283/1283/1211 1360/1360/1285 1440/1440/1363
f 1283/1283/1211 1440/1440/1363 1361/1361/1286
f 1361/1361/1286 1441/1441/1364 1362/1362/1287
f 1361/1361/1286 1362/1362/1287 1284/1284/1212
f 1285/1285/1213 1362/1362/1287 1442/1442/1365
f 1285/1285/1213 1442/1442/1365 1363/1363/1288
f 1286/1286/1214 1363/1363/1288 1443/1443/1366
f 1286/1286/1214 1443/1443/1366 1364/1364/1289
f 1287/1287/1215 1364/1364/1289 1444/1444/1367
f 1287/1287/1215 1444/1444/1367 1365/1365/1290
f 1366/1366/1291 1288/1288/1216 1365/1365/1290
f 1366/1366/1291 1365/1365/1290 1445/1445/1368
f 1366/1366/1291 1446/1446/1369 1367/1367/1292
f 1366/1366/1291 1367/1367/1292 1289/1289/1217
f 1367/1367/1292 1447/1447/1370 1368/1368/1293
f 1367/1367/1292 1368/1368/1293 1290/1290/1218
f 1291/1291/1219 1368/1368/1293 1448/1448/1371
f 1291/1291/1219 1448/1448/1371 1369/1369/1294
f 1370/1370/1220 1369/1369/1294 1449/1449/1372
f 1370/1370/1220 1449/1449/1372 1450/1450/1295
f 1371/1371/1295 1451/1451/1373 1372/1372/1296
f 1371/1371/1295 1372/1372/1296 1294/1294/1221
f 1372/1372/1296 1452/1452/1374 1453/1453/1375
f 1372/1372/1296 1453/1453/1375 1373/1373/1297
f 1295/1295/1222 1373/1373/1297 1454/1454/1376
f 1295/1295/1222 1454/1454/1376 1374/1374/1298
f 1296/1296/1223 1374/1374/1298 1455/1455/1377
f 1296/1296/1223 1455/1455/1377 1375/1375/1299
f 1297/1297/1224 1375/1375/1299 1456/1456/1378
f 1297/1297/1224 1456/1456/1378 1376/1376/1300
f 1298/1298/1225 1376/1376/1300 1457/1457/1379
f 1298/1298/1225 1457/1457/1379 1377/1377/1301
f 1458/1458/1380 1378/1378/1302 1299/1299/1226
f 1458/1458/1380 1299/1299/1226 1377/1377/1301
f 1379/1379/1303 1300/1300/1227 1378/1378/1302
f 1379/1379/1303 1378/1378/1302 1459/1459/1381
f 1379/1379/1303 1460/1460/1382 1380/1380/1304
f 1379/1379/1303 1380/1380/1304 1301/1301/1228
f 1380/1380/1304 1461/1461/1383 1381/1381/1305
f 1380/1380/1304 1381/1381/1305 1302/1302/1229
f 1303/1303/1230 1381/1381/1305 1462/1462/1384
f 1303/1303/1230 1462/1462/1384 1382/1382/1306
f 1382/1382/1306 1463/1463/1385 1383/1383/1307
f 1382/1382/1306 1383/1383/1307 1304/1304/1231
f 1384/1384/1308 1305/1305/1232 1383/1383/1307
f 1384/1384/1308 1383/1383/1307 1464/1464/1386
f 1385/1385/1309 1306/1306/1233 1384/1384/1308
f 1385/1385/1309 1384/1384/1308 1465/1465/1387
f 1386/1386/1310 1307/1307/1234 1385/1385/1309
f 1386/1386/1310 1385/1385/1309 1466/1466/1388
f 1387/1387/1311 1308/1308/1235 1386/1386/1310
f 1387/1387/1311 1386/1386/1310 1467/1467/1389
f 1387/1387/1311 1468/1468/1390 1388/1388/1312
f 1387/1387/1311 1388/1388/1312 1309/1309/1236
f 1389/1389/1313 1310/1310/1237 1388/1388/1312
f 1389/1389/1313 1388/1388/1312 1469/1469/1391
f 1390/1390/1314 1311/1311/1238 1389/1389/1313
f 1390/1390/1314 1389/1389/1313 1470/1470/1392
f 1312/1312/1239 1390/1390/1314 1471/1471/1393
f 1312/1312/1239 1471/1471/1393 1391/1391/1315
f 1392/1392/1316 1313/1313/1240 1391/1391/1315
f 1392/1392/1316 1391/1391/1315 1472/1472/1394
f 1392/1392/1316 1473/1473/1395 1393/1393/1317
f 1392/1392/1316 1393/1393/1317 1314/1314/1241
f 1315/1315/1242 1393/1393/1317 1474/1474/1396
f 1315/1315/1242 1474/1474/1396 1394/1394/1318
f 1395/1395/1319 1316/1316/1243 1394/1394/1318
f 1395/1395/1319 1394/1394/1318 1475/1475/1397
f 1396/1396/1320 1317/1317/1244 1395/1395/1319
f 1396/1396/1320 1395/1395/1319 1476/1476/1398
f 1318/1318/1245 1396/1396/1320 1477/1477/1399
f 1318/1318/1245 1477/1477/1399 1397/1397/1321
f 1397/1397/1321 1478/1478/1400 1398/1398/1322
f 1397/1397/1321 1398/1398/1322 1319/1319/1246
f 1320/1320/1247 1398/1398/1322 1479/1479/1401
f 1320/1320/1247 1479/1479/1401 1399/1399/1323
f 1321/1321/1248 1399/1399/1323 1480/1480/1402
f 1321/1321/1248 1480/1480/1402 1400/1400/1324
f 1401/1401/1325 1322/1322/1249 1400/1400/1324
f 1401/1401/1325 1400/1400/1324 1481/1481/1403
f 1323/1323/1250 1401/1401/1325 1482/1482/1404
f 1323/1323/1250 1482/1482/1404 1402/1402/1326
f 1403/1403/1327 1402/1402/1326 1483/1483/1405
f 1403/1403/1327 1483/1483/1405 1484/1484/1406
f 1404/1404/1328 1485/1485/1407 1486/1486/1408
f 1404/1404/1328 1486/1486/1408 1405/1405/1329
f 1405/1405/1329 1487/1487/1409 1406/1406/1330
f 1405/1405/1329 1406/1406/1330 1326/1326/1252
f 1407/1407/1331 1327/1327/1253 1406/1406/1330
f 1407/1407/1331 1406/1406/1330 1488/1488/1410
f 1328/1328/1254 1407/1407/1331 1489/1489/1411
f 1328/1328/1254 1489/1489/1411 1408/1408/1332
f 1409/1409/1333 1329/1329/1255 1408/1408/1332
f 1409/1409/1333 1408/1408/1332 1490/1490/1412
f 1331/1331/1257 1409/1409/1333 1491/1491/1413
f 1331/1331/1257 1491/1491/1413 1410/1410/1334
f 1411/1411/1335 1410/1410/1334 1492/1492/1414
f 1411/1411/1335 1492/1492/1414 1493/1493/1415
f 1332/1332/1258 1411/1411/1335 1493/1493/1415
f 1332/1332/1258 1493/1493/1415 1412/1412/1336
f 1333/1333/1259 1412/1412/1336 1494/1494/1416
f 1333/1333/1259 1494/1494/1416 1413/1413/1337
f 1414/1414/1338 1334/1334/1260 1413/1413/1337
f 1414/1414/1338 1413/1413/1337 1495/1495/1417
f 1335/1335/1261 1414/1414/1338 1496/1496/1418
f 1335/1335/1261 1496/1496/1418 1415/1415/1339
f 1415/1415/1339 1497/1497/1419 1416/1416/1340
f 1415/1415/1339 1416/1416/1340 1336/1336/1262
f 1418/1418/1341 1417/1417/1263 1498/1498/1340
f 1418/1418/1341 1498/1498/1340 1499/1499/1420
f 1418/1418/1341 1500/1500/1421 1419/1419/1342
f 1418/1418/1341 1419/1419/1342 1339/1339/1264
f 1340/1340/1265 1419/1419/1342 1501/1501/1422
f 1340/1340/1265 1501/1501/1422 1420/1420/1343
f 1420/1420/1343 1502/1502/1423 1421/1421/1344
f 1420/1420/1343 1421/1421/1344 1341/1341/1266
f 1342/1342/1267 1421/1421/1344 1503/1503/1424
f 1342/1342/1267 1503/1503/1424 1422/1422/1345
f 1343/1343/1268 1422/1422/1345 1504/1504/1425
f 1343/1343/1268 1504/1504/1425 1423/1423/1346
f 1424/1424/1347 1344/1344/1269 1423/1423/1346
f 1424/1424/1347 1423/1423/1346 1505/1505/1426
f 1424/1424/1347 1506/1506/1427 1425/1425/1348
f 1424/1424/1347 1425/1425/1348 1345/1345/1270
f 1425/1425/1348 1507/1507/1428 1426/1426/1349
f 1425/1425/1348 1426/1426/1349 1346/1346/1271
f 1508/1508/1429 1427/1427/1350 1347/1347/1272
f 1508/1508/1429 1347/1347/1272 1426/1426/1349
f 1509/1509/1430 1428/1428/1351 1348/1348/1273
f 1509/1509/1430 1348/1348/1273 1427/1427/1350
f 1510/1510/1431 1429/1429/1352 1349/1349/1274
f 1510/1510/1431 1349/1349/1274 1428/1428/1351
f 1350/1350/1275 1429/1429/1352 1511/1511/1432
f 1350/1350/1275 1511/1511/1432 1430/1430/1353
f 1351/1351/1276 1430/1430/1353 1512/1512/1433
f 1351/1351/1276 1512/1512/1433 1431/1431/1354
f 1352/1352/1277 1431/1431/1354 1513/1513/1434
f 1352/1352/1277 1513/1513/1434 1432/1432/1355
f 1353/1353/1278 1432/1432/1355 1514/1514/1435
f 1353/1353/1278 1514/1514/1435 1433/1433/1356
f 1434/1434/1357 1354/1354/1279 1433/1433/1356
f 1434/1434/1357 1433/1433/1356 1515/1515/1436
f 1434/1434/1357 1516/1516/1437 1435/1435/1358
f 1434/1434/1357 1435/1435/1358 1355/1355/1280
f 1435/1435/1358 1517/1517/1438 1518/1518/1439
f 1435/1435/1358 1518/1518/1439 1436/1436/1359
f 1357/1357/1282 1436/1436/1359 1518/1518/1439
f 1357/1357/1282 1518/1518/1439 1437/1437/1360
f 1437/1437/1360 1519/1519/1440 1520/1520/1362
f 1437/1437/1360 1520/1520/1362 1438/1438/1361
f 1360/1360/1285 1439/1439/1362 1521/1521/1441
f 1360/1360/1285 1521/1521/1441 1440/1440/1363
f 1361/1361/1286 1440/1440/1363 1522/1522/1442
f 1361/1361/1286 1522/1522/1442 1441/1441/1364
f 1441/1441/1364 1523/1523/1443 1442/1442/1365
f 1441/1441/1364 1442/1442/1365 1362/1362/1287
f 1442/1442/1365 1524/1524/1444 1443/1443/1366
f 1442/1442/1365 1443/1443/1366 1363/1363/1288
f 1525/1525/1445 1444/1444/1367 1364/1364/1289
f 1525/1525/1445 1364/1364/1289 1443/1443/1366
f 1526/1526/1446 1445/1445/1368 1365/1365/1290
f 1526/1526/1446 1365/1365/1290 1444/1444/1367
f 1366/1366/1291 1445/1445/1368 1527/1527/1447
f 1366/1366/1291 1527/1527/1447 1446/1446/1369
f 1367/1367/1292 1446/1446/1369 1528/1528/1448
f 1367/1367/1292 1528/1528/1448 1447/1447/1370
f 1368/1368/1293 1447/1447/1370 1529/1529/1449
f 1368/1368/1293 1529/1529/1449 1448/1448/1371
f 1369/1369/1294 1448/1448/1371 1530/1530/1450
f 1369/1369/1294 1530/1530/1450 1449/1449/1372
f 1450/1450/1295 1449/1449/1372 1531/1531/1451
f 1450/1450/1295 1531/1531/1451 1532/1532/1373
f 1451/1451/1373 1533/1533/1452 1452/1452/1374
f 1451/1451/1373 1452/1452/1374 1372/1372/1296
f 1453/1453/1375 1452/1452/1374 1534/1534/1453
f 1453/1453/1375 1534/1534/1453 1535/1535/1454
f 1454/1454/1376 1373/1373/1297 1453/1453/1375
f 1454/1454/1376 1453/1453/1375 1536/1536/1455
f 1455/1455/1377 1374/1374/1298 1454/1454/1376
f 1455/1455/1377 1454/1454/1376 1537/1537/1456
f 1456/1456/1378 1375/1375/1299 1455/1455/1377
f 1456/1456/1378 1455/1455/1377 1538/1538/1457
f 1456/1456/1378 1539/1539/1458 1457/1457/1379
f 1456/1456/1378 1457/1457/1379 1376/1376/1300
f 1458/1458/1380 1377/1377/1301 1457/1457/1379
f 1458/1458/1380 1457/1457/1379 1540/1540/1459
f 1541/1541/1460 1459/1459/1381 1378/1378/1302
f 1541/1541/1460 1378/1378/1302 1458/1458/1380
f 1379/1379/1303 1459/1459/1381 1542/1542/1461
f 1379/1379/1303 1542/1542/1461 1460/1460/1382
f 1380/1380/1304 1460/1460/1382 1543/1543/1462
f 1380/1380/1304 1543/1543/1462 1461/1461/1383
f 1462/1462/1384 1381/1381/1305 1461/1461/1383
f 1462/1462/1384 1461/1461/1383 1544/1544/1463
f 1545/1545/1464 1463/1463/1385 1382/1382/1306
f 1545/1545/1464 1382/1382/1306 1462/1462/1384
f 1464/1464/1386 1383/1383/1307 1463/1463/1385
f 1464/1464/1386 1463/1463/1385 1546/1546/1465
f 1384/1384/1308 1464/1464/1386 1547/1547/1466
f 1384/1384/1308 1547/1547/1466 1465/1465/1387
f 1385/1385/1309 1465/1465/1387 1548/1548/1467
f 1385/1385/1309 1548/1548/1467 1466/1466/1388
f 1386/1386/1310 1466/1466/1388 1549/1549/1468
f 1386/1386/1310 1549/1549/1468 1467/1467/1389
f 1387/1387/1311 1467/1467/1389 1550/1550/1469
f 1387/1387/1311 1550/1550/1469 1468/1468/1390
f 1551/1551/1470 1469/1469/1391 1388/1388/1312
f 1551/1551/1470 1388/1388/1312 1468/1468/1390
f 1389/1389/1313 1469/1469/1391 1552/1552/1471
f 1389/1389/1313 1552/1552/1471 1470/1470/1392
f 1390/1390/1314 1470/1470/1392 1553/1553/1472
f 1390/1390/1314 1553/1553/1472 1471/1471/1393
f 1391/1391/1315 1471/1471/1393 1554/1554/1473
f 1391/1391/1315 1554/1554/1473 1472/1472/1394
f 1392/1392/1316 1472/1472/1394 1555/1555/1474
f 1392/1392/1316 1555/1555/1474 1473/1473/1395
f 1556/1556/1475 1474/1474/1396 1393/1393/1317
f 1556/1556/1475 1393/1393/1317 1473/1473/1395
f 1475/1475/1397 1394/1394/1318 1474/1474/1396
f 1475/1475/1397 1474/1474/1396 1557/1557/1476
f 1395/1395/1319 1475/1475/1397 1558/1558/1477
f 1395/1395/1319 1558/1558/1477 1476/1476/1398
f 1396/1396/1320 1476/1476/1398 1559/1559/1478
f 1396/1396/1320 1559/1559/1478 1477/1477/1399
f 1397/1397/1321 1477/1477/1399 1560/1560/1479
f 1397/1397/1321 1560/1560/1479 1478/1478/1400
f 1479/1479/1401 1398/1398/1322 1478/1478/1400
f 1479/1479/1401 1478/1478/1400 1561/1561/1480
f 1480/1480/1402 1399/1399/1323 1479/1479/1401
f 1480/1480/1402 1479/1479/1401 1562/1562/1481
f 1400/1400/1324 1480/1480/1402 1563/1563/1482
f 1400/1400/1324 1563/1563/1482 1481/1481/1403
f 1401/1401/1325 1481/1481/1403 1564/1564/1483
f 1401/1401/1325 1564/1564/1483 1482/1482/1404
f 1402/1402/1326 1482/1482/1404 1565/1565/1484
f 1402/1402/1326 1565/1565/1484 1483/1483/1405
f 1484/1484/1406 1483/1483/1405 1566/1566/1485
f 1484/1484/1406 1566/1566/1485 1567/1567/1486
f 1485/1485/1407 1568/1568/1486 1569/1569/1487
f 1485/1485/1407 1569/1569/1487 1486/1486/1408
f 1405/1405/1329 1486/1486/1408 1570/1570/1488
f 1405/1405/1329 1570/1570/1488 1487/1487/1409
f 1406/1406/1330 1487/1487/1409 1571/1571/1489
f 1406/1406/1330 1571/1571/1489 1488/1488/1410
f 1407/1407/1331 1488/1488/1410 1572/1572/1490
f 1407/1407/1331 1572/1572/1490 1489/1489/1411
f 1408/1408/1332 1489/1489/1411 1573/1573/1491
f 1408/1408/1332 1573/1573/1491 1490/1490/1412
f 1409/1409/1333 1490/1490/1412 1574/1574/1492
f 1409/1409/1333 1574/1574/1492 1491/1491/1413
f 1491/1491/1413 1575/1575/1493 1492/1492/1414
f 1491/1491/1413 1492/1492/1414 1410/1410/1334
f 1493/1493/1415 1492/1492/1414 1576/1576/1494
f 1493/1493/1415 1576/1576/1494 1577/1577/1495
f 1412/1412/1336 1493/1493/1415 1577/1577/1495
f 1412/1412/1336 1577/1577/1495 1494/1494/1416
f 1413/1413/1337 1494/1494/1416 1578/1578/1496
f 1413/1413/1337 1578/1578/1496 1495/1495/1417
f 1414/1414/1338 1495/1495/1417 1579/1579/1497
f 1414/1414/1338 1579/1579/1497 1496/1496/1418
f 1415/1415/1339 1496/1496/1418 1580/1580/1498
f 1415/1415/1339 1580/1580/1498 1497/1497/1419
f 1498/1498/1340 1581/1581/1419 1582/1582/1499
f 1498/1498/1340 1582/1582/1499 1499/1499/1420
f 1418/1418/1341 1499/1499/1420 1583/1583/1500
f 1418/1418/1341 1583/1583/1500 1500/1500/1421
f 1501/1501/1422 1419/1419/1342 1500/1500/1421
f 1501/1501/1422 1500/1500/1421 1584/1584/1501
f 1420/1420/1343 1501/1501/1422 1585/1585/1502
f 1420/1420/1343 1585/1585/1502 1502/1502/1423
f 1586/1586/1503 1503/1503/1424 1421/1421/1344
f 1586/1586/1503 1421/1421/1344 1502/1502/1423
f 1504/1504/1425 1422/1422/1345 1503/1503/1424
f 1504/1504/1425 1503/1503/1424 1587/1587/1504
f 1504/1504/1425 1588/1588/1505 1505/1505/1426
f 1504/1504/1425 1505/1505/1426 1423/1423/1346
f 1424/1424/1347 1505/1505/1426 1589/1589/1506
f 1424/1424/1347 1589/1589/1506 1506/1506/1427
f 1425/1425/1348 1506/1506/1427 1590/1590/1507
f 1425/1425/1348 1590/1590/1507 1507/1507/1428
f 1508/1508/1429 1426/1426/1349 1507/1507/1428
f 1508/1508/1429 1507/1507/1428 1591/1591/1508
f 1508/1508/1429 1592/1592/1509 1509/1509/1430
f 1508/1508/1429 1509/1509/1430 1427/1427/1350
f 1509/1509/1430 1593/1593/1510 1510/1510/1431
f 1509/1509/1430 1510/1510/1431 1428/1428/1351
f 1594/1594/1511 1511/1511/1432 1429/1429/1352
f 1594/1594/1511 1429/1429/1352 1510/1510/1431
f 1511/1511/1432 1595/1595/1512 1512/1512/1433
f 1511/1511/1432 1512/1512/1433 1430/1430/1353
f 1596/1596/1513 1513/1513/1434 1431/1431/1354
f 1596/1596/1513 1431/1431/1354 1512/1512/1433
f 1514/1514/1435 1432/1432/1355 1513/1513/1434
f 1514/1514/1435 1513/1513/1434 1597/1597/1514
f 1515/1515/1436 1433/1433/1356 1514/1514/1435
f 1515/1515/1436 1514/1514/1435 1598/1598/1515
f 1434/1434/1357 1515/1515/1436 1599/1599/1516
f 1434/1434/1357 1599/1599/1516 1516/1516/1437
f 1435/1435/1358 1516/1516/1437 1600/1600/1517
f 1435/1435/1358 1600/1600/1517 1517/1517/1438
f 1518/1518/1439 1517/1517/1438 1601/1601/1518
f 1518/1518/1439 1601/1601/1518 1602/1602/1519
f 1437/1437/1360 1518/1518/1439 1602/1602/1519
f 1437/1437/1360 1602/1602/1519 1519/1519/1440
f 1519/1519/1440 1603/1603/1520 1604/1604/1441
f 1519/1519/1440 1604/1604/1441 1520/1520/1362
f 1440/1440/1363 1521/1521/1441 1605/1605/1521
f 1440/1440/1363 1605/1605/1521 1522/1522/1442
f 1441/1441/1364 1522/1522/1442 1606/1606/1522
f 1441/1441/1364 1606/1606/1522 1523/1523/1443
f 1442/1442/1365 1523/1523/1443 1607/1607/1523
f 1442/1442/1365 1607/1607/1523 1524/1524/1444
f 1524/1524/1444 1608/1608/1524 1525/1525/1445
f 1524/1524/1444 1525/1525/1445 1443/1443/1366
f 1609/1609/1525 1526/1526/1446 1444/1444/1367
f 1609/1609/1525 1444/1444/1367 1525/1525/1445
f 1526/1526/1446 1610/1610/1526 1527/1527/1447
f 1526/1526/1446 1527/1527/1447 1445/1445/1368
f 1528/1528/1448 1446/1446/1369 1527/1527/1447
f 1528/1528/1448 1527/1527/1447 1611/1611/1527
f 1528/1528/1448 1612/1612/1528 1529/1529/1449
f 1528/1528/1448 1529/1529/1449 1447/1447/1370
f 1448/1448/1371 1529/1529/1449 1613/1613/1529
f 1448/1448/1371 1613/1613/1529 1530/1530/1450
f 1530/1530/1450 1614/1614/1530 1531/1531/1451
f 1530/1530/1450 1531/1531/1451 1449/1449/1372
f 1532/1532/1373 1531/1531/1451 1615/1615/1531
f 1532/1532/1373 1615/1615/1531 1616/1616/1452
f 1617/1617/1532 1534/1534/1453 1452/1452/1374
f 1617/1617/1532 1452/1452/1374 1533/1533/1452
f 1618/1618/1533 1619/1619/1534 1535/1535/1454
f 1618/1618/1533 1535/1535/1454 1534/1534/1453
f 1453/1453/1375 1535/1535/1454 1620/1620/1535
f 1453/1453/1375 1620/1620/1535 1536/1536/1455
f 1454/1454/1376 1536/1536/1455 1621/1621/1536
f 1454/1454/1376 1621/1621/1536 1537/1537/1456
f 1455/1455/1377 1537/1537/1456 1622/1622/1537
f 1455/1455/1377 1622/1622/1537 1538/1538/1457
f 1456/1456/1378 1538/1538/1457 1623/1623/1538
f 1456/1456/1378 1623/1623/1538 1539/1539/1458
f 1539/1539/1458 1624/1624/1539 1540/1540/1459
f 1539/1539/1458 1540/1540/1459 1457/1457/1379
f 1541/1541/1460 1458/1458/1380 1540/1540/1459
f 1541/1541/1460 1540/1540/1459 1625/1625/1540
f 1541/1541/1460 1626/1626/1541 1542/1542/1461
f 1541/1541/1460 1542/1542/1461 1459/1459/1381
f 1627/1627/1542 1543/1543/1462 1460/1460/1382
f 1627/1627/1542 1460/1460/1382 1542/1542/1461
f 1628/1628/1543 1544/1544/1463 1461/1461/1383
f 1628/1628/1543 1461/1461/1383 1543/1543/1462
f 1545/1545/1464 1462/1462/1384 1544/1544/1463
f 1545/1545/1464 1544/1544/1463 1629/1629/1544
f 1545/1545/1464 1630/1630/1545 1546/1546/1465
f 1545/1545/1464 1546/1546/1465 1463/1463/1385
f 1464/1464/1386 1546/1546/1465 1631/1631/1546
f 1464/1464/1386 1631/1631/1546 1547/1547/1466
f 1548/1548/1467 1465/1465/1387 1547/1547/1466
f 1548/1548/1467 1547/1547/1466 1632/1632/1547
f 1549/1549/1468 1466/1466/1388 1548/1548/1467
f 1549/1549/1468 1548/1548/1467 1633/1633/1548
f 1467/1467/1389 1549/1549/1468 1634/1634/1549
f 1467/1467/1389 1634/1634/1549 1550/1550/1469
f 1551/1551/1470 1468/1468/1390 1550/1550/1469
f 1551/1551/1470 1550/1550/1469 1635/1635/1550
f 1552/1552/1471 1469/1469/1391 1551/1551/1470
f 1552/1552/1471 1551/1551/1470 1636/1636/1551
f 1470/1470/1392 1552/1552/1471 1637/1637/1552
f 1470/1470/1392 1637/1637/1552 1553/1553/1472
f 1471/1471/1393 1553/1553/1472 1638/1638/1553
f 1471/1471/1393 1638/1638/1553 1554/1554/1473
f 1555/1555/1474 1472/1472/1394 1554/1554/1473
f 1555/1555/1474 1554/1554/1473 1639/1639/1554
f 1556/1556/1475 1473/1473/1395 1555/1555/1474
f 1556/1556/1475 1555/1555/1474 1640/1640/1555
f 1556/1556/1475 1641/1641/1556 1557/1557/1476
f 1556/1556/1475 1557/1557/1476 1474/1474/1396
f 1475/1475/1397 1557/1557/1476 1642/1642/1557
f 1475/1475/1397 1642/1642/1557 1558/1558/1477
f 1559/1559/1478 1476/1476/1398 1558/1558/1477
f 1559/1559/1478 1558/1558/1477 1643/1643/1558
f 1477/1477/1399 1559/1559/1478 1644/1644/1559
f 1477/1477/1399 1644/1644/1559 1560/1560/1479
f 1561/1561/1480 1478/1478/1400 1560/1560/1479
f 1561/1561/1480 1560/1560/1479 1645/1645/1560
f 1479/1479/1401 1561/1561/1480 1646/1646/1561
f 1479/1479/1401 1646/1646/1561 1562/1562/1481
f 1480/1480/1402 1562/1562/1481 1647/1647/1562
f 1480/1480/1402 1647/1647/1562 1563/1563/1482
f 1481/1481/1403 1563/1563/1482 1648/1648/1563
f 1481/1481/1403 1648/1648/1563 1564/1564/1483
f 1482/1482/1404 1564/1564/1483 1649/1649/1564
f 1482/1482/1404 1649/1649/1564 1565/1565/1484
f 1483/1483/1405 1565/1565/1484 1650/1650/1565
f 1483/1483/1405 1650/1650/1565 1566/1566/1485
f 1568/1568/1486 1651/1651/1485 1652/1652/1566
f 1568/1568/1486 1652/1652/1566 1569/1569/1487
f 1569/1569/1487 1653/1653/1567 1570/1570/1488
f 1569/1569/1487 1570/1570/1488 1486/1486/1408
f 1571/1571/1489 1487/1487/1409 1570/1570/1488
f 1571/1571/1489 1570/1570/1488 1654/1654/1568
f 1488/1488/1410 1571/1571/1489 1655/1655/1569
f 1488/1488/1410 1655/1655/1569 1572/1572/1490
f 1489/1489/1411 1572/1572/1490 1656/1656/1570
f 1489/1489/1411 1656/1656/1570 1573/1573/1491
f 1573/1573/1491 1657/1657/1571 1574/1574/1492
f 1573/1573/1491 1574/1574/1492 1490/1490/1412
f 1491/1491/1413 1574/1574/1492 1658/1658/1572
f 1491/1491/1413 1658/1658/1572 1575/1575/1493
f 1576/1576/1494 1492/1492/1414 1575/1575/1493
f 1576/1576/1494 1575/1575/1493 1659/1659/1573
f 1577/1577/1495 1576/1576/1494 1660/1660/1574
f 1577/1577/1495 1660/1660/1574 1661/1661/1575
f 1494/1494/1416 1577/1577/1495 1661/1661/1575
f 1494/1494/1416 1661/1661/1575 1578/1578/1496
f 1495/1495/1417 1578/1578/1496 1662/1662/1576
f 1495/1495/1417 1662/1662/1576 1579/1579/1497
f 1496/1496/1418 1579/1579/1497 1663/1663/1577
f 1496/1496/1418 1663/1663/1577 1580/1580/1498
f 1581/1581/1419 1664/1664/1498 1665/1665/1578
f 1581/1581/1419 1665/1665/1578 1582/1582/1499
f 1582/1582/1499 1666/1666/1579 1583/1583/1500
f 1582/1582/1499 1583/1583/1500 1499/1499/1420
f 1584/1584/1501 1500/1500/1421 1583/1583/1500
f 1584/1584/1501 1583/1583/1500 1667/1667/1580
f 1501/1501/1422 1584/1584/1501 1668/1668/1581
f 1501/1501/1422 1668/1668/1581 1585/1585/1502
f 1669/1669/1582 1586/1586/1503 1502/1502/1423
f 1669/1669/1582 1502/1502/1423 1585/1585/1502
f 1586/1586/1503 1670/1670/1583 1587/1587/1504
f 1586/1586/1503 1587/1587/1504 1503/1503/1424
f 1504/1504/1425 1587/1587/1504 1671/1671/1584
f 1504/1504/1425 1671/1671/1584 1588/1588/1505
f 1505/1505/1426 1588/1588/1505 1672/1672/1585
f 1505/1505/1426 1672/1672/1585 1589/1589/1506
f 1589/1589/1506 1673/1673/1586 1590/1590/1507
f 1589/1589/1506 1590/1590/1507 1506/1506/1427
f 1674/1674/1587 1591/1591/1508 1507/1507/1428
f 1674/1674/1587 1507/1507/1428 1590/1590/1507
f 1508/1508/1429 1591/1591/1508 1675/1675/1588
f 1508/1508/1429 1675/1675/1588 1592/1592/1509
f 1509/1509/1430 1592/1592/1509 1676/1676/1589
f 1509/1509/1430 1676/1676/1589 1593/1593/1510
f 1594/1594/1511 1510/1510/1431 1593/1593/1510
f 1594/1594/1511 1593/1593/1510 1677/1677/1590
f 1594/1594/1511 1678/1678/1591 1595/1595/1512
f 1594/1594/1511 1595/1595/1512 1511/1511/1432
f 1679/1679/1592 1596/1596/1513 1512/1512/1433
f 1679/1679/1592 1512/1512/1433 1595/1595/1512
f 1596/1596/1513 1680/1680/1593 1597/1597/1514
f 1596/1596/1513 1597/1597/1514 1513/1513/1434
f 1514/1514/1435 1597/1597/1514 1681/1681/1594
f 1514/1514/1435 1681/1681/1594 1598/1598/1515
f 1515/1515/1436 1598/1598/1515 1682/1682/1595
f 1515/1515/1436 1682/1682/1595 1599/1599/1516
f 1516/1516/1437 1599/1599/1516 1683/1683/1596
f 1516/1516/1437 1683/1683/1596 1600/1600/1517
f 1517/1517/1438 1600/1600/1517 1684/1684/1597
f 1517/1517/1438 1684/1684/1597 1601/1601/1518
f 1685/1685/1598 1602/1602/1519 1601/1601/1518
f 1685/1685/1598 1601/1601/1518 1686/1686/1599
f 1519/1519/1440 1602/1602/1519 1685/1685/1598
f 1519/1519/1440 1685/1685/1598 1603/1603/1520
f 1603/1603/1520 1687/1687/1600 1688/1688/1521
f 1603/1603/1520 1688/1688/1521 1604/1604/1441
f 1605/1605/1521 1689/1689/1601 1606/1606/1522
f 1605/1605/1521 1606/1606/1522 1522/1522/1442
f 1606/1606/1522 1690/1690/1602 1607/1607/1523
f 1606/1606/1522 1607/1607/1523 1523/1523/1443
f 1524/1524/1444 1607/1607/1523 1691/1691/1603
f 1524/1524/1444 1691/1691/1603 1608/1608/1524
f 1609/1609/1525 1525/1525/1445 1608/1608/1524
f 1609/1609/1525 1608/1608/1524 1692/1692/1604
f 1609/1609/1525 1693/1693/1605 1610/1610/1526
f 1609/1609/1525 1610/1610/1526 1526/1526/1446
f 1694/1694/1606 1611/1611/1527 1527/1527/1447
f 1694/1694/1606 1527/1527/1447 1610/1610/1526
f 1528/1528/1448 1611/1611/1527 1695/1695/1607
f 1528/1528/1448 1695/1695/1607 1612/1612/1528
f 1529/1529/1449 1612/1612/1528 1696/1696/1608
f 1529/1529/1449 1696/1696/1608 1613/1613/1529
f 1530/1530/1450 1613/1613/1529 1697/1697/1609
f 1530/1530/1450 1697/1697/1609 1614/1614/1530
f 1531/1531/1451 1614/1614/1530 1698/1698/1610
f 1531/1531/1451 1698/1698/1610 1615/1615/1531
f 1615/1615/1531 1699/1699/1611 1700/1700/1532
f 1615/1615/1531 1700/1700/1532 1616/1616/1452
f 1617/1617/1532 1701/1701/1612 1618/1618/1533
f 1617/1617/1532 1618/1618/1533 1534/1534/1453
f 1618/1618/1533 1702/1702/1613 1703/1703/1614
f 1618/1618/1533 1703/1703/1614 1619/1619/1534
f 1620/1620/1535 1535/1535/1454 1619/1619/1534
f 1620/1620/1535 1619/1619/1534 1704/1704/1615
f 1536/1536/1455 1620/1620/1535 1705/1705/1616
f 1536/1536/1455 1705/1705/1616 1621/1621/1536
f 1537/1537/1456 1621/1621/1536 1706/1706/1617
f 1537/1537/1456 1706/1706/1617 1622/1622/1537
f 1538/1538/1457 1622/1622/1537 1707/1707/1618
f 1538/1538/1457 1707/1707/1618 1623/1623/1538
f 1539/1539/1458 1623/1623/1538 1708/1708/1619
f 1539/1539/1458 1708/1708/1619 1624/1624/1539
f 1625/1625/1540 1540/1540/1459 1624/1624/1539
f 1625/1625/1540 1624/1624/1539 1709/1709/1620
f 1541/1541/1460 1625/1625/1540 1710/1710/1621
f 1541/1541/1460 1710/1710/1621 1626/1626/1541
f 1711/1711/1622 1627/1627/1542 1542/1542/1461
f 1711/1711/1622 1542/1542/1461 1626/1626/1541
f 1712/1712/1623 1628/1628/1543 1543/1543/1462
f 1712/1712/1623 1543/1543/1462 1627/1627/1542
f 1629/1629/1544 1544/1544/1463 1628/1628/1543
f 1629/1629/1544 1628/1628/1543 1713/1713/1624
f 1545/1545/1464 1629/1629/1544 1714/1714/1625
f 1545/1545/1464 1714/1714/1625 1630/1630/1545
f 1631/1631/1546 1546/1546/1465 1630/1630/1545
f 1631/1631/1546 1630/1630/1545 1715/1715/1626
f 1631/1631/1546 1716/1716/1627 1632/1632/1547
f 1631/1631/1546 1632/1632/1547 1547/1547/1466
f 1548/1548/1467 1632/1632/1547 1717/1717/1628
f 1548/1548/1467 1717/1717/1628 1633/1633/1548
f 1549/1549/1468 1633/1633/1548 1718/1718/1629
f 1549/1549/1468 1718/1718/1629 1634/1634/1549
f 1635/1635/1550 1550/1550/1469 1634/1634/1549
f 1635/1635/1550 1634/1634/1549 1719/1719/1630
f 1551/1551/1470 1635/1635/1550 1720/1720/1631
f 1551/1551/1470 1720/1720/1631 1636/1636/1551
f 1552/1552/1471 1636/1636/1551 1721/1721/1632
f 1552/1552/1471 1721/1721/1632 1637/1637/1552
f 1638/1638/1553 1553/1553/1472 1637/1637/1552
f 1638/1638/1553 1637/1637/1552 1722/1722/1633
f 1554/1554/1473 1638/1638/1553 1723/1723/1634
f 1554/1554/1473 1723/1723/1634 1639/1639/1554
f 1555/1555/1474 1639/1639/1554 1724/1724/1635
f 1555/1555/1474 1724/1724/1635 1640/1640/1555
f 1556/1556/1475 1640/1640/1555 1725/1725/1636
f 1556/1556/1475 1725/1725/1636 1641/1641/1556
f 1641/1641/1556 1726/1726/1637 1642/1642/1557
f 1641/1641/1556 1642/1642/1557 1557/1557/1476
f 1727/1727/1638 1643/1643/1558 1558/1558/1477
f 1727/1727/1638 1558/1558/1477 1642/1642/1557
f 1728/1728/1639 1644/1644/1559 1559/1559/1478
f 1728/1728/1639 1559/1559/1478 1643/1643/1558
f 1729/1729/1640 1645/1645/1560 1560/1560/1479
f 1729/1729/1640 1560/1560/1479 1644/1644/1559
f 1561/1561/1480 1645/1645/1560 1730/1730/1641
f 1561/1561/1480 1730/1730/1641 1646/1646/1561
f 1647/1647/1562 1562/1562/1481 1646/1646/1561
f 1647/1647/1562 1646/1646/1561 1731/1731/1642
f 1648/1648/1563 1563/1563/1482 1647/1647/1562
f 1648/1648/1563 1647/1647/1562 1732/1732/1643
f 1648/1648/1563 1733/1733/1644 1649/1649/1564
f 1648/1648/1563 1649/1649/1564 1564/1564/1483
f 1650/1650/1565 1565/1565/1484 1649/1649/1564
f 1650/1650/1565 1649/1649/1564 1734/1734/1645
f 1651/1651/1485 1735/1735/1646 1736/1736/1647
f 1651/1651/1485 1736/1736/1647 1652/1652/1566
f 1569/1569/1487 1652/1652/1566 1737/1737/1648
f 1569/1569/1487 1737/1737/1648 1653/1653/1567
f 1570/1570/1488 1653/1653/1567 1738/1738/1649
f 1570/1570/1488 1738/1738/1649 1654/1654/1568
f 1571/1571/1489 1654/1654/1568 1739/1739/1650
f 1571/1571/1489 1739/1739/1650 1655/1655/1569
f 1572/1572/1490 1655/1655/1569 1740/1740/1651
f 1572/1572/1490 1740/1740/1651 1656/1656/1570
f 1573/1573/1491 1656/1656/1570 1741/1741/1652
f 1573/1573/1491 1741/1741/1652 1657/1657/1571
f 1574/1574/1492 1657/1657/1571 1742/1742/1653
f 1574/1574/1492 1742/1742/1653 1658/1658/1572
f 1659/1659/1573 1575/1575/1493 1658/1658/1572
f 1659/1659/1573 1658/1658/1572 1743/1743/1654
f 1576/1576/1494 1659/1659/1573 1744/1744/1655
f 1576/1576/1494 1744/1744/1655 1660/1660/1574
f 1661/1661/1575 1660/1660/1574 1745/1745/1656
f 1661/1661/1575 1745/1745/1656 1746/1746/1657
f 1578/1578/1496 1661/1661/1575 1746/1746/1657
f 1578/1578/1496 1746/1746/1657 1662/1662/1576
f 1663/1663/1577 1579/1579/1497 1662/1662/1576
f 1663/1663/1577 1662/1662/1576 1747/1747/1658
f 1664/1664/1498 1748/1748/1577 1749/1749/1659
f 1664/1664/1498 1749/1749/1659 1665/1665/1578
f 1665/1665/1578 1750/1750/1660 1666/1666/1579
f 1665/1665/1578 1666/1666/1579 1582/1582/1499
f 1666/1666/1579 1751/1751/1661 1667/1667/1580
f 1666/1666/1579 1667/1667/1580 1583/1583/1500
f 1752/1752/1662 1668/1668/1581 1584/1584/1501
f 1752/1752/1662 1584/1584/1501 1667/1667/1580
f 1669/1669/1582 1585/1585/1502 1668/1668/1581
f 1669/1669/1582 1668/1668/1581 1753/1753/1663
f 1669/1669/1582 1754/1754/1664 1670/1670/1583
f 1669/1669/1582 1670/1670/1583 1586/1586/1503
f 1587/1587/1504 1670/1670/1583 1755/1755/1665
f 1587/1587/1504 1755/1755/1665 1671/1671/1584
f 1671/1671/1584 1756/1756/1666 1672/1672/1585
f 1671/1671/1584 1672/1672/1585 1588/1588/1505
f 1672/1672/1585 1757/1757/1667 1673/1673/1586
f 1672/1672/1585 1673/1673/1586 1589/1589/1506
f 1674/1674/1587 1590/1590/1507 1673/1673/1586
f 1674/1674/1587 1673/1673/1586 1758/1758/1668
f 1674/1674/1587 1759/1759/1669 1675/1675/1588
f 1674/1674/1587 1675/1675/1588 1591/1591/1508
f 1675/1675/1588 1760/1760/1670 1676/1676/1589
f 1675/1675/1588 1676/1676/1589 1592/1592/1509
f 1593/1593/1510 1676/1676/1589 1761/1761/1671
f 1593/1593/1510 1761/1761/1671 1677/1677/1590
f 1594/1594/1511 1677/1677/1590 1762/1762/1672
f 1594/1594/1511 1762/1762/1672 1678/1678/1591
f 1679/1679/1592 1595/1595/1512 1678/1678/1591
f 1679/1679/1592 1678/1678/1591 1763/1763/1673
f 1679/1679/1592 1764/1764/1674 1680/1680/1593
f 1679/1679/1592 1680/1680/1593 1596/1596/1513
f 1680/1680/1593 1765/1765/1675 1681/1681/1594
f 1680/1680/1593 1681/1681/1594 1597/1597/1514
f 1766/1766/1676 1682/1682/1595 1598/1598/1515
f 1766/1766/1676 1598/1598/1515 1681/1681/1594
f 1767/1767/1677 1683/1683/1596 1599/1599/1516
f 1767/1767/1677 1599/1599/1516 1682/1682/1595
f 1768/1768/1678 1684/1684/1597 1600/1600/1517
f 1768/1768/1678 1600/1600/1517 1683/1683/1596
f 1601/1601/1518 1684/1684/1597 1769/1769/1679
f 1601/1601/1518 1769/1769/1679 1686/1686/1599
f 1685/1685/1598 1686/1686/1599 1770/1770/1680
f 1685/1685/1598 1770/1770/1680 1771/1771/1681
f 1603/1603/1520 1685/1685/1598 1771/1771/1681
f 1603/1603/1520 1771/1771/1681 1687/1687/1600
f 1688/1688/1521 1687/1687/1600 1772/1772/1682
f 1688/1688/1521 1772/1772/1682 1773/1773/1601
f 1606/1606/1522 1689/1689/1601 1774/1774/1683
f 1606/1606/1522 1774/1774/1683 1690/1690/1602
f 1690/1690/1602 1775/1775/1684 1691/1691/1603
f 1690/1690/1602 1691/1691/1603 1607/1607/1523
f 1776/1776/1685 1692/1692/1604 1608/1608/1524
f 1776/1776/1685 1608/1608/1524 1691/1691/1603
f 1609/1609/1525 1692/1692/1604 1777/1777/1686
f 1609/1609/1525 1777/1777/1686 1693/1693/1605
f 1693/1693/1605 1778/1778/1687 1694/1694/1606
f 1693/1693/1605 1694/1694/1606 1610/1610/1526
f 1694/1694/1606 1779/1779/1688 1695/1695/1607
f 1694/1694/1606 1695/1695/1607 1611/1611/1527
f 1695/1695/1607 1780/1780/1689 1696/1696/1608
f 1695/1695/1607 1696/1696/1608 1612/1612/1528
f 1696/1696/1608 1781/1781/1690 1697/1697/1609
f 1696/1696/1608 1697/1697/1609 1613/1613/1529
f 1614/1614/1530 1697/1697/1609 1782/1782/1691
f 1614/1614/1530 1782/1782/1691 1698/1698/1610
f 1615/1615/1531 1698/1698/1610 1783/1783/1692
f 1615/1615/1531 1783/1783/1692 1699/1699/1611
f 1700/1700/1532 1699/1699/1611 1784/1784/1693
f 1700/1700/1532 1784/1784/1693 1785/1785/1612
f 1618/1618/1533 1701/1701/1612 1786/1786/1694
f 1618/1618/1533 1786/1786/1694 1702/1702/1613
f 1703/1703/1614 1702/1702/1613 1787/1787/1695
f 1703/1703/1614 1787/1787/1695 1788/1788/1696
f 1619/1619/1534 1703/1703/1614 1789/1789/1697
f 1619/1619/1534 1789/1789/1697 1704/1704/1615
f 1620/1620/1535 1704/1704/1615 1790/1790/1698
f 1620/1620/1535 1790/1790/1698 1705/1705/1616
f 1706/1706/1617 1621/1621/1536 1705/1705/1616
f 1706/1706/1617 1705/1705/1616 1791/1791/1699
f 1707/1707/1618 1622/1622/1537 1706/1706/1617
f 1707/1707/1618 1706/1706/1617 1792/1792/1700
f 1707/1707/1618 1793/1793/1701 1708/1708/1619
f 1707/1707/1618 1708/1708/1619 1623/1623/1538
f 1709/1709/1620 1624/1624/1539 1708/1708/1619
f 1709/1709/1620 1708/1708/1619 1794/1794/1702
f 1625/1625/1540 1709/1709/1620 1795/1795/1703
f 1625/1625/1540 1795/1795/1703 1710/1710/1621
f 1711/1711/1622 1626/1626/1541 1710/1710/1621
f 1711/1711/1622 1710/1710/1621 1796/1796/1704
f 1712/1712/1623 1627/1627/1542 1711/1711/1622
f 1712/1712/1623 1711/1711/1622 1797/1797/1705
f 1712/1712/1623 1798/1798/1706 1713/1713/1624
f 1712/1712/1623 1713/1713/1624 1628/1628/1543
f 1714/1714/1625 1629/1629/1544 1713/1713/1624
f 1714/1714/1625 1713/1713/1624 1799/1799/1707
f 1800/1800/1708 1715/1715/1626 1630/1630/1545
f 1800/1800/1708 1630/1630/1545 1714/1714/1625
f 1631/1631/1546 1715/1715/1626 1801/1801/1709
f 1631/1631/1546 1801/1801/1709 1716/1716/1627
f 1802/1802/1710 1717/1717/1628 1632/1632/1547
f 1802/1802/1710 1632/1632/1547 1716/1716/1627
f 1718/1718/1629 1633/1633/1548 1717/1717/1628
f 1718/1718/1629 1717/1717/1628 1803/1803/1711
f 1719/1719/1630 1634/1634/1549 1718/1718/1629
f 1719/1719/1630 1718/1718/1629 1804/1804/1712
f 1635/1635/1550 1719/1719/1630 1805/1805/1713
f 1635/1635/1550 1805/1805/1713 1720/1720/1631
f 1721/1721/1632 1636/1636/1551 1720/1720/1631
f 1721/1721/1632 1720/1720/1631 1806/1806/1714
f 1637/1637/1552 1721/1721/1632 1807/1807/1715
f 1637/1637/1552 1807/1807/1715 1722/1722/1633
f 1638/1638/1553 1722/1722/1633 1808/1808/1716
f 1638/1638/1553 1808/1808/1716 1723/1723/1634
f 1724/1724/1635 1639/1639/1554 1723/1723/1634
f 1724/1724/1635 1723/1723/1634 1809/1809/1717
f 1640/1640/1555 1724/1724/1635 1810/1810/1718
f 1640/1640/1555 1810/1810/1718 1725/1725/1636
f 1725/1725/1636 1811/1811/1719 1726/1726/1637
f 1725/1725/1636 1726/1726/1637 1641/1641/1556
f 1727/1727/1638 1642/1642/1557 1726/1726/1637
f 1727/1727/1638 1726/1726/1637 1812/1812/1720
f 1728/1728/1639 1643/1643/1558 1727/1727/1638
f 1728/1728/1639 1727/1727/1638 1813/1813/1721
f 1729/1729/1640 1644/1644/1559 1728/1728/1639
f 1729/1729/1640 1728/1728/1639 1814/1814/1722
f 1729/1729/1640 1815/1815/1723 1730/1730/1641
f 1729/1729/1640 1730/1730/1641 1645/1645/1560
f 1731/1731/1642 1646/1646/1561 1730/1730/1641
f 1731/1731/1642 1730/1730/1641 1816/1816/1724
f 1647/1647/1562 1731/1731/1642 1817/1817/1725
f 1647/1647/1562 1817/1817/1725 1732/1732/1643
f 1648/1648/1563 1732/1732/1643 1818/1818/1726
f 1648/1648/1563 1818/1818/1726 1733/1733/1644
f 1734/1734/1645 1649/1649/1564 1733/1733/1644
f 1734/1734/1645 1733/1733/1644 1819/1819/1727
f 1735/1735/1646 1820/1820/1645 1821/1821/1728
f 1735/1735/1646 1821/1821/1728 1736/1736/1647
f 1737/1737/1648 1652/1652/1566 1736/1736/1647
f 1737/1737/1648 1736/1736/1647 1822/1822/1729
f 1653/1653/1567 1737/1737/1648 1823/1823/1730
f 1653/1653/1567 1823/1823/1730 1738/1738/1649
f 1654/1654/1568 1738/1738/1649 1824/1824/1731
f 1654/1654/1568 1824/1824/1731 1739/1739/1650
f 1740/1740/1651 1655/1655/1569 1739/1739/1650
f 1740/1740/1651 1739/1739/1650 1825/1825/1732
f 1741/1741/1652 1656/1656/1570 1740/1740/1651
f 1741/1741/1652 1740/1740/1651 1826/1826/1733
f 1657/1657/1571 1741/1741/1652 1827/1827/1734
f 1657/1657/1571 1827/1827/1734 1742/1742/1653
f 1658/1658/1572 1742/1742/1653 1828/1828/1735
f 1658/1658/1572 1828/1828/1735 1743/1743/1654
f 1659/1659/1573 1743/1743/1654 1829/1829/1736
f 1659/1659/1573 1829/1829/1736 1744/1744/1655
f 1660/1660/1574 1744/1744/1655 1830/1830/1737
f 1660/1660/1574 1830/1830/1737 1745/1745/1656
f 1746/1746/1657 1745/1745/1656 1831/1831/1738
f 1746/1746/1657 1831/1831/1738 1832/1832/1739
f 1747/1747/1658 1662/1662/1576 1746/1746/1657
f 1747/1747/1658 1746/1746/1657 1832/1832/1739
f 1748/1748/1577 1833/1833/1658 1834/1834/1740
f 1748/1748/1577 1834/1834/1740 1749/1749/1659
f 1665/1665/1578 1749/1749/1659 1835/1835/1741
f 1665/1665/1578 1835/1835/1741 1750/1750/1660
f 1666/1666/1579 1750/1750/1660 1836/1836/1742
f 1666/1666/1579 1836/1836/1742 1751/1751/1661
f 1837/1837/1743 1752/1752/1662 1667/1667/1580
f 1837/1837/1743 1667/1667/1580 1751/1751/1661
f 1753/1753/1663 1668/1668/1581 1752/1752/1662
f 1753/1753/1663 1752/1752/1662 1838/1838/1744
f 1669/1669/1582 1753/1753/1663 1839/1839/1745
f 1669/1669/1582 1839/1839/1745 1754/1754/1664
f 1840/1840/1746 1755/1755/1665 1670/1670/1583
f 1840/1840/1746 1670/1670/1583 1754/1754/1664
f 1671/1671/1584 1755/1755/1665 1841/1841/1747
f 1671/1671/1584 1841/1841/1747 1756/1756/1666
f 1672/1672/1585 1756/1756/1666 1842/1842/1748
f 1672/1672/1585 1842/1842/1748 1757/1757/1667
f 1758/1758/1668 1673/1673/1586 1757/1757/1667
f 1758/1758/1668 1757/1757/1667 1843/1843/1749
f 1674/1674/1587 1758/1758/1668 1844/1844/1750
f 1674/1674/1587 1844/1844/1750 1759/1759/1669
f 1675/1675/1588 1759/1759/1669 1845/1845/1751
f 1675/1675/1588 1845/1845/1751 1760/1760/1670
f 1846/1846/1752 1761/1761/1671 1676/1676/1589
f 1846/1846/1752 1676/1676/1589 1760/1760/1670
f 1847/1847/1753 1762/1762/1672 1677/1677/1590
f 1847/1847/1753 1677/1677/1590 1761/1761/1671
f 1763/1763/1673 1678/1678/1591 1762/1762/1672
f 1763/1763/1673 1762/1762/1672 1848/1848/1754
f 1679/1679/1592 1763/1763/1673 1849/1849/1755
f 1679/1679/1592 1849/1849/1755 1764/1764/1674
f 1850/1850/1756 1765/1765/1675 1680/1680/1593
f 1850/1850/1756 1680/1680/1593 1764/1764/1674
f 1766/1766/1676 1681/1681/1594 1765/1765/1675
f 1766/1766/1676 1765/1765/1675 1851/1851/1757
f 1766/1766/1676 1852/1852/1758 1767/1767/1677
f 1766/1766/1676 1767/1767/1677 1682/1682/1595
f 1767/1767/1677 1853/1853/1759 1768/1768/1678
f 1767/1767/1677 1768/1768/1678 1683/1683/1596
f 1768/1768/1678 1854/1854/1760 1769/1769/1679
f 1768/1768/1678 1769/1769/1679 1684/1684/1597
f 1770/1770/1680 1686/1686/1599 1769/1769/1679
f 1770/1770/1680 1769/1769/1679 1855/1855/1761
f 1770/1770/1680 1856/1856/1762 1857/1857/1763
f 1770/1770/1680 1857/1857/1763 1771/1771/1681
f 1687/1687/1600 1771/1771/1681 1857/1857/1763
f 1687/1687/1600 1857/1857/1763 1772/1772/1682
f 1772/1772/1682 1858/1858/1764 1859/1859/1683
f 1772/1772/1682 1859/1859/1683 1773/1773/1601
f 1774/1774/1683 1860/1860/1765 1775/1775/1684
f 1774/1774/1683 1775/1775/1684 1690/1690/1602
f 1775/1775/1684 1861/1861/1766 1776/1776/1685
f 1775/1775/1684 1776/1776/1685 1691/1691/1603
f 1776/1776/1685 1862/1862/1767 1777/1777/1686
f 1776/1776/1685 1777/1777/1686 1692/1692/1604
f 1693/1693/1605 1777/1777/1686 1863/1863/1768
f 1693/1693/1605 1863/1863/1768 1778/1778/1687
f 1694/1694/1606 1778/1778/1687 1864/1864/1769
f 1694/1694/1606 1864/1864/1769 1779/1779/1688
f 1695/1695/1607 1779/1779/1688 1865/1865/1770
f 1695/1695/1607 1865/1865/1770 1780/1780/1689
f 1780/1780/1689 1866/1866/1771 1781/1781/1690
f 1780/1780/1689 1781/1781/1690 1696/1696/1608
f 1697/1697/1609 1781/1781/1690 1867/1867/1772
f 1697/1697/1609 1867/1867/1772 1782/1782/1691
f 1782/1782/1691 1868/1868/1773 1783/1783/1692
f 1782/1782/1691 1783/1783/1692 1698/1698/1610
f 1699/1699/1611 1783/1783/1692 1869/1869/1774
f 1699/1699/1611 1869/1869/1774 1784/1784/1693
f 1785/1785/1612 1784/1784/1693 1870/1870/1775
f 1785/1785/1612 1870/1870/1775 1871/1871/1694
f 1786/1786/1694 1872/1872/1776 1787/1787/1695
f 1786/1786/1694 1787/1787/1695 1702/1702/1613
f 1788/1788/1696 1787/1787/1695 1873/1873/1777
f 1788/1788/1696 1873/1873/1777 1874/1874/1778
f 1703/1703/1614 1788/1788/1696 1875/1875/1779
f 1703/1703/1614 1875/1875/1779 1789/1789/1697
f 1789/1789/1697 1876/1876/1780 1790/1790/1698
f 1789/1789/1697 1790/1790/1698 1704/1704/1615
f 1791/1791/1699 1705/1705/1616 1790/1790/1698
f 1791/1791/1699 1790/1790/1698 1877/1877/1781
f 1706/1706/1617 1791/1791/1699 1878/1878/1782
f 1706/1706/1617 1878/1878/1782 1792/1792/1700
f 1707/1707/1618 1792/1792/1700 1879/1879/1783
f 1707/1707/1618 1879/1879/1783 1793/1793/1701
f 1880/1880/1784 1794/1794/1702 1708/1708/1619
f 1880/1880/1784 1708/1708/1619 1793/1793/1701
f 1709/1709/1620 1794/1794/1702 1881/1881/1785
f 1709/1709/1620 1881/1881/1785 1795/1795/1703
f 1882/1882/1786 1796/1796/1704 1710/1710/1621
f 1882/1882/1786 1710/1710/1621 1795/1795/1703
f 1711/1711/1622 1796/1796/1704 1883/1883/1787
f 1711/1711/1622 1883/1883/1787 1797/1797/1705
f 1712/1712/1623 1797/1797/1705 1884/1884/1788
f 1712/1712/1623 1884/1884/1788 1798/1798/1706
f 1799/1799/1707 1713/1713/1624 1798/1798/1706
f 1799/1799/1707 1798/1798/1706 1885/1885/1789
f 1800/1800/1708 1714/1714/1625 1799/1799/1707
f 1800/1800/1708 1799/1799/1707 1886/1886/1790
f 1887/1887/1791 1801/1801/1709 1715/1715/1626
f 1887/1887/1791 1715/1715/1626 1800/1800/1708
f 1888/1888/1792 1802/1802/1710 1716/1716/1627
f 1888/1888/1792 1716/1716/1627 1801/1801/1709
f 1803/1803/1711 1717/1717/1628 1802/1802/1710
f 1803/1803/1711 1802/1802/1710 1889/1889/1793
f 1718/1718/1629 1803/1803/1711 1890/1890/1794
f 1718/1718/1629 1890/1890/1794 1804/1804/1712
f 1719/1719/1630 1804/1804/1712 1891/1891/1795
f 1719/1719/1630 1891/1891/1795 1805/1805/1713
f 1806/1806/1714 1720/1720/1631 1805/1805/1713
f 1806/1806/1714 1805/1805/1713 1892/1892/1796
f 1721/1721/1632 1806/1806/1714 1893/1893/1797
f 1721/1721/1632 1893/1893/1797 1807/1807/1715
f 1808/1808/1716 1722/1722/1633 1807/1807/1715
f 1808/1808/1716 1807/1807/1715 1894/1894/1798
f 1723/1723/1634 1808/1808/1716 1895/1895/1799
f 1723/1723/1634 1895/1895/1799 1809/1809/1717
f 1724/1724/1635 1809/1809/1717 1896/1896/1800
f 1724/1724/1635 1896/1896/1800 1810/1810/1718
f 1725/1725/1636 1810/1810/1718 1897/1897/1801
f 1725/1725/1636 1897/1897/1801 1811/1811/1719
f 1812/1812/1720 1726/1726/1637 1811/1811/1719
f 1812/1812/1720 1811/1811/1719 1898/1898/1802
f 1727/1727/1638 1812/1812/1720 1899/1899/1803
f 1727/1727/1638 1899/1899/1803 1813/1813/1721
f 1814/1814/1722 1728/1728/1639 1813/1813/1721
f 1814/1814/1722 1813/1813/1721 1900/1900/345
f 1729/1729/1640 1814/1814/1722 1901/1901/1804
f 1729/1729/1640 1901/1901/1804 1815/1815/1723
f 1902/1902/1805 1816/1816/1724 1730/1730/1641
f 1902/1902/1805 1730/1730/1641 1815/1815/1723
f 1731/1731/1642 1816/1816/1724 1903/1903/1806
f 1731/1731/1642 1903/1903/1806 1817/1817/1725
f 1818/1818/1726 1732/1732/1643 1817/1817/1725
f 1818/1818/1726 1817/1817/1725 1904/1904/1807
f 1819/1819/1727 1733/1733/1644 1818/1818/1726
f 1819/1819/1727 1818/1818/1726 1905/1905/1808
f 1820/1820/1645 1906/1906/1727 1907/1907/1809
f 1820/1820/1645 1907/1907/1809 1821/1821/1728
f 1822/1822/1729 1736/1736/1647 1821/1821/1728
f 1822/1822/1729 1821/1821/1728 1908/1908/1810
f 1823/1823/1730 1737/1737/1648 1822/1822/1729
f 1823/1823/1730 1822/1822/1729 1909/1909/1811
f 1738/1738/1649 1823/1823/1730 1910/1910/1812
f 1738/1738/1649 1910/1910/1812 1824/1824/1731
f 1739/1739/1650 1824/1824/1731 1911/1911/1813
f 1739/1739/1650 1911/1911/1813 1825/1825/1732
f 1740/1740/1651 1825/1825/1732 1912/1912/1814
f 1740/1740/1651 1912/1912/1814 1826/1826/1733
f 1741/1741/1652 1826/1826/1733 1913/1913/1815
f 1741/1741/1652 1913/1913/1815 1827/1827/1734
f 1742/1742/1653 1827/1827/1734 1914/1914/1816
f 1742/1742/1653 1914/1914/1816 1828/1828/1735
f 1743/1743/1654 1828/1828/1735 1915/1915/1817
f 1743/1743/1654 1915/1915/1817 1829/1829/1736
f 1744/1744/1655 1829/1829/1736 1916/1916/1818
f 1744/1744/1655 1916/1916/1818 1830/1830/1737
f 1745/1745/1656 1830/1830/1737 1917/1917/1819
f 1745/1745/1656 1917/1917/1819 1831/1831/1738
f 1918/1918/1739 1919/1919/1738 1920/1920/1820
f 1918/1918/1739 1920/1920/1820 1921/1921/1821
f 1833/1833/1658 1918/1918/1739 1921/1921/1821
f 1833/1833/1658 1921/1921/1821 1834/1834/1740
f 1749/1749/1659 1834/1834/1740 1922/1922/1822
f 1749/1749/1659 1922/1922/1822 1835/1835/1741
f 1836/1836/1742 1750/1750/1660 1835/1835/1741
f 1836/1836/1742 1835/1835/1741 1923/1923/1823
f 1836/1836/1742 1924/1924/1824 1837/1837/1743
f 1836/1836/1742 1837/1837/1743 1751/1751/1661
f 1837/1837/1743 1925/1925/1825 1838/1838/1744
f 1837/1837/1743 1838/1838/1744 1752/1752/1662
f 1753/1753/1663 1838/1838/1744 1926/1926/1826
f 1753/1753/1663 1926/1926/1826 1839/1839/1745
f 1840/1840/1746 1754/1754/1664 1839/1839/1745
f 1840/1840/1746 1839/1839/1745 1927/1927/1827
f 1840/1840/1746 1928/1928/1828 1841/1841/1747
f 1840/1840/1746 1841/1841/1747 1755/1755/1665
f 1929/1929/1829 1842/1842/1748 1756/1756/1666
f 1929/1929/1829 1756/1756/1666 1841/1841/1747
f 1757/1757/1667 1842/1842/1748 1930/1930/1830
f 1757/1757/1667 1930/1930/1830 1843/1843/1749
f 1758/1758/1668 1843/1843/1749 1931/1931/1831
f 1758/1758/1668 1931/1931/1831 1844/1844/1750
f 1844/1844/1750 1932/1932/1832 1845/1845/1751
f 1844/1844/1750 1845/1845/1751 1759/1759/1669
f 1933/1933/1833 1846/1846/1752 1760/1760/1670
f 1933/1933/1833 1760/1760/1670 1845/1845/1751
f 1847/1847/1753 1761/1761/1671 1846/1846/1752
f 1847/1847/1753 1846/1846/1752 1934/1934/1834
f 1935/1935/1835 1848/1848/1754 1762/1762/1672
f 1935/1935/1835 1762/1762/1672 1847/1847/1753
f 1763/1763/1673 1848/1848/1754 1936/1936/1836
f 1763/1763/1673 1936/1936/1836 1849/1849/1755
f 1850/1850/1756 1764/1764/1674 1849/1849/1755
f 1850/1850/1756 1849/1849/1755 1937/1937/1837
f 1850/1850/1756 1938/1938/1838 1851/1851/1757
f 1850/1850/1756 1851/1851/1757 1765/1765/1675
f 1766/1766/1676 1851/1851/1757 1939/1939/1839
f 1766/1766/1676 1939/1939/1839 1852/1852/1758
f 1767/1767/1677 1852/1852/1758 1940/1940/1840
f 1767/1767/1677 1940/1940/1840 1853/1853/1759
f 1853/1853/1759 1941/1941/1841 1854/1854/1760
f 1853/1853/1759 1854/1854/1760 1768/1768/1678
f 1854/1854/1760 1942/1942/1842 1855/1855/1761
f 1854/1854/1760 1855/1855/1761 1769/1769/1679
f 1770/1770/1680 1855/1855/1761 1943/1943/1843
f 1770/1770/1680 1943/1943/1843 1856/1856/1762
f 1857/1857/1763 1856/1856/1762 1944/1944/1844
f 1857/1857/1763 1944/1944/1844 1945/1945/1845
f 1772/1772/1682 1857/1857/1763 1945/1945/1845
f 1772/1772/1682 1945/1945/1845 1858/1858/1764
f 1858/1858/1764 1946/1946/1846 1947/1947/1765
f 1858/1858/1764 1947/1947/1765 1859/1859/1683
f 1860/1860/1765 1948/1948/1847 1861/1861/1766
f 1860/1860/1765 1861/1861/1766 1775/1775/1684
f 1776/1776/1685 1861/1861/1766 1949/1949/1848
f 1776/1776/1685 1949/1949/1848 1862/1862/1767
f 1862/1862/1767 1950/1950/1849 1863/1863/1768
f 1862/1862/1767 1863/1863/1768 1777/1777/1686
f 1863/1863/1768 1951/1951/1850 1864/1864/1769
f 1863/1863/1768 1864/1864/1769 1778/1778/1687
f 1779/1779/1688 1864/1864/1769 1952/1952/1851
f 1779/1779/1688 1952/1952/1851 1865/1865/1770
f 1780/1780/1689 1865/1865/1770 1953/1953/1852
f 1780/1780/1689 1953/1953/1852 1866/1866/1771
f 1781/1781/1690 1866/1866/1771 1954/1954/1853
f 1781/1781/1690 1954/1954/1853 1867/1867/1772
f 1782/1782/1691 1867/1867/1772 1955/1955/1854
f 1782/1782/1691 1955/1955/1854 1868/1868/1773
f 1783/1783/1692 1868/1868/1773 1956/1956/1855
f 1783/1783/1692 1956/1956/1855 1869/1869/1774
f 1869/1869/1774 1957/1957/1856 1870/1870/1775
f 1869/1869/1774 1870/1870/1775 1784/1784/1693
f 1871/1871/1694 1870/1870/1775 1958/1958/1857
f 1871/1871/1694 1958/1958/1857 1959/1959/1858
f 1787/1787/1695 1872/1872/1776 1960/1960/1859
f 1787/1787/1695 1960/1960/1859 1873/1873/1777
f 1874/1874/1778 1873/1873/1777 1961/1961/1860
f 1874/1874/1778 1961/1961/1860 1962/1962/1861
f 1788/1788/1696 1874/1874/1778 1963/1963/1862
f 1788/1788/1696 1963/1963/1862 1875/1875/1779
f 1964/1964/1863 1876/1876/1780 1789/1789/1697
f 1964/1964/1863 1789/1789/1697 1875/1875/1779
f 1965/1965/1864 1877/1877/1781 1790/1790/1698
f 1965/1965/1864 1790/1790/1698 1876/1876/1780
f 1878/1878/1782 1791/1791/1699 1877/1877/1781
f 1878/1878/1782 1877/1877/1781 1966/1966/1865
f 1792/1792/1700 1878/1878/1782 1967/1967/1866
f 1792/1792/1700 1967/1967/1866 1879/1879/1783
f 1880/1880/1784 1793/1793/1701 1879/1879/1783
f 1880/1880/1784 1879/1879/1783 1968/1968/1867
f 1881/1881/1785 1794/1794/1702 1880/1880/1784
f 1881/1881/1785 1880/1880/1784 1969/1969/1868
f 1882/1882/1786 1795/1795/1703 1881/1881/1785
f 1882/1882/1786 1881/1881/1785 1970/1970/1869
f 1971/1971/1870 1883/1883/1787 1796/1796/1704
f 1971/1971/1870 1796/1796/1704 1882/1882/1786
f 1972/1972/1871 1884/1884/1788 1797/1797/1705
f 1972/1972/1871 1797/1797/1705 1883/1883/1787
f 1973/1973/1872 1885/1885/1789 1798/1798/1706
f 1973/1973/1872 1798/1798/1706 1884/1884/1788
f 1799/1799/1707 1885/1885/1789 1974/1974/1873
f 1799/1799/1707 1974/1974/1873 1886/1886/1790
f 1887/1887/1791 1800/1800/1708 1886/1886/1790
f 1887/1887/1791 1886/1886/1790 1975/1975/1874
f 1888/1888/1792 1801/1801/1709 1887/1887/1791
f 1888/1888/1792 1887/1887/1791 1976/1976/1875
f 1889/1889/1793 1802/1802/1710 1888/1888/1792
f 1889/1889/1793 1888/1888/1792 1977/1977/1876
f 1803/1803/1711 1889/1889/1793 1978/1978/1877
f 1803/1803/1711 1978/1978/1877 1890/1890/1794
f 1890/1890/1794 1979/1979/1878 1891/1891/1795
f 1890/1890/1794 1891/1891/1795 1804/1804/1712
f 1892/1892/1796 1805/1805/1713 1891/1891/1795
f 1892/1892/1796 1891/1891/1795 1980/1980/1879
f 1806/1806/1714 1892/1892/1796 1981/1981/1880
f 1806/1806/1714 1981/1981/1880 1893/1893/1797
f 1894/1894/1798 1807/1807/1715 1893/1893/1797
f 1894/1894/1798 1893/1893/1797 1982/1982/1881
f 1808/1808/1716 1894/1894/1798 1983/1983/1882
f 1808/1808/1716 1983/1983/1882 1895/1895/1799
f 1809/1809/1717 1895/1895/1799 1984/1984/1883
f 1809/1809/1717 1984/1984/1883 1896/1896/1800
f 1810/1810/1718 1896/1896/1800 1985/1985/1884
f 1810/1810/1718 1985/1985/1884 1897/1897/1801
f 1898/1898/1802 1811/1811/1719 1897/1897/1801
f 1898/1898/1802 1897/1897/1801 1986/1986/1885
f 1812/1812/1720 1898/1898/1802 1987/1987/1886
f 1812/1812/1720 1987/1987/1886 1899/1899/1803
f 1899/1899/1803 1988/1988/1887 1900/1900/345
f 1899/1899/1803 1900/1900/345 1813/1813/1721
f 1814/1814/1722 1900/1900/345 1989/1989/1888
f 1814/1814/1722 1989/1989/1888 1901/1901/1804
f 1902/1902/1805 1815/1815/1723 1901/1901/1804
f 1902/1902/1805 1901/1901/1804 1990/1990/1889
f 1903/1903/1806 1816/1816/1724 1902/1902/1805
f 1903/1903/1806 1902/1902/1805 1991/1991/1890
f 1992/1992/1891 1904/1904/1807 1817/1817/1725
f 1992/1992/1891 1817/1817/1725 1903/1903/1806
f 1818/1818/1726 1904/1904/1807 1993/1993/1892
f 1818/1818/1726 1993/1993/1892 1905/1905/1808
f 1907/1907/1809 1906/1906/1727 1994/1994/1808
f 1907/1907/1809 1994/1994/1808 1995/1995/1893
f 1821/1821/1728 1907/1907/1809 1996/1996/1894
f 1821/1821/1728 1996/1996/1894 1908/1908/1810
f 1822/1822/1729 1908/1908/1810 1997/1997/1895
f 1822/1822/1729 1997/1997/1895 1909/1909/1811
f 1823/1823/1730 1909/1909/1811 1998/1998/1896
f 1823/1823/1730 1998/1998/1896 1910/1910/1812
f 1824/1824/1731 1910/1910/1812 1999/1999/1897
f 1824/1824/1731 1999/1999/1897 1911/1911/1813
f 1825/1825/1732 1911/1911/1813 2000/2000/1898
f 1825/1825/1732 2000/2000/1898 1912/1912/1814
f 1826/1826/1733 1912/1912/1814 2001/2001/1899
f 1826/1826/1733 2001/2001/1899 1913/1913/1815
f 1827/1827/1734 1913/1913/1815 2002/2002/1900
f 1827/1827/1734 2002/2002/1900 1914/1914/1816
f 1915/1915/1817 1828/1828/1735 1914/1914/1816
f 1915/1915/1817 1914/1914/1816 2003/2003/1901
f 1829/1829/1736 1915/1915/1817 2004/2004/1902
f 1829/1829/1736 2004/2004/1902 1916/1916/1818
f 1830/1830/1737 1916/1916/1818 2005/2005/1903
f 1830/1830/1737 2005/2005/1903 1917/1917/1819
f 1920/1920/1820 1919/1919/1738 2006/2006/1819
f 1920/1920/1820 2006/2006/1819 2007/2007/1904
f 1920/1920/1820 2008/2008/1905 2009/2009/1906
f 1920/1920/1820 2009/2009/1906 1921/1921/1821
f 1921/1921/1821 2009/2009/1906 1922/1922/1822
f 1921/1921/1821 1922/1922/1822 1834/1834/1740
f 1923/1923/1823 1835/1835/1741 1922/1922/1822
f 1923/1923/1823 1922/1922/1822 2010/2010/1907
f 1836/1836/1742 1923/1923/1823 2011/2011/1908
f 1836/1836/1742 2011/2011/1908 1924/1924/1824
f 1837/1837/1743 1924/1924/1824 2012/2012/1909
f 1837/1837/1743 2012/2012/1909 1925/1925/1825
f 1838/1838/1744 1925/1925/1825 2013/2013/1910
f 1838/1838/1744 2013/2013/1910 1926/1926/1826
f 2014/2014/1911 1927/1927/1827 1839/1839/1745
f 2014/2014/1911 1839/1839/1745 1926/1926/1826
f 1840/1840/1746 1927/1927/1827 2015/2015/1912
f 1840/1840/1746 2015/2015/1912 1928/1928/1828
f 1929/1929/1829 1841/1841/1747 1928/1928/1828
f 1929/1929/1829 1928/1928/1828 2016/2016/1913
f 1929/1929/1829 2017/2017/1914 1930/1930/1830
f 1929/1929/1829 1930/1930/1830 1842/1842/1748
f 1931/1931/1831 1843/1843/1749 1930/1930/1830
f 1931/1931/1831 1930/1930/1830 2018/2018/1915
f 1844/1844/1750 1931/1931/1831 2019/2019/1916
f 1844/1844/1750 2019/2019/1916 1932/1932/1832
f 1933/1933/1833 1845/1845/1751 1932/1932/1832
f 1933/1933/1833 1932/1932/1832 2020/2020/1917
f 1933/1933/1833 2021/2021/1918 1934/1934/1834
f 1933/1933/1833 1934/1934/1834 1846/1846/1752
f 1935/1935/1835 1847/1847/1753 1934/1934/1834
f 1935/1935/1835 1934/1934/1834 2022/2022/1919
f 2023/2023/1920 1936/1936/1836 1848/1848/1754
f 2023/2023/1920 1848/1848/1754 1935/1935/1835
f 1936/1936/1836 2024/2024/1921 1937/1937/1837
f 1936/1936/1836 1937/1937/1837 1849/1849/1755
f 1850/1850/1756 1937/1937/1837 2025/2025/1922
f 1850/1850/1756 2025/2025/1922 1938/1938/1838
f 1851/1851/1757 1938/1938/1838 2026/2026/1923
f 1851/1851/1757 2026/2026/1923 1939/1939/1839
f 1939/1939/1839 2027/2027/1924 1940/1940/1840
f 1939/1939/1839 1940/1940/1840 1852/1852/1758
f 1853/1853/1759 1940/1940/1840 2028/2028/1925
f 1853/1853/1759 2028/2028/1925 1941/1941/1841
f 1854/1854/1760 1941/1941/1841 2029/2029/1926
f 1854/1854/1760 2029/2029/1926 1942/1942/1842
f 1942/1942/1842 2030/2030/1927 1943/1943/1843
f 1942/1942/1842 1943/1943/1843 1855/1855/1761
f 1943/1943/1843 2031/2031/1928 1944/1944/1844
f 1943/1943/1843 1944/1944/1844 1856/1856/1762
f 1944/1944/1844 2032/2032/1929 2033/2033/1930
f 1944/1944/1844 2033/2033/1930 1945/1945/1845
f 1858/1858/1764 1945/1945/1845 2033/2033/1930
f 1858/1858/1764 2033/2033/1930 1946/1946/1846
f 1947/1947/1765 1946/1946/1846 2034/2034/1931
f 1947/1947/1765 2034/2034/1931 2035/2035/1847
f 1861/1861/1766 1948/1948/1847 2036/2036/1932
f 1861/1861/1766 2036/2036/1932 1949/1949/1848
f 1862/1862/1767 1949/1949/1848 2037/2037/1933
f 1862/1862/1767 2037/2037/1933 1950/1950/1849
f 1863/1863/1768 1950/1950/1849 2038/2038/1934
f 1863/1863/1768 2038/2038/1934 1951/1951/1850
f 1951/1951/1850 2039/2039/1935 1952/1952/1851
f 1951/1951/1850 1952/1952/1851 1864/1864/1769
f 1865/1865/1770 1952/1952/1851 2040/2040/1936
f 1865/1865/1770 2040/2040/1936 1953/1953/1852
f 1953/1953/1852 2041/2041/1937 1954/1954/1853
f 1953/1953/1852 1954/1954/1853 1866/1866/1771
f 1954/1954/1853 2042/2042/1938 1955/1955/1854
f 1954/1954/1853 1955/1955/1854 1867/1867/1772
f 1955/1955/1854 2043/2043/1939 1956/1956/1855
f 1955/1955/1854 1956/1956/1855 1868/1868/1773
f 1956/1956/1855 2044/2044/1940 1957/1957/1856
f 1956/1956/1855 1957/1957/1856 1869/1869/1774
f 1957/1957/1856 2045/2045/1941 1958/1958/1857
f 1957/1957/1856 1958/1958/1857 1870/1870/1775
f 1959/1959/1858 1958/1958/1857 2046/2046/1942
f 1959/1959/1858 2046/2046/1942 2047/2047/1859
f 1960/1960/1859 2048/2048/1943 1961/1961/1860
f 1960/1960/1859 1961/1961/1860 1873/1873/1777
f 1962/1962/1861 1961/1961/1860 2049/2049/1944
f 1962/1962/1861 2049/2049/1944 2050/2050/1945
f 1874/1874/1778 1962/1962/1861 2051/2051/1946
f 1874/1874/1778 2051/2051/1946 1963/1963/1862
f 1964/1964/1863 1875/1875/1779 1963/1963/1862
f 1964/1964/1863 1963/1963/1862 2052/2052/1947
f 1964/1964/1863 2053/2053/1948 1965/1965/1864
f 1964/1964/1863 1965/1965/1864 1876/1876/1780
f 1966/1966/1865 1877/1877/1781 1965/1965/1864
f 1966/1966/1865 1965/1965/1864 2054/2054/1949
f 1878/1878/1782 1966/1966/1865 2055/2055/1950
f 1878/1878/1782 2055/2055/1950 1967/1967/1866
f 1879/1879/1783 1967/1967/1866 2056/2056/1951
f 1879/1879/1783 2056/2056/1951 1968/1968/1867
f 1880/1880/1784 1968/1968/1867 2057/2057/1952
f 1880/1880/1784 2057/2057/1952 1969/1969/1868
f 1881/1881/1785 1969/1969/1868 2058/2058/1953
f 1881/1881/1785 2058/2058/1953 1970/1970/1869
f 1971/1971/1870 1882/1882/1786 1970/1970/1869
f 1971/1971/1870 1970/1970/1869 2059/2059/1954
f 1972/1972/1871 1883/1883/1787 1971/1971/1870
f 1972/1972/1871 1971/1971/1870 2060/2060/1955
f 1973/1973/1872 1884/1884/1788 1972/1972/1871
f 1973/1973/1872 1972/1972/1871 2061/2061/1956
f 1973/1973/1872 2062/2062/1957 1974/1974/1873
f 1973/1973/1872 1974/1974/1873 1885/1885/1789
f 1975/1975/1874 1886/1886/1790 1974/1974/1873
f 1975/1975/1874 1974/1974/1873 2063/2063/1958
f 1887/1887/1791 1975/1975/1874 2064/2064/1959
f 1887/1887/1791 2064/2064/1959 1976/1976/1875
f 1888/1888/1792 1976/1976/1875 2065/2065/1960
f 1888/1888/1792 2065/2065/1960 1977/1977/1876
f 1889/1889/1793 1977/1977/1876 2066/2066/1961
f 1889/1889/1793 2066/2066/1961 1978/1978/1877
f 1890/1890/1794 1978/1978/1877 2067/2067/1962
f 1890/1890/1794 2067/2067/1962 1979/1979/1878
f 1980/1980/1879 1891/1891/1795 1979/1979/1878
f 1980/1980/1879 1979/1979/1878 2068/2068/1963
f 1892/1892/1796 1980/1980/1879 2069/2069/1964
f 1892/1892/1796 2069/2069/1964 1981/1981/1880
f 1981/1981/1880 2070/2070/1965 1982/1982/1881
f 1981/1981/1880 1982/1982/1881 1893/1893/1797
f 1983/1983/1882 1894/1894/1798 1982/1982/1881
f 1983/1983/1882 1982/1982/1881 2071/2071/1966
f 1984/1984/1883 1895/1895/1799 1983/1983/1882
f 1984/1984/1883 1983/1983/1882 2072/2072/1967
f 1984/1984/1883 2073/2073/1968 1985/1985/1884
f 1984/1984/1883 1985/1985/1884 1896/1896/1800
f 2074/2074/1969 1986/1986/1885 1897/1897/1801
f 2074/2074/1969 1897/1897/1801 1985/1985/1884
f 1987/1987/1886 1898/1898/1802 1986/1986/1885
f 1987/1987/1886 1986/1986/1885 2075/2075/1970
f 1987/1987/1886 2076/2076/1971 1988/1988/1887
f 1987/1987/1886 1988/1988/1887 1899/1899/1803
f 2077/2077/1972 1989/1989/1888 1900/1900/345
f 2077/2077/1972 1900/1900/345 1988/1988/1887
f 2078/2078/1973 1990/1990/1889 1901/1901/1804
f 2078/2078/1973 1901/1901/1804 1989/1989/1888
f 1902/1902/1805 1990/1990/1889 2079/2079/1974
f 1902/1902/1805 2079/2079/1974 1991/1991/1890
f 1992/1992/1891 1903/1903/1806 1991/1991/1890
f 1992/1992/1891 1991/1991/1890 2080/2080/1975
f 1993/1993/1892 1904/1904/1807 1992/1992/1891
f 1993/1993/1892 1992/1992/1891 2081/2081/1976
f 1994/1994/1808 2082/2082/1977 2083/2083/1978
f 1994/1994/1808 2083/2083/1978 1995/1995/1893
f 1907/1907/1809 1995/1995/1893 2084/2084/1979
f 1907/1907/1809 2084/2084/1979 1996/1996/1894
f 1908/1908/1810 1996/1996/1894 2085/2085/1980
f 1908/1908/1810 2085/2085/1980 1997/1997/1895
f 1998/1998/1896 1909/1909/1811 1997/1997/1895
f 1998/1998/1896 1997/1997/1895 2086/2086/1981
f 1999/1999/1897 1910/1910/1812 1998/1998/1896
f 1999/1999/1897 1998/1998/1896 2087/2087/1982
f 2000/2000/1898 1911/1911/1813 1999/1999/1897
f 2000/2000/1898 1999/1999/1897 2088/2088/1983
f 1912/1912/1814 2000/2000/1898 2089/2089/1984
f 1912/1912/1814 2089/2089/1984 2001/2001/1899
f 1913/1913/1815 2001/2001/1899 2090/2090/1985
f 1913/1913/1815 2090/2090/1985 2002/2002/1900
f 2003/2003/1901 1914/1914/1816 2002/2002/1900
f 2003/2003/1901 2002/2002/1900 2091/2091/1986
f 1915/1915/1817 2003/2003/1901 2092/2092/1987
f 1915/1915/1817 2092/2092/1987 2004/2004/1902
f 2004/2004/1902 2093/2093/1988 2005/2005/1903
f 2004/2004/1902 2005/2005/1903 1916/1916/1818
f 2006/2006/1819 2094/2094/1903 2095/2095/1989
f 2006/2006/1819 2095/2095/1989 2007/2007/1904
f 1920/1920/1820 2007/2007/1904 2096/2096/1990
f 1920/1920/1820 2096/2096/1990 2008/2008/1905
f 2097/2097/1991 2098/2098/1992 2009/2009/1906
f 2097/2097/1991 2009/2009/1906 2008/2008/1905
f 2010/2010/1907 1922/1922/1822 2009/2009/1906
f 2010/2010/1907 2009/2009/1906 2098/2098/1992
f 1923/1923/1823 2010/2010/1907 2099/2099/1993
f 1923/1923/1823 2099/2099/1993 2011/2011/1908
f 2100/2100/1994 2012/2012/1909 1924/1924/1824
f 2100/2100/1994 1924/1924/1824 2011/2011/1908
f 2101/2101/1995 2013/2013/1910 1925/1925/1825
f 2101/2101/1995 1925/1925/1825 2012/2012/1909
f 2014/2014/1911 1926/1926/1826 2013/2013/1910
f 2014/2014/1911 2013/2013/1910 2102/2102/1996
f 2014/2014/1911 2103/2103/1997 2015/2015/1912
f 2014/2014/1911 2015/2015/1912 1927/1927/1827
f 2104/2104/1998 2016/2016/1913 1928/1928/1828
f 2104/2104/1998 1928/1928/1828 2015/2015/1912
f 1929/1929/1829 2016/2016/1913 2105/2105/1999
f 1929/1929/1829 2105/2105/1999 2017/2017/1914
f 2017/2017/1914 2106/2106/2000 2018/2018/1915
f 2017/2017/1914 2018/2018/1915 1930/1930/1830
f 1931/1931/1831 2018/2018/1915 2107/2107/2001
f 1931/1931/1831 2107/2107/2001 2019/2019/1916
f 2020/2020/1917 1932/1932/1832 2019/2019/1916
f 2020/2020/1917 2019/2019/1916 2108/2108/2002
f 1933/1933/1833 2020/2020/1917 2109/2109/2003
f 1933/1933/1833 2109/2109/2003 2021/2021/1918
f 2110/2110/2004 2022/2022/1919 1934/1934/1834
f 2110/2110/2004 1934/1934/1834 2021/2021/1918
f 2023/2023/1920 1935/1935/1835 2022/2022/1919
f 2023/2023/1920 2022/2022/1919 2111/2111/2005
f 2023/2023/1920 2112/2112/2006 2024/2024/1921
f 2023/2023/1920 2024/2024/1921 1936/1936/1836
f 1937/1937/1837 2024/2024/1921 2113/2113/2007
f 1937/1937/1837 2113/2113/2007 2025/2025/1922
f 2026/2026/1923 1938/1938/1838 2025/2025/1922
f 2026/2026/1923 2025/2025/1922 2114/2114/2008
f 1939/1939/1839 2026/2026/1923 2115/2115/2009
f 1939/1939/1839 2115/2115/2009 2027/2027/1924
f 2027/2027/1924 2116/2116/2010 2028/2028/1925
f 2027/2027/1924 2028/2028/1925 1940/1940/1840
f 2028/2028/1925 2117/2117/2011 2029/2029/1926
f 2028/2028/1925 2029/2029/1926 1941/1941/1841
f 1942/1942/1842 2029/2029/1926 2118/2118/2012
f 1942/1942/1842 2118/2118/2012 2030/2030/1927
f 1943/1943/1843 2030/2030/1927 2119/2119/2013
f 1943/1943/1843 2119/2119/2013 2031/2031/1928
f 2031/2031/1928 2120/2120/2014 2032/2032/1929
f 2031/2031/1928 2032/2032/1929 1944/1944/1844
f 2033/2033/1930 2032/2032/1929 2121/2121/2015
f 2033/2033/1930 2121/2121/2015 2122/2122/2016
f 2033/2033/1930 2122/2122/2016 2034/2034/1931
f 2033/2033/1930 2034/2034/1931 1946/1946/1846
f 2034/2034/1931 2123/2123/2017 2124/2124/2018
f 2034/2034/1931 2124/2124/2018 2035/2035/1847
f 2036/2036/1932 2125/2125/2019 2037/2037/1933
f 2036/2036/1932 2037/2037/1933 1949/1949/1848
f 2038/2038/1934 1950/1950/1849 2037/2037/1933
f 2038/2038/1934 2037/2037/1933 2126/2126/2020
f 1951/1951/1850 2038/2038/1934 2127/2127/2021
f 1951/1951/1850 2127/2127/2021 2039/2039/1935
f 2039/2039/1935 2128/2128/2022 2040/2040/1936
f 2039/2039/1935 2040/2040/1936 1952/1952/1851
f 1953/1953/1852 2040/2040/1936 2129/2129/2023
f 1953/1953/1852 2129/2129/2023 2041/2041/1937
f 2041/2041/1937 2130/2130/2024 2042/2042/1938
f 2041/2041/1937 2042/2042/1938 1954/1954/1853
f 1955/1955/1854 2042/2042/1938 2131/2131/2025
f 1955/1955/1854 2131/2131/2025 2043/2043/1939
f 1956/1956/1855 2043/2043/1939 2132/2132/2026
f 1956/1956/1855 2132/2132/2026 2044/2044/1940
f 1957/1957/1856 2044/2044/1940 2133/2133/2027
f 1957/1957/1856 2133/2133/2027 2045/2045/1941
f 2045/2045/1941 2134/2134/2028 2046/2046/1942
f 2045/2045/1941 2046/2046/1942 1958/1958/1857
f 2047/2047/1859 2046/2046/1942 2135/2135/2029
f 2047/2047/1859 2135/2135/2029 2136/2136/1943
f 2048/2048/1943 2137/2137/2030 2049/2049/1944
f 2048/2048/1943 2049/2049/1944 1961/1961/1860
f 2050/2050/1945 2049/2049/1944 2138/2138/2031
f 2050/2050/1945 2138/2138/2031 2139/2139/2032
f 1962/1962/1861 2050/2050/1945 2140/2140/2033
f 1962/1962/1861 2140/2140/2033 2051/2051/1946
f 2052/2052/1947 1963/1963/1862 2051/2051/1946
f 2052/2052/1947 2051/2051/1946 2141/2141/2034
f 1964/1964/1863 2052/2052/1947 2142/2142/2035
f 1964/1964/1863 2142/2142/2035 2053/2053/1948
f 2054/2054/1949 1965/1965/1864 2053/2053/1948
f 2054/2054/1949 2053/2053/1948 2143/2143/2036
f 1966/1966/1865 2054/2054/1949 2144/2144/2037
f 1966/1966/1865 2144/2144/2037 2055/2055/1950
f 1967/1967/1866 2055/2055/1950 2145/2145/2038
f 1967/1967/1866 2145/2145/2038 2056/2056/1951
f 2146/2146/2039 2057/2057/1952 1968/1968/1867
f 2146/2146/2039 1968/1968/1867 2056/2056/1951
f 1969/1969/1868 2057/2057/1952 2147/2147/2040
f 1969/1969/1868 2147/2147/2040 2058/2058/1953
f 1970/1970/1869 2058/2058/1953 2148/2148/2041
f 1970/1970/1869 2148/2148/2041 2059/2059/1954
f 1971/1971/1870 2059/2059/1954 2149/2149/2042
f 1971/1971/1870 2149/2149/2042 2060/2060/1955
f 2061/2061/1956 1972/1972/1871 2060/2060/1955
f 2061/2061/1956 2060/2060/1955 2150/2150/2043
f 1973/1973/1872 2061/2061/1956 2151/2151/2044
f 1973/1973/1872 2151/2151/2044 2062/2062/1957
f 2063/2063/1958 1974/1974/1873 2062/2062/1957
f 2063/2063/1958 2062/2062/1957 2152/2152/2045
f 1975/1975/1874 2063/2063/1958 2153/2153/2046
f 1975/1975/1874 2153/2153/2046 2064/2064/1959
f 2065/2065/1960 1976/1976/1875 2064/2064/1959
f 2065/2065/1960 2064/2064/1959 2154/2154/2047
f 2066/2066/1961 1977/1977/1876 2065/2065/1960
f 2066/2066/1961 2065/2065/1960 2155/2155/2048
f 2066/2066/1961 2156/2156/2049 2067/2067/1962
f 2066/2066/1961 2067/2067/1962 1978/1978/1877
f 2068/2068/1963 1979/1979/1878 2067/2067/1962
f 2068/2068/1963 2067/2067/1962 2157/2157/2050
f 1980/1980/1879 2068/2068/1963 2158/2158/2051
f 1980/1980/1879 2158/2158/2051 2069/2069/1964
f 2069/2069/1964 2159/2159/2052 2070/2070/1965
f 2069/2069/1964 2070/2070/1965 1981/1981/1880
f 2071/2071/1966 1982/1982/1881 2070/2070/1965
f 2071/2071/1966 2070/2070/1965 2160/2160/2053
f 1983/1983/1882 2071/2071/1966 2161/2161/2054
f 1983/1983/1882 2161/2161/2054 2072/2072/1967
f 1984/1984/1883 2072/2072/1967 2162/2162/2055
f 1984/1984/1883 2162/2162/2055 2073/2073/1968
f 2074/2074/1969 1985/1985/1884 2073/2073/1968
f 2074/2074/1969 2073/2073/1968 2163/2163/2056
f 2074/2074/1969 2164/2164/2057 2075/2075/1970
f 2074/2074/1969 2075/2075/1970 1986/1986/1885
f 1987/1987/1886 2075/2075/1970 2165/2165/2058
f 1987/1987/1886 2165/2165/2058 2076/2076/1971
f 2077/2077/1972 1988/1988/1887 2076/2076/1971
f 2077/2077/1972 2076/2076/1971 2166/2166/2059
f 2078/2078/1973 1989/1989/1888 2077/2077/1972
f 2078/2078/1973 2077/2077/1972 2167/2167/2060
f 2168/2168/2061 2079/2079/1974 1990/1990/1889
f 2168/2168/2061 1990/1990/1889 2078/2078/1973
f 2080/2080/1975 1991/1991/1890 2079/2079/1974
f 2080/2080/1975 2079/2079/1974 2169/2169/2062
f 1992/1992/1891 2080/2080/1975 2170/2170/2063
f 1992/1992/1891 2170/2170/2063 2081/2081/1976
f 2082/2082/1977 2171/2171/1976 2172/2172/2064
f 2082/2082/1977 2172/2172/2064 2083/2083/1978
f 2084/2084/1979 1995/1995/1893 2083/2083/1978
f 2084/2084/1979 2083/2083/1978 2173/2173/2065
f 1996/1996/1894 2084/2084/1979 2174/2174/2066
f 1996/1996/1894 2174/2174/2066 2085/2085/1980
f 2086/2086/1981 1997/1997/1895 2085/2085/1980
f 2086/2086/1981 2085/2085/1980 2175/2175/2067
f 1998/1998/1896 2086/2086/1981 2176/2176/2068
f 1998/1998/1896 2176/2176/2068 2087/2087/1982
f 1999/1999/1897 2087/2087/1982 2177/2177/2069
f 1999/1999/1897 2177/2177/2069 2088/2088/1983
f 2000/2000/1898 2088/2088/1983 2178/2178/2070
f 2000/2000/1898 2178/2178/2070 2089/2089/1984
f 2001/2001/1899 2089/2089/1984 2179/2179/2071
f 2001/2001/1899 2179/2179/2071 2090/2090/1985
f 2002/2002/1900 2090/2090/1985 2180/2180/2072
f 2002/2002/1900 2180/2180/2072 2091/2091/1986
f 2003/2003/1901 2091/2091/1986 2181/2181/2073
f 2003/2003/1901 2181/2181/2073 2092/2092/1987
f 2004/2004/1902 2092/2092/1987 2182/2182/2074
f 2004/2004/1902 2182/2182/2074 2093/2093/1988
f 2094/2094/1903 2183/2183/1988 2184/2184/2075
f 2094/2094/1903 2184/2184/2075 2095/2095/1989
f 2095/2095/1989 2185/2185/2076 2096/2096/1990
f 2095/2095/1989 2096/2096/1990 2007/2007/1904
f 2096/2096/1990 2186/2186/2077 2097/2097/1991
f 2096/2096/1990 2097/2097/1991 2008/2008/1905
f 2187/2187/2078 2188/2188/2079 2098/2098/1992
f 2187/2187/2078 2098/2098/1992 2097/2097/1991
f 2188/2188/2079 2099/2099/1993 2010/2010/1907
f 2188/2188/2079 2010/2010/1907 2098/2098/1992
f 2100/2100/1994 2011/2011/1908 2099/2099/1993
f 2100/2100/1994 2099/2099/1993 2189/2189/2080
f 2101/2101/1995 2012/2012/1909 2100/2100/1994
f 2101/2101/1995 2100/2100/1994 2190/2190/2081
f 2101/2101/1995 2191/2191/2082 2102/2102/1996
f 2101/2101/1995 2102/2102/1996 2013/2013/1910
f 2192/2192/2083 2103/2103/1997 2014/2014/1911
f 2192/2192/2083 2014/2014/1911 2102/2102/1996
f 2193/2193/2084 2104/2104/1998 2015/2015/1912
f 2193/2193/2084 2015/2015/1912 2103/2103/1997
f 2104/2104/1998 2194/2194/2085 2105/2105/1999
f 2104/2104/1998 2105/2105/1999 2016/2016/1913
f 2017/2017/1914 2105/2105/1999 2195/2195/2086
f 2017/2017/1914 2195/2195/2086 2106/2106/2000
f 2018/2018/1915 2106/2106/2000 2196/2196/2087
f 2018/2018/1915 2196/2196/2087 2107/2107/2001
f 2019/2019/1916 2107/2107/2001 2197/2197/2088
f 2019/2019/1916 2197/2197/2088 2108/2108/2002
f 2020/2020/1917 2108/2108/2002 2198/2198/2089
f 2020/2020/1917 2198/2198/2089 2109/2109/2003
f 2199/2199/2090 2110/2110/2004 2021/2021/1918
f 2199/2199/2090 2021/2021/1918 2109/2109/2003
f 2110/2110/2004 2200/2200/2091 2111/2111/2005
f 2110/2110/2004 2111/2111/2005 2022/2022/1919
f 2023/2023/1920 2111/2111/2005 2201/2201/2092
f 2023/2023/1920 2201/2201/2092 2112/2112/2006
f 2113/2113/2007 2024/2024/1921 2112/2112/2006
f 2113/2113/2007 2112/2112/2006 2202/2202/2093
f 2113/2113/2007 2203/2203/2094 2114/2114/2008
f 2113/2113/2007 2114/2114/2008 2025/2025/1922
f 2204/2204/2095 2115/2115/2009 2026/2026/1923
f 2204/2204/2095 2026/2026/1923 2114/2114/2008
f 2027/2027/1924 2115/2115/2009 2205/2205/2096
f 2027/2027/1924 2205/2205/2096 2116/2116/2010
f 2116/2116/2010 2206/2206/2097 2117/2117/2011
f 2116/2116/2010 2117/2117/2011 2028/2028/1925
f 2029/2029/1926 2117/2117/2011 2207/2207/2098
f 2029/2029/1926 2207/2207/2098 2118/2118/2012
f 2118/2118/2012 2208/2208/2099 2119/2119/2013
f 2118/2118/2012 2119/2119/2013 2030/2030/1927
f 2031/2031/1928 2119/2119/2013 2209/2209/2100
f 2031/2031/1928 2209/2209/2100 2120/2120/2014
f 2120/2120/2014 2210/2210/2101 2121/2121/2015
f 2120/2120/2014 2121/2121/2015 2032/2032/1929
f 2211/2211/2102 2122/2122/2016 2121/2121/2015
f 2211/2211/2102 2121/2121/2015 2212/2212/2103
f 2034/2034/1931 2122/2122/2016 2211/2211/2102
f 2034/2034/1931 2211/2211/2102 2123/2123/2017
f 2124/2124/2018 2123/2123/2017 2213/2213/2104
f 2124/2124/2018 2213/2213/2104 2214/2214/2019
f 2125/2125/2019 2215/2215/2105 2126/2126/2020
f 2125/2125/2019 2126/2126/2020 2037/2037/1933
f 2038/2038/1934 2126/2126/2020 2216/2216/2106
f 2038/2038/1934 2216/2216/2106 2127/2127/2021
f 2039/2039/1935 2127/2127/2021 2217/2217/2107
f 2039/2039/1935 2217/2217/2107 2128/2128/2022
f 2128/2128/2022 2218/2218/2108 2129/2129/2023
f 2128/2128/2022 2129/2129/2023 2040/2040/1936
f 2041/2041/1937 2129/2129/2023 2219/2219/2109
f 2041/2041/1937 2219/2219/2109 2130/2130/2024
f 2131/2131/2025 2042/2042/1938 2130/2130/2024
f 2131/2131/2025 2130/2130/2024 2220/2220/2110
f 2043/2043/1939 2131/2131/2025 2221/2221/2111
f 2043/2043/1939 2221/2221/2111 2132/2132/2026
f 2044/2044/1940 2132/2132/2026 2222/2222/2112
f 2044/2044/1940 2222/2222/2112 2133/2133/2027
f 2045/2045/1941 2133/2133/2027 2223/2223/2113
f 2045/2045/1941 2223/2223/2113 2134/2134/2028
f 2046/2046/1942 2134/2134/2028 2224/2224/2114
f 2046/2046/1942 2224/2224/2114 2135/2135/2029
f 2136/2136/1943 2135/2135/2029 2225/2225/2115
f 2136/2136/1943 2225/2225/2115 2226/2226/2030
f 2137/2137/2030 2227/2227/2116 2138/2138/2031
f 2137/2137/2030 2138/2138/2031 2049/2049/1944
f 2138/2138/2031 2228/2228/2117 2229/2229/2118
f 2138/2138/2031 2229/2229/2118 2139/2139/2032
f 2050/2050/1945 2139/2139/2032 2230/2230/2119
f 2050/2050/1945 2230/2230/2119 2140/2140/2033
f 2141/2141/2034 2051/2051/1946 2140/2140/2033
f 2141/2141/2034 2140/2140/2033 2231/2231/2120
f 2052/2052/1947 2141/2141/2034 2232/2232/2121
f 2052/2052/1947 2232/2232/2121 2142/2142/2035
f 2053/2053/1948 2142/2142/2035 2233/2233/2122
f 2053/2053/1948 2233/2233/2122 2143/2143/2036
f 2054/2054/1949 2143/2143/2036 2234/2234/2123
f 2054/2054/1949 2234/2234/2123 2144/2144/2037
f 2145/2145/2038 2055/2055/1950 2144/2144/2037
f 2145/2145/2038 2144/2144/2037 2235/2235/2124
f 2145/2145/2038 2236/2236/2125 2146/2146/2039
f 2145/2145/2038 2146/2146/2039 2056/2056/1951
f 2237/2237/2126 2147/2147/2040 2057/2057/1952
f 2237/2237/2126 2057/2057/1952 2146/2146/2039
f 2058/2058/1953 2147/2147/2040 2238/2238/2127
f 2058/2058/1953 2238/2238/2127 2148/2148/2041
f 2239/2239/2128 2149/2149/2042 2059/2059/1954
f 2239/2239/2128 2059/2059/1954 2148/2148/2041
f 2240/2240/2129 2150/2150/2043 2060/2060/1955
f 2240/2240/2129 2060/2060/1955 2149/2149/2042
f 2061/2061/1956 2150/2150/2043 2241/2241/2130
f 2061/2061/1956 2241/2241/2130 2151/2151/2044
f 2152/2152/2045 2062/2062/1957 2151/2151/2044
f 2152/2152/2045 2151/2151/2044 2242/2242/2131
f 2063/2063/1958 2152/2152/2045 2243/2243/2132
f 2063/2063/1958 2243/2243/2132 2153/2153/2046
f 2154/2154/2047 2064/2064/1959 2153/2153/2046
f 2154/2154/2047 2153/2153/2046 2244/2244/2133
f 2065/2065/1960 2154/2154/2047 2245/2245/2134
f 2065/2065/1960 2245/2245/2134 2155/2155/2048
f 2066/2066/1961 2155/2155/2048 2246/2246/2135
f 2066/2066/1961 2246/2246/2135 2156/2156/2049
f 2157/2157/2050 2067/2067/1962 2156/2156/2049
f 2157/2157/2050 2156/2156/2049 2247/2247/2136
f 2068/2068/1963 2157/2157/2050 2248/2248/2137
f 2068/2068/1963 2248/2248/2137 2158/2158/2051
f 2069/2069/1964 2158/2158/2051 2249/2249/2138
f 2069/2069/1964 2249/2249/2138 2159/2159/2052
f 2160/2160/2053 2070/2070/1965 2159/2159/2052
f 2160/2160/2053 2159/2159/2052 2250/2250/2139
f 2161/2161/2054 2071/2071/1966 2160/2160/2053
f 2161/2161/2054 2160/2160/2053 2251/2251/2140
f 2161/2161/2054 2252/2252/2141 2162/2162/2055
f 2161/2161/2054 2162/2162/2055 2072/2072/1967
f 2163/2163/2056 2073/2073/1968 2162/2162/2055
f 2163/2163/2056 2162/2162/2055 2253/2253/2142
f 2074/2074/1969 2163/2163/2056 2254/2254/2143
f 2074/2074/1969 2254/2254/2143 2164/2164/2057
f 2165/2165/2058 2075/2075/1970 2164/2164/2057
f 2165/2165/2058 2164/2164/2057 2255/2255/2144
f 2166/2166/2059 2076/2076/1971 2165/2165/2058
f 2166/2166/2059 2165/2165/2058 2256/2256/2145
f 2077/2077/1972 2166/2166/2059 2257/2257/2146
f 2077/2077/1972 2257/2257/2146 2167/2167/2060
f 2168/2168/2061 2078/2078/1973 2167/2167/2060
f 2168/2168/2061 2167/2167/2060 2258/2258/2147
f 2259/2259/2148 2169/2169/2062 2079/2079/1974
f 2259/2259/2148 2079/2079/1974 2168/2168/2061
f 2080/2080/1975 2169/2169/2062 2260/2260/2149
f 2080/2080/1975 2260/2260/2149 2170/2170/2063
f 2171/2171/1976 2261/2261/2063 2262/2262/2150
f 2171/2171/1976 2262/2262/2150 2172/2172/2064
f 2173/2173/2065 2083/2083/1978 2172/2172/2064
f 2173/2173/2065 2172/2172/2064 2263/2263/2151
f 2084/2084/1979 2173/2173/2065 2264/2264/2152
f 2084/2084/1979 2264/2264/2152 2174/2174/2066
f 2085/2085/1980 2174/2174/2066 2265/2265/2153
f 2085/2085/1980 2265/2265/2153 2175/2175/2067
f 2086/2086/1981 2175/2175/2067 2266/2266/2154
f 2086/2086/1981 2266/2266/2154 2176/2176/2068
f 2087/2087/1982 2176/2176/2068 2267/2267/2155
f 2087/2087/1982 2267/2267/2155 2177/2177/2069
f 2178/2178/2070 2088/2088/1983 2177/2177/2069
f 2178/2178/2070 2177/2177/2069 2268/2268/2156
f 2089/2089/1984 2178/2178/2070 2269/2269/2157
f 2089/2089/1984 2269/2269/2157 2179/2179/2071
f 2090/2090/1985 2179/2179/2071 2270/2270/2158
f 2090/2090/1985 2270/2270/2158 2180/2180/2072
f 2091/2091/1986 2180/2180/2072 2271/2271/2159
f 2091/2091/1986 2271/2271/2159 2181/2181/2073
f 2181/2181/2073 2272/2272/2160 2182/2182/2074
f 2181/2181/2073 2182/2182/2074 2092/2092/1987
f 2183/2183/1988 2273/2273/2074 2274/2274/2161
f 2183/2183/1988 2274/2274/2161 2184/2184/2075
f 2095/2095/1989 2184/2184/2075 2275/2275/2162
f 2095/2095/1989 2275/2275/2162 2185/2185/2076
f 2096/2096/1990 2185/2185/2076 2276/2276/2163
f 2096/2096/1990 2276/2276/2163 2186/2186/2077
f 2277/2277/2164 2187/2187/2078 2097/2097/1991
f 2277/2277/2164 2097/2097/1991 2186/2186/2077
f 2187/2187/2078 2278/2278/2165 2279/2279/2166
f 2187/2187/2078 2279/2279/2166 2188/2188/2079
f 2188/2188/2079 2279/2279/2166 2189/2189/2080
f 2188/2188/2079 2189/2189/2080 2099/2099/1993
f 2100/2100/1994 2189/2189/2080 2280/2280/2167
f 2100/2100/1994 2280/2280/2167 2190/2190/2081
f 2101/2101/1995 2190/2190/2081 2281/2281/2168
f 2101/2101/1995 2281/2281/2168 2191/2191/2082
f 2192/2192/2083 2102/2102/1996 2191/2191/2082
f 2192/2192/2083 2191/2191/2082 2282/2282/2169
f 2192/2192/2083 2283/2283/2170 2193/2193/2084
f 2192/2192/2083 2193/2193/2084 2103/2103/1997
f 2193/2193/2084 2284/2284/2171 2194/2194/2085
f 2193/2193/2084 2194/2194/2085 2104/2104/1998
f 2285/2285/2172 2195/2195/2086 2105/2105/1999
f 2285/2285/2172 2105/2105/1999 2194/2194/2085
f 2196/2196/2087 2106/2106/2000 2195/2195/2086
f 2196/2196/2087 2195/2195/2086 2286/2286/2173
f 2107/2107/2001 2196/2196/2087 2287/2287/2174
f 2107/2107/2001 2287/2287/2174 2197/2197/2088
f 2288/2288/2175 2198/2198/2089 2108/2108/2002
f 2288/2288/2175 2108/2108/2002 2197/2197/2088
f 2199/2199/2090 2109/2109/2003 2198/2198/2089
f 2199/2199/2090 2198/2198/2089 2289/2289/2176
f 2199/2199/2090 2290/2290/2177 2200/2200/2091
f 2199/2199/2090 2200/2200/2091 2110/2110/2004
f 2111/2111/2005 2200/2200/2091 2291/2291/2178
f 2111/2111/2005 2291/2291/2178 2201/2201/2092
f 2292/2292/2179 2202/2202/2093 2112/2112/2006
f 2292/2292/2179 2112/2112/2006 2201/2201/2092
f 2113/2113/2007 2202/2202/2093 2293/2293/2180
f 2113/2113/2007 2293/2293/2180 2203/2203/2094
f 2204/2204/2095 2114/2114/2008 2203/2203/2094
f 2204/2204/2095 2203/2203/2094 2294/2294/2181
f 2204/2204/2095 2295/2295/2182 2205/2205/2096
f 2204/2204/2095 2205/2205/2096 2115/2115/2009
f 2116/2116/2010 2205/2205/2096 2296/2296/2183
f 2116/2116/2010 2296/2296/2183 2206/2206/2097
f 2117/2117/2011 2206/2206/2097 2297/2297/2184
f 2117/2117/2011 2297/2297/2184 2207/2207/2098
f 2118/2118/2012 2207/2207/2098 2298/2298/2185
f 2118/2118/2012 2298/2298/2185 2208/2208/2099
f 2119/2119/2013 2208/2208/2099 2299/2299/2186
f 2119/2119/2013 2299/2299/2186 2209/2209/2100
f 2209/2209/2100 2300/2300/2187 2210/2210/2101
f 2209/2209/2100 2210/2210/2101 2120/2120/2014
f 2301/2301/2188 2212/2212/2103 2121/2121/2015
f 2301/2301/2188 2121/2121/2015 2210/2210/2101
f 2211/2211/2102 2212/2212/2103 2302/2302/2189
f 2211/2211/2102 2302/2302/2189 2303/2303/2190
f 2123/2123/2017 2211/2211/2102 2303/2303/2190
f 2123/2123/2017 2303/2303/2190 2213/2213/2104
f 2213/2213/2104 2304/2304/2191 2305/2305/2105
f 2213/2213/2104 2305/2305/2105 2214/2214/2019
f 2215/2215/2105 2306/2306/2192 2216/2216/2106
f 2215/2215/2105 2216/2216/2106 2126/2126/2020
f 2127/2127/2021 2216/2216/2106 2307/2307/2193
f 2127/2127/2021 2307/2307/2193 2217/2217/2107
f 2128/2128/2022 2217/2217/2107 2308/2308/2194
f 2128/2128/2022 2308/2308/2194 2218/2218/2108
f 2309/2309/2195 2219/2219/2109 2129/2129/2023
f 2309/2309/2195 2129/2129/2023 2218/2218/2108
f 2310/2310/2196 2220/2220/2110 2130/2130/2024
f 2310/2310/2196 2130/2130/2024 2219/2219/2109
f 2131/2131/2025 2220/2220/2110 2311/2311/2197
f 2131/2131/2025 2311/2311/2197 2221/2221/2111
f 2221/2221/2111 2312/2312/2198 2222/2222/2112
f 2221/2221/2111 2222/2222/2112 2132/2132/2026
f 2222/2222/2112 2313/2313/2199 2223/2223/2113
f 2222/2222/2112 2223/2223/2113 2133/2133/2027
f 2223/2223/2113 2314/2314/2200 2224/2224/2114
f 2223/2223/2113 2224/2224/2114 2134/2134/2028
f 2224/2224/2114 2315/2315/2201 2225/2225/2115
f 2224/2224/2114 2225/2225/2115 2135/2135/2029
f 2226/2226/2030 2225/2225/2115 2316/2316/2202
f 2226/2226/2030 2316/2316/2202 2317/2317/2116
f 2138/2138/2031 2227/2227/2116 2318/2318/2203
f 2138/2138/2031 2318/2318/2203 2228/2228/2117
f 2229/2229/2118 2228/2228/2117 2319/2319/2204
f 2229/2229/2118 2319/2319/2204 2320/2320/2205
f 2139/2139/2032 2229/2229/2118 2321/2321/2206
f 2139/2139/2032 2321/2321/2206 2230/2230/2119
f 2140/2140/2033 2230/2230/2119 2322/2322/2207
f 2140/2140/2033 2322/2322/2207 2231/2231/2120
f 2232/2232/2121 2141/2141/2034 2231/2231/2120
f 2232/2232/2121 2231/2231/2120 2323/2323/2208
f 2232/2232/2121 2324/2324/2209 2233/2233/2122
f 2232/2232/2121 2233/2233/2122 2142/2142/2035
f 2234/2234/2123 2143/2143/2036 2233/2233/2122
f 2234/2234/2123 2233/2233/2122 2325/2325/2210
f 2144/2144/2037 2234/2234/2123 2326/2326/2211
f 2144/2144/2037 2326/2326/2211 2235/2235/2124
f 2145/2145/2038 2235/2235/2124 2327/2327/2212
f 2145/2145/2038 2327/2327/2212 2236/2236/2125
f 2237/2237/2126 2146/2146/2039 2236/2236/2125
f 2237/2237/2126 2236/2236/2125 2328/2328/2213
f 2238/2238/2127 2147/2147/2040 2237/2237/2126
f 2238/2238/2127 2237/2237/2126 2329/2329/2214
f 2239/2239/2128 2148/2148/2041 2238/2238/2127
f 2239/2239/2128 2238/2238/2127 2330/2330/2215
f 2239/2239/2128 2331/2331/2216 2240/2240/2129
f 2239/2239/2128 2240/2240/2129 2149/2149/2042
f 2241/2241/2130 2150/2150/2043 2240/2240/2129
f 2241/2241/2130 2240/2240/2129 2332/2332/2217
f 2151/2151/2044 2241/2241/2130 2333/2333/2218
f 2151/2151/2044 2333/2333/2218 2242/2242/2131
f 2243/2243/2132 2152/2152/2045 2242/2242/2131
f 2243/2243/2132 2242/2242/2131 2334/2334/2219
f 2243/2243/2132 2335/2335/2220 2244/2244/2133
f 2243/2243/2132 2244/2244/2133 2153/2153/2046
f 2154/2154/2047 2244/2244/2133 2336/2336/2221
f 2154/2154/2047 2336/2336/2221 2245/2245/2134
f 2155/2155/2048 2245/2245/2134 2337/2337/2222
f 2155/2155/2048 2337/2337/2222 2246/2246/2135
f 2247/2247/2136 2156/2156/2049 2246/2246/2135
f 2247/2247/2136 2246/2246/2135 2338/2338/2223
f 2157/2157/2050 2247/2247/2136 2339/2339/2224
f 2157/2157/2050 2339/2339/2224 2248/2248/2137
f 2158/2158/2051 2248/2248/2137 2340/2340/2225
f 2158/2158/2051 2340/2340/2225 2249/2249/2138
f 2250/2250/2139 2159/2159/2052 2249/2249/2138
f 2250/2250/2139 2249/2249/2138 2341/2341/2226
f 2160/2160/2053 2250/2250/2139 2342/2342/2227
f 2160/2160/2053 2342/2342/2227 2251/2251/2140
f 2161/2161/2054 2251/2251/2140 2343/2343/2228
f 2161/2161/2054 2343/2343/2228 2252/2252/2141
f 2252/2252/2141 2344/2344/2229 2253/2253/2142
f 2252/2252/2141 2253/2253/2142 2162/2162/2055
f 2254/2254/2143 2163/2163/2056 2253/2253/2142
f 2254/2254/2143 2253/2253/2142 2345/2345/2230
f 2255/2255/2144 2164/2164/2057 2254/2254/2143
f 2255/2255/2144 2254/2254/2143 2346/2346/2231
f 2256/2256/2145 2165/2165/2058 2255/2255/2144
f 2256/2256/2145 2255/2255/2144 2347/2347/2232
f 2166/2166/2059 2256/2256/2145 2348/2348/2233
f 2166/2166/2059 2348/2348/2233 2257/2257/2146
f 2167/2167/2060 2257/2257/2146 2349/2349/2234
f 2167/2167/2060 2349/2349/2234 2258/2258/2147
f 2259/2259/2148 2168/2168/2061 2258/2258/2147
f 2259/2259/2148 2258/2258/2147 2350/2350/2235
f 2260/2260/2149 2169/2169/2062 2259/2259/2148
f 2260/2260/2149 2259/2259/2148 2351/2351/2236
f 2261/2261/2063 2352/2352/2149 2353/2353/2237
f 2261/2261/2063 2353/2353/2237 2262/2262/2150
f 2172/2172/2064 2262/2262/2150 2354/2354/2238
f 2172/2172/2064 2354/2354/2238 2263/2263/2151
f 2173/2173/2065 2263/2263/2151 2355/2355/2239
f 2173/2173/2065 2355/2355/2239 2264/2264/2152
f 2174/2174/2066 2264/2264/2152 2356/2356/2240
f 2174/2174/2066 2356/2356/2240 2265/2265/2153
f 2175/2175/2067 2265/2265/2153 2357/2357/2241
f 2175/2175/2067 2357/2357/2241 2266/2266/2154
f 2176/2176/2068 2266/2266/2154 2358/2358/2242
f 2176/2176/2068 2358/2358/2242 2267/2267/2155
f 2268/2268/2156 2177/2177/2069 2267/2267/2155
f 2268/2268/2156 2267/2267/2155 2359/2359/2243
f 2178/2178/2070 2268/2268/2156 2360/2360/2244
f 2178/2178/2070 2360/2360/2244 2269/2269/2157
f 2179/2179/2071 2269/2269/2157 2361/2361/2245
f 2179/2179/2071 2361/2361/2245 2270/2270/2158
f 2180/2180/2072 2270/2270/2158 2362/2362/2246
f 2180/2180/2072 2362/2362/2246 2271/2271/2159
f 2181/2181/2073 2271/2271/2159 2363/2363/13
f 2181/2181/2073 2363/2363/13 2272/2272/2160
f 2273/2273/2074 2364/2364/2160 2365/2365/2247
f 2273/2273/2074 2365/2365/2247 2274/2274/2161
f 2184/2184/2075 2274/2274/2161 2366/2366/2248
f 2184/2184/2075 2366/2366/2248 2275/2275/2162
f 2185/2185/2076 2275/2275/2162 2367/2367/2249
f 2185/2185/2076 2367/2367/2249 2276/2276/2163
f 2368/2368/2250 2277/2277/2164 2186/2186/2077
f 2368/2368/2250 2186/2186/2077 2276/2276/2163
f 2277/2277/2164 2369/2369/2251 2278/2278/2165
f 2277/2277/2164 2278/2278/2165 2187/2187/2078
f 2370/2370/2252 2279/2279/2166 2278/2278/2165
f 2370/2370/2252 2278/2278/2165 2371/2371/2253
f 2370/2370/2252 2280/2280/2167 2189/2189/2080
f 2370/2370/2252 2189/2189/2080 2279/2279/2166
f 2280/2280/2167 2372/2372/2254 2281/2281/2168
f 2280/2280/2167 2281/2281/2168 2190/2190/2081
f 2373/2373/2255 2282/2282/2169 2191/2191/2082
f 2373/2373/2255 2191/2191/2082 2281/2281/2168
f 2192/2192/2083 2282/2282/2169 2374/2374/2256
f 2192/2192/2083 2374/2374/2256 2283/2283/2170
f 2283/2283/2170 2375/2375/2257 2284/2284/2171
f 2283/2283/2170 2284/2284/2171 2193/2193/2084
f 2376/2376/2258 2285/2285/2172 2194/2194/2085
f 2376/2376/2258 2194/2194/2085 2284/2284/2171
f 2285/2285/2172 2377/2377/2259 2286/2286/2173
f 2285/2285/2172 2286/2286/2173 2195/2195/2086
f 2196/2196/2087 2286/2286/2173 2378/2378/2260
f 2196/2196/2087 2378/2378/2260 2287/2287/2174
f 2288/2288/2175 2197/2197/2088 2287/2287/2174
f 2288/2288/2175 2287/2287/2174 2379/2379/2261
f 2289/2289/2176 2198/2198/2089 2288/2288/2175
f 2289/2289/2176 2288/2288/2175 2380/2380/2262
f 2199/2199/2090 2289/2289/2176 2381/2381/2263
f 2199/2199/2090 2381/2381/2263 2290/2290/2177
f 2200/2200/2091 2290/2290/2177 2382/2382/2264
f 2200/2200/2091 2382/2382/2264 2291/2291/2178
f 2292/2292/2179 2201/2201/2092 2291/2291/2178
f 2292/2292/2179 2291/2291/2178 2383/2383/2265
f 2384/2384/2266 2293/2293/2180 2202/2202/2093
f 2384/2384/2266 2202/2202/2093 2292/2292/2179
f 2294/2294/2181 2203/2203/2094 2293/2293/2180
f 2294/2294/2181 2293/2293/2180 2385/2385/2267
f 2204/2204/2095 2294/2294/2181 2386/2386/2268
f 2204/2204/2095 2386/2386/2268 2295/2295/2182
f 2387/2387/2269 2296/2296/2183 2205/2205/2096
f 2387/2387/2269 2205/2205/2096 2295/2295/2182
f 2297/2297/2184 2206/2206/2097 2296/2296/2183
f 2297/2297/2184 2296/2296/2183 2388/2388/2270
f 2297/2297/2184 2389/2389/2271 2298/2298/2185
f 2297/2297/2184 2298/2298/2185 2207/2207/2098
f 2298/2298/2185 2390/2390/2272 2299/2299/2186
f 2298/2298/2185 2299/2299/2186 2208/2208/2099
f 2209/2209/2100 2299/2299/2186 2391/2391/2273
f 2209/2209/2100 2391/2391/2273 2300/2300/2187
f 2300/2300/2187 2392/2392/2274 2301/2301/2188
f 2300/2300/2187 2301/2301/2188 2210/2210/2101
f 2301/2301/2188 2393/2393/2275 2302/2302/2189
f 2301/2301/2188 2302/2302/2189 2212/2212/2103
f 2302/2302/2189 2394/2394/2276 2395/2395/2277
f 2302/2302/2189 2395/2395/2277 2303/2303/2190
f 2213/2213/2104 2303/2303/2190 2395/2395/2277
f 2213/2213/2104 2395/2395/2277 2304/2304/2191
f 2304/2304/2191 2396/2396/2278 2397/2397/2192
f 2304/2304/2191 2397/2397/2192 2305/2305/2105
f 2306/2306/2192 2398/2398/2279 2307/2307/2193
f 2306/2306/2192 2307/2307/2193 2216/2216/2106
f 2217/2217/2107 2307/2307/2193 2399/2399/2280
f 2217/2217/2107 2399/2399/2280 2308/2308/2194
f 2308/2308/2194 2400/2400/2281 2309/2309/2195
f 2308/2308/2194 2309/2309/2195 2218/2218/2108
f 2309/2309/2195 2401/2401/2282 2310/2310/2196
f 2309/2309/2195 2310/2310/2196 2219/2219/2109
f 2310/2310/2196 2402/2402/2283 2311/2311/2197
f 2310/2310/2196 2311/2311/2197 2220/2220/2110
f 2221/2221/2111 2311/2311/2197 2403/2403/2284
f 2221/2221/2111 2403/2403/2284 2312/2312/2198
f 2222/2222/2112 2312/2312/2198 2404/2404/2285
f 2222/2222/2112 2404/2404/2285 2313/2313/2199
f 2223/2223/2113 2313/2313/2199 2405/2405/2286
f 2223/2223/2113 2405/2405/2286 2314/2314/2200
f 2224/2224/2114 2314/2314/2200 2406/2406/2287
f 2224/2224/2114 2406/2406/2287 2315/2315/2201
f 2225/2225/2115 2315/2315/2201 2407/2407/2288
f 2225/2225/2115 2407/2407/2288 2316/2316/2202
f 2317/2317/2116 2316/2316/2202 2408/2408/2289
f 2317/2317/2116 2408/2408/2289 2409/2409/2203
f 2318/2318/2203 2410/2410/2290 2319/2319/2204
f 2318/2318/2203 2319/2319/2204 2228/2228/2117
f 2320/2320/2205 2319/2319/2204 2411/2411/2291
f 2320/2320/2205 2411/2411/2291 2412/2412/2292
f 2229/2229/2118 2320/2320/2205 2413/2413/2293
f 2229/2229/2118 2413/2413/2293 2321/2321/2206
f 2322/2322/2207 2230/2230/2119 2321/2321/2206
f 2322/2322/2207 2321/2321/2206 2414/2414/2294
f 2323/2323/2208 2231/2231/2120 2322/2322/2207
f 2323/2323/2208 2322/2322/2207 2415/2415/2295
f 2232/2232/2121 2323/2323/2208 2416/2416/2296
f 2232/2232/2121 2416/2416/2296 2324/2324/2209
f 2325/2325/2210 2233/2233/2122 2324/2324/2209
f 2325/2325/2210 2324/2324/2209 2417/2417/2297
f 2234/2234/2123 2325/2325/2210 2418/2418/2298
f 2234/2234/2123 2418/2418/2298 2326/2326/2211
f 2327/2327/2212 2235/2235/2124 2326/2326/2211
f 2327/2327/2212 2326/2326/2211 2419/2419/2299
f 2236/2236/2125 2327/2327/2212 2420/2420/2300
f 2236/2236/2125 2420/2420/2300 2328/2328/2213
f 2237/2237/2126 2328/2328/2213 2421/2421/2301
f 2237/2237/2126 2421/2421/2301 2329/2329/2214
f 2238/2238/2127 2329/2329/2214 2422/2422/2302
f 2238/2238/2127 2422/2422/2302 2330/2330/2215
f 2239/2239/2128 2330/2330/2215 2423/2423/2303
f 2239/2239/2128 2423/2423/2303 2331/2331/2216
f 2332/2332/2217 2240/2240/2129 2331/2331/2216
f 2332/2332/2217 2331/2331/2216 2424/2424/2304
f 2241/2241/2130 2332/2332/2217 2425/2425/2305
f 2241/2241/2130 2425/2425/2305 2333/2333/2218
f 2334/2334/2219 2242/2242/2131 2333/2333/2218
f 2334/2334/2219 2333/2333/2218 2426/2426/2306
f 2243/2243/2132 2334/2334/2219 2427/2427/2307
f 2243/2243/2132 2427/2427/2307 2335/2335/2220
f 2335/2335/2220 2428/2428/2308 2336/2336/2221
f 2335/2335/2220 2336/2336/2221 2244/2244/2133
f 2245/2245/2134 2336/2336/2221 2429/2429/2309
f 2245/2245/2134 2429/2429/2309 2337/2337/2222
f 2338/2338/2223 2246/2246/2135 2337/2337/2222
f 2338/2338/2223 2337/2337/2222 2430/2430/2310
f 2247/2247/2136 2338/2338/2223 2431/2431/2311
f 2247/2247/2136 2431/2431/2311 2339/2339/2224
f 2248/2248/2137 2339/2339/2224 2432/2432/2312
f 2248/2248/2137 2432/2432/2312 2340/2340/2225
f 2341/2341/2226 2249/2249/2138 2340/2340/2225
f 2341/2341/2226 2340/2340/2225 2433/2433/2313
f 2250/2250/2139 2341/2341/2226 2434/2434/2314
f 2250/2250/2139 2434/2434/2314 2342/2342/2227
f 2435/2435/2315 2343/2343/2228 2251/2251/2140
f 2435/2435/2315 2251/2251/2140 2342/2342/2227
f 2252/2252/2141 2343/2343/2228 2436/2436/2316
f 2252/2252/2141 2436/2436/2316 2344/2344/2229
f 2344/2344/2229 2437/2437/2317 2345/2345/2230
f 2344/2344/2229 2345/2345/2230 2253/2253/2142
f 2346/2346/2231 2254/2254/2143 2345/2345/2230
f 2346/2346/2231 2345/2345/2230 2438/2438/2318
f 2255/2255/2144 2346/2346/2231 2439/2439/2319
f 2255/2255/2144 2439/2439/2319 2347/2347/2232
f 2256/2256/2145 2347/2347/2232 2440/2440/2320
f 2256/2256/2145 2440/2440/2320 2348/2348/2233
f 2441/2441/2321 2349/2349/2234 2257/2257/2146
f 2441/2441/2321 2257/2257/2146 2348/2348/2233
f 2350/2350/2235 2258/2258/2147 2349/2349/2234
f 2350/2350/2235 2349/2349/2234 2442/2442/2322
f 2259/2259/2148 2350/2350/2235 2443/2443/2323
f 2259/2259/2148 2443/2443/2323 2351/2351/2236
f 2352/2352/2149 2444/2444/2236 2445/2445/2324
f 2352/2352/2149 2445/2445/2324 2353/2353/2237
f 2354/2354/2238 2262/2262/2150 2353/2353/2237
f 2354/2354/2238 2353/2353/2237 2446/2446/2325
f 2263/2263/2151 2354/2354/2238 2447/2447/2326
f 2263/2263/2151 2447/2447/2326 2355/2355/2239
f 2264/2264/2152 2355/2355/2239 2448/2448/2327
f 2264/2264/2152 2448/2448/2327 2356/2356/2240
f 2357/2357/2241 2265/2265/2153 2356/2356/2240
f 2357/2357/2241 2356/2356/2240 2449/2449/2328
f 2266/2266/2154 2357/2357/2241 2450/2450/2329
f 2266/2266/2154 2450/2450/2329 2358/2358/2242
f 2359/2359/2243 2267/2267/2155 2358/2358/2242
f 2359/2359/2243 2358/2358/2242 2451/2451/2330
f 2268/2268/2156 2359/2359/2243 2452/2452/2331
f 2268/2268/2156 2452/2452/2331 2360/2360/2244
f 2269/2269/2157 2360/2360/2244 2453/2453/2332
f 2269/2269/2157 2453/2453/2332 2361/2361/2245
f 2270/2270/2158 2361/2361/2245 2454/2454/2333
f 2270/2270/2158 2454/2454/2333 2362/2362/2246
f 2271/2271/2159 2362/2362/2246 2455/2455/2334
f 2271/2271/2159 2455/2455/2334 2363/2363/13
f 2364/2364/2160 13/13/13 15/15/15
f 2364/2364/2160 15/15/15 2365/2365/2247
f 2274/2274/2161 2365/2365/2247 2456/2456/2335
f 2274/2274/2161 2456/2456/2335 2366/2366/2248
f 2366/2366/2248 2457/2457/2336 2367/2367/2249
f 2366/2366/2248 2367/2367/2249 2275/2275/2162
f 2458/2458/2337 2368/2368/2250 2276/2276/2163
f 2458/2458/2337 2276/2276/2163 2367/2367/2249
f 2368/2368/2250 2459/2459/2338 2369/2369/2251
f 2368/2368/2250 2369/2369/2251 2277/2277/2164
f 2460/2460/2339 2371/2371/2253 2278/2278/2165
f 2460/2460/2339 2278/2278/2165 2369/2369/2251
f 2461/2461/2340 2370/2370/2252 2371/2371/2253
f 2461/2461/2340 2371/2371/2253 2462/2462/2341
f 2461/2461/2340 2372/2372/2254 2280/2280/2167
f 2461/2461/2340 2280/2280/2167 2370/2370/2252
f 2373/2373/2255 2281/2281/2168 2372/2372/2254
f 2373/2373/2255 2372/2372/2254 2463/2463/2342
f 2464/2464/2343 2374/2374/2256 2282/2282/2169
f 2464/2464/2343 2282/2282/2169 2373/2373/2255
f 2283/2283/2170 2374/2374/2256 2465/2465/2344
f 2283/2283/2170 2465/2465/2344 2375/2375/2257
f 2376/2376/2258 2284/2284/2171 2375/2375/2257
f 2376/2376/2258 2375/2375/2257 2466/2466/2345
f 2376/2376/2258 2467/2467/2346 2377/2377/2259
f 2376/2376/2258 2377/2377/2259 2285/2285/2172
f 2286/2286/2173 2377/2377/2259 2468/2468/2347
f 2286/2286/2173 2468/2468/2347 2378/2378/2260
f 2469/2469/2348 2379/2379/2261 2287/2287/2174
f 2469/2469/2348 2287/2287/2174 2378/2378/2260
f 2470/2470/2349 2380/2380/2262 2288/2288/2175
f 2470/2470/2349 2288/2288/2175 2379/2379/2261
f 2289/2289/2176 2380/2380/2262 2471/2471/2350
f 2289/2289/2176 2471/2471/2350 2381/2381/2263
f 2290/2290/2177 2381/2381/2263 2472/2472/2351
f 2290/2290/2177 2472/2472/2351 2382/2382/2264
f 2473/2473/2352 2383/2383/2265 2291/2291/2178
f 2473/2473/2352 2291/2291/2178 2382/2382/2264
f 2474/2474/2353 2384/2384/2266 2292/2292/2179
f 2474/2474/2353 2292/2292/2179 2383/2383/2265
f 2384/2384/2266 2475/2475/2354 2385/2385/2267
f 2384/2384/2266 2385/2385/2267 2293/2293/2180
f 2294/2294/2181 2385/2385/2267 2476/2476/2355
f 2294/2294/2181 2476/2476/2355 2386/2386/2268
f 2477/2477/2356 2387/2387/2269 2295/2295/2182
f 2477/2477/2356 2295/2295/2182 2386/2386/2268
f 2387/2387/2269 2478/2478/2357 2388/2388/2270
f 2387/2387/2269 2388/2388/2270 2296/2296/2183
f 2297/2297/2184 2388/2388/2270 2479/2479/2358
f 2297/2297/2184 2479/2479/2358 2389/2389/2271
f 2298/2298/2185 2389/2389/2271 2480/2480/2359
f 2298/2298/2185 2480/2480/2359 2390/2390/2272
f 2390/2390/2272 2481/2481/2360 2391/2391/2273
f 2390/2390/2272 2391/2391/2273 2299/2299/2186
f 2300/2300/2187 2391/2391/2273 2482/2482/2361
f 2300/2300/2187 2482/2482/2361 2392/2392/2274
f 2392/2392/2274 2483/2483/2362 2393/2393/2275
f 2392/2392/2274 2393/2393/2275 2301/2301/2188
f 2302/2302/2189 2393/2393/2275 2484/2484/2363
f 2302/2302/2189 2484/2484/2363 2394/2394/2276
f 2395/2395/2277 2394/2394/2276 2485/2485/2364
f 2395/2395/2277 2485/2485/2364 2486/2486/2365
f 2395/2395/2277 2486/2486/2365 2396/2396/2278
f 2395/2395/2277 2396/2396/2278 2304/2304/2191
f 2397/2397/2192 2396/2396/2278 2487/2487/2366
f 2397/2397/2192 2487/2487/2366 2488/2488/2367
f 2307/2307/2193 2398/2398/2279 2489/2489/2368
f 2307/2307/2193 2489/2489/2368 2399/2399/2280
f 2399/2399/2280 2490/2490/2369 2400/2400/2281
f 2399/2399/2280 2400/2400/2281 2308/2308/2194
f 2309/2309/2195 2400/2400/2281 2491/2491/2370
f 2309/2309/2195 2491/2491/2370 2401/2401/2282
f 2310/2310/2196 2401/2401/2282 2492/2492/2371
f 2310/2310/2196 2492/2492/2371 2402/2402/2283
f 2311/2311/2197 2402/2402/2283 2493/2493/2372
f 2311/2311/2197 2493/2493/2372 2403/2403/2284
f 2403/2403/2284 2494/2494/2373 2404/2404/2285
f 2403/2403/2284 2404/2404/2285 2312/2312/2198
f 2495/2495/2374 2405/2405/2286 2313/2313/2199
f 2495/2495/2374 2313/2313/2199 2404/2404/2285
f 2496/2496/2375 2406/2406/2287 2314/2314/2200
f 2496/2496/2375 2314/2314/2200 2405/2405/2286
f 2315/2315/2201 2406/2406/2287 2497/2497/2376
f 2315/2315/2201 2497/2497/2376 2407/2407/2288
f 2407/2407/2288 2498/2498/2377 2408/2408/2289
f 2407/2407/2288 2408/2408/2289 2316/2316/2202
f 2409/2409/2203 2408/2408/2289 2499/2499/2378
f 2409/2409/2203 2499/2499/2378 2500/2500/2290
f 2410/2410/2290 2501/2501/2379 2411/2411/2291
f 2410/2410/2290 2411/2411/2291 2319/2319/2204
f 2411/2411/2291 2502/2502/2380 2503/2503/2381
f 2411/2411/2291 2503/2503/2381 2412/2412/2292
f 2320/2320/2205 2412/2412/2292 2504/2504/2382
f 2320/2320/2205 2504/2504/2382 2413/2413/2293
f 2505/2505/2383 2414/2414/2294 2321/2321/2206
f 2505/2505/2383 2321/2321/2206 2413/2413/2293
f 2322/2322/2207 2414/2414/2294 2506/2506/2384
f 2322/2322/2207 2506/2506/2384 2415/2415/2295
f 2323/2323/2208 2415/2415/2295 2507/2507/2385
f 2323/2323/2208 2507/2507/2385 2416/2416/2296
f 2324/2324/2209 2416/2416/2296 2508/2508/2386
f 2324/2324/2209 2508/2508/2386 2417/2417/2297
f 2418/2418/2298 2325/2325/2210 2417/2417/2297
f 2418/2418/2298 2417/2417/2297 2509/2509/1783
f 2419/2419/2299 2326/2326/2211 2418/2418/2298
f 2419/2419/2299 2418/2418/2298 2510/2510/2387
f 2327/2327/2212 2419/2419/2299 2511/2511/2388
f 2327/2327/2212 2511/2511/2388 2420/2420/2300
f 2421/2421/2301 2328/2328/2213 2420/2420/2300
f 2421/2421/2301 2420/2420/2300 2512/2512/2389
f 2422/2422/2302 2329/2329/2214 2421/2421/2301
f 2422/2422/2302 2421/2421/2301 2513/2513/2390
f 2422/2422/2302 2514/2514/2391 2423/2423/2303
f 2422/2422/2302 2423/2423/2303 2330/2330/2215
f 2423/2423/2303 2515/2515/2392 2424/2424/2304
f 2423/2423/2303 2424/2424/2304 2331/2331/2216
f 2425/2425/2305 2332/2332/2217 2424/2424/2304
f 2425/2425/2305 2424/2424/2304 2516/2516/2393
f 2426/2426/2306 2333/2333/2218 2425/2425/2305
f 2426/2426/2306 2425/2425/2305 2517/2517/2394
f 2334/2334/2219 2426/2426/2306 2518/2518/2395
f 2334/2334/2219 2518/2518/2395 2427/2427/2307
f 2335/2335/2220 2427/2427/2307 2519/2519/2396
f 2335/2335/2220 2519/2519/2396 2428/2428/2308
f 2520/2520/2397 2429/2429/2309 2336/2336/2221
f 2520/2520/2397 2336/2336/2221 2428/2428/2308
f 2337/2337/2222 2429/2429/2309 2521/2521/2398
f 2337/2337/2222 2521/2521/2398 2430/2430/2310
f 2431/2431/2311 2338/2338/2223 2430/2430/2310
f 2431/2431/2311 2430/2430/2310 2522/2522/2399
f 2431/2431/2311 2523/2523/2400 2432/2432/2312
f 2431/2431/2311 2432/2432/2312 2339/2339/2224
f 2433/2433/2313 2340/2340/2225 2432/2432/2312
f 2433/2433/2313 2432/2432/2312 2524/2524/2401
f 2341/2341/2226 2433/2433/2313 2525/2525/2402
f 2341/2341/2226 2525/2525/2402 2434/2434/2314
f 2435/2435/2315 2342/2342/2227 2434/2434/2314
f 2435/2435/2315 2434/2434/2314 2526/2526/2403
f 2436/2436/2316 2343/2343/2228 2435/2435/2315
f 2436/2436/2316 2435/2435/2315 2527/2527/2404
f 2528/2528/2405 2437/2437/2317 2344/2344/2229
f 2528/2528/2405 2344/2344/2229 2436/2436/2316
f 2438/2438/2318 2345/2345/2230 2437/2437/2317
f 2438/2438/2318 2437/2437/2317 2529/2529/2406
f 2346/2346/2231 2438/2438/2318 2530/2530/2407
f 2346/2346/2231 2530/2530/2407 2439/2439/2319
f 2440/2440/2320 2347/2347/2232 2439/2439/2319
f 2440/2440/2320 2439/2439/2319 2531/2531/2408
f 2441/2441/2321 2348/2348/2233 2440/2440/2320
f 2441/2441/2321 2440/2440/2320 2532/2532/2409
f 2442/2442/2322 2349/2349/2234 2441/2441/2321
f 2442/2442/2322 2441/2441/2321 2533/2533/2410
f 2350/2350/2235 2442/2442/2322 2534/2534/2411
f 2350/2350/2235 2534/2534/2411 2443/2443/2323
f 2444/2444/2236 2535/2535/2412 2536/2536/2413
f 2444/2444/2236 2536/2536/2413 2445/2445/2324
f 2353/2353/2237 2445/2445/2324 2537/2537/2414
f 2353/2353/2237 2537/2537/2414 2446/2446/2325
f 2447/2447/2326 2354/2354/2238 2446/2446/2325
f 2447/2447/2326 2446/2446/2325 2538/2538/2415
f 2448/2448/2327 2355/2355/2239 2447/2447/2326
f 2448/2448/2327 2447/2447/2326 2539/2539/2416
f 2356/2356/2240 2448/2448/2327 2540/2540/2417
f 2356/2356/2240 2540/2540/2417 2449/2449/2328
f 2357/2357/2241 2449/2449/2328 2541/2541/2418
f 2357/2357/2241 2541/2541/2418 2450/2450/2329
f 2451/2451/2330 2358/2358/2242 2450/2450/2329
f 2451/2451/2330 2450/2450/2329 2542/2542/2419
f 2359/2359/2243 2451/2451/2330 2543/2543/2420
f 2359/2359/2243 2543/2543/2420 2452/2452/2331
f 2360/2360/2244 2452/2452/2331 2544/2544/2421
f 2360/2360/2244 2544/2544/2421 2453/2453/2332
f 2454/2454/2333 2361/2361/2245 2453/2453/2332
f 2454/2454/2333 2453/2453/2332 2545/2545/2422
f 2362/2362/2246 2454/2454/2333 2546/2546/2423
f 2362/2362/2246 2546/2546/2423 2455/2455/2334
f 2365/2365/2247 15/15/15 2547/2547/2424
f 2365/2365/2247 2547/2547/2424 2456/2456/2335
f 2366/2366/2248 2456/2456/2335 2548/2548/2425
f 2366/2366/2248 2548/2548/2425 2457/2457/2336
f 2457/2457/2336 2549/2549/2426 2458/2458/2337
f 2457/2457/2336 2458/2458/2337 2367/2367/2249
f 2458/2458/2337 2550/2550/2427 2459/2459/2338
f 2458/2458/2337 2459/2459/2338 2368/2368/2250
f 2460/2460/2339 2369/2369/2251 2459/2459/2338
f 2460/2460/2339 2459/2459/2338 2551/2551/2428
f 2552/2552/2429 2462/2462/2341 2371/2371/2253
f 2552/2552/2429 2371/2371/2253 2460/2460/2339
f 2461/2461/2340 2462/2462/2341 2553/2553/2430
f 2461/2461/2340 2553/2553/2430 2554/2554/2431
f 2461/2461/2340 2554/2554/2431 2463/2463/2342
f 2461/2461/2340 2463/2463/2342 2372/2372/2254
f 2464/2464/2343 2373/2373/2255 2463/2463/2342
f 2464/2464/2343 2463/2463/2342 2555/2555/2432
f 2464/2464/2343 2556/2556/2433 2465/2465/2344
f 2464/2464/2343 2465/2465/2344 2374/2374/2256
f 2465/2465/2344 2557/2557/2434 2466/2466/2345
f 2465/2465/2344 2466/2466/2345 2375/2375/2257
f 2376/2376/2258 2466/2466/2345 2558/2558/2435
f 2376/2376/2258 2558/2558/2435 2467/2467/2346
f 2559/2559/2436 2468/2468/2347 2377/2377/2259
f 2559/2559/2436 2377/2377/2259 2467/2467/2346
f 2560/2560/2437 2469/2469/2348 2378/2378/2260
f 2560/2560/2437 2378/2378/2260 2468/2468/2347
f 2561/2561/2438 2470/2470/2349 2379/2379/2261
f 2561/2561/2438 2379/2379/2261 2469/2469/2348
f 2470/2470/2349 2562/2562/2439 2471/2471/2350
f 2470/2470/2349 2471/2471/2350 2380/2380/2262
f 2563/2563/2440 2472/2472/2351 2381/2381/2263
f 2563/2563/2440 2381/2381/2263 2471/2471/2350
f 2473/2473/2352 2382/2382/2264 2472/2472/2351
f 2473/2473/2352 2472/2472/2351 2564/2564/2441
f 2473/2473/2352 2565/2565/2442 2474/2474/2353
f 2473/2473/2352 2474/2474/2353 2383/2383/2265
f 2474/2474/2353 2566/2566/2443 2475/2475/2354
f 2474/2474/2353 2475/2475/2354 2384/2384/2266
f 2385/2385/2267 2475/2475/2354 2567/2567/2444
f 2385/2385/2267 2567/2567/2444 2476/2476/2355
f 2477/2477/2356 2386/2386/2268 2476/2476/2355
f 2477/2477/2356 2476/2476/2355 2568/2568/2445
f 2477/2477/2356 2569/2569/2446 2478/2478/2357
f 2477/2477/2356 2478/2478/2357 2387/2387/2269
f 2388/2388/2270 2478/2478/2357 2570/2570/2447
f 2388/2388/2270 2570/2570/2447 2479/2479/2358
f 2571/2571/2448 2480/2480/2359 2389/2389/2271
f 2571/2571/2448 2389/2389/2271 2479/2479/2358
f 2390/2390/2272 2480/2480/2359 2572/2572/2449
f 2390/2390/2272 2572/2572/2449 2481/2481/2360
f 2391/2391/2273 2481/2481/2360 2573/2573/2450
f 2391/2391/2273 2573/2573/2450 2482/2482/2361
f 2392/2392/2274 2482/2482/2361 2574/2574/2451
f 2392/2392/2274 2574/2574/2451 2483/2483/2362
f 2483/2483/2362 2575/2575/2452 2484/2484/2363
f 2483/2483/2362 2484/2484/2363 2393/2393/2275
f 2394/2394/2276 2484/2484/2363 2576/2576/2453
f 2394/2394/2276 2576/2576/2453 2485/2485/2364
f 2486/2486/2365 2485/2485/2364 2577/2577/2454
f 2486/2486/2365 2577/2577/2454 2578/2578/2455
f 2396/2396/2278 2486/2486/2365 2578/2578/2455
f 2396/2396/2278 2578/2578/2455 2487/2487/2366
f 2487/2487/2366 2579/2579/2456 2580/2580/2368
f 2487/2487/2366 2580/2580/2368 2488/2488/2367
f 2399/2399/2280 2489/2489/2368 2581/2581/2457
f 2399/2399/2280 2581/2581/2457 2490/2490/2369
f 2490/2490/2369 2582/2582/2458 2491/2491/2370
f 2490/2490/2369 2491/2491/2370 2400/2400/2281
f 2491/2491/2370 2583/2583/2459 2492/2492/2371
f 2491/2491/2370 2492/2492/2371 2401/2401/2282
f 2492/2492/2371 2584/2584/2460 2493/2493/2372
f 2492/2492/2371 2493/2493/2372 2402/2402/2283
f 2493/2493/2372 2585/2585/2461 2494/2494/2373
f 2493/2493/2372 2494/2494/2373 2403/2403/2284
f 2495/2495/2374 2404/2404/2285 2494/2494/2373
f 2495/2495/2374 2494/2494/2373 2586/2586/2462
f 2495/2495/2374 2587/2587/2463 2496/2496/2375
f 2495/2495/2374 2496/2496/2375 2405/2405/2286
f 2496/2496/2375 2588/2588/2464 2497/2497/2376
f 2496/2496/2375 2497/2497/2376 2406/2406/2287
f 2407/2407/2288 2497/2497/2376 2589/2589/2465
f 2407/2407/2288 2589/2589/2465 2498/2498/2377
f 2498/2498/2377 2590/2590/2466 2499/2499/2378
f 2498/2498/2377 2499/2499/2378 2408/2408/2289
f 2500/2500/2290 2499/2499/2378 2591/2591/2467
f 2500/2500/2290 2591/2591/2467 2592/2592/2379
f 2411/2411/2291 2501/2501/2379 2593/2593/2468
f 2411/2411/2291 2593/2593/2468 2502/2502/2380
f 2502/2502/2380 2594/2594/2469 2595/2595/2470
f 2502/2502/2380 2595/2595/2470 2503/2503/2381
f 2412/2412/2292 2503/2503/2381 2596/2596/2471
f 2412/2412/2292 2596/2596/2471 2504/2504/2382
f 2505/2505/2383 2413/2413/2293 2504/2504/2382
f 2505/2505/2383 2504/2504/2382 2597/2597/2472
f 2505/2505/2383 2598/2598/2473 2506/2506/2384
f 2505/2505/2383 2506/2506/2384 2414/2414/2294
f 2507/2507/2385 2415/2415/2295 2506/2506/2384
f 2507/2507/2385 2506/2506/2384 2599/2599/2474
f 2507/2507/2385 2600/2600/2475 2508/2508/2386
f 2507/2507/2385 2508/2508/2386 2416/2416/2296
f 2509/2509/1783 2417/2417/2297 2508/2508/2386
f 2509/2509/1783 2508/2508/2386 2601/2601/2476
f 2418/2418/2298 2509/2509/1783 2602/2602/2477
f 2418/2418/2298 2602/2602/2477 2510/2510/2387
f 2419/2419/2299 2510/2510/2387 2603/2603/2478
f 2419/2419/2299 2603/2603/2478 2511/2511/2388
f 2420/2420/2300 2511/2511/2388 2604/2604/2479
f 2420/2420/2300 2604/2604/2479 2512/2512/2389
f 2421/2421/2301 2512/2512/2389 2605/2605/2480
f 2421/2421/2301 2605/2605/2480 2513/2513/2390
f 2422/2422/2302 2513/2513/2390 2606/2606/2481
f 2422/2422/2302 2606/2606/2481 2514/2514/2391
f 2607/2607/2482 2515/2515/2392 2423/2423/2303
f 2607/2607/2482 2423/2423/2303 2514/2514/2391
f 2516/2516/2393 2424/2424/2304 2515/2515/2392
f 2516/2516/2393 2515/2515/2392 2608/2608/2483
f 2425/2425/2305 2516/2516/2393 2609/2609/2484
f 2425/2425/2305 2609/2609/2484 2517/2517/2394
f 2518/2518/2395 2426/2426/2306 2517/2517/2394
f 2518/2518/2395 2517/2517/2394 2610/2610/2485
f 2427/2427/2307 2518/2518/2395 2611/2611/2486
f 2427/2427/2307 2611/2611/2486 2519/2519/2396
f 2520/2520/2397 2428/2428/2308 2519/2519/2396
f 2520/2520/2397 2519/2519/2396 2612/2612/2487
f 2521/2521/2398 2429/2429/2309 2520/2520/2397
f 2521/2521/2398 2520/2520/2397 2613/2613/2488
f 2521/2521/2398 2614/2614/2489 2522/2522/2399
f 2521/2521/2398 2522/2522/2399 2430/2430/2310
f 2431/2431/2311 2522/2522/2399 2615/2615/2490
f 2431/2431/2311 2615/2615/2490 2523/2523/2400
f 2524/2524/2401 2432/2432/2312 2523/2523/2400
f 2524/2524/2401 2523/2523/2400 2616/2616/2491
f 2433/2433/2313 2524/2524/2401 2617/2617/2492
f 2433/2433/2313 2617/2617/2492 2525/2525/2402
f 2434/2434/2314 2525/2525/2402 2618/2618/2493
f 2434/2434/2314 2618/2618/2493 2526/2526/2403
f 2435/2435/2315 2526/2526/2403 2619/2619/2494
f 2435/2435/2315 2619/2619/2494 2527/2527/2404
f 2528/2528/2405 2436/2436/2316 2527/2527/2404
f 2528/2528/2405 2527/2527/2404 2620/2620/2495
f 2529/2529/2406 2437/2437/2317 2528/2528/2405
f 2529/2529/2406 2528/2528/2405 2621/2621/2496
f 2530/2530/2407 2438/2438/2318 2529/2529/2406
f 2530/2530/2407 2529/2529/2406 2622/2622/2497
f 2531/2531/2408 2439/2439/2319 2530/2530/2407
f 2531/2531/2408 2530/2530/2407 2623/2623/2498
f 2440/2440/2320 2531/2531/2408 2624/2624/2499
f 2440/2440/2320 2624/2624/2499 2532/2532/2409
f 2441/2441/2321 2532/2532/2409 2625/2625/2500
f 2441/2441/2321 2625/2625/2500 2533/2533/2410
f 2442/2442/2322 2533/2533/2410 2626/2626/2501
f 2442/2442/2322 2626/2626/2501 2534/2534/2411
f 2535/2535/2412 2627/2627/2502 2628/2628/2503
f 2535/2535/2412 2628/2628/2503 2536/2536/2413
f 2537/2537/2414 2445/2445/2324 2536/2536/2413
f 2537/2537/2414 2536/2536/2413 2629/2629/2504
f 2538/2538/2415 2446/2446/2325 2537/2537/2414
f 2538/2538/2415 2537/2537/2414 2630/2630/2505
f 2447/2447/2326 2538/2538/2415 2631/2631/2506
f 2447/2447/2326 2631/2631/2506 2539/2539/2416
f 2448/2448/2327 2539/2539/2416 2632/2632/2507
f 2448/2448/2327 2632/2632/2507 2540/2540/2417
f 2449/2449/2328 2540/2540/2417 2633/2633/2508
f 2449/2449/2328 2633/2633/2508 2541/2541/2418
f 2542/2542/2419 2450/2450/2329 2541/2541/2418
f 2542/2542/2419 2541/2541/2418 2634/2634/2509
f 2451/2451/2330 2542/2542/2419 2635/2635/2510
f 2451/2451/2330 2635/2635/2510 2543/2543/2420
f 2544/2544/2421 2452/2452/2331 2543/2543/2420
f 2544/2544/2421 2543/2543/2420 2636/2636/2511
f 2545/2545/2422 2453/2453/2332 2544/2544/2421
f 2545/2545/2422 2544/2544/2421 2637/2637/2512
f 2454/2454/2333 2545/2545/2422 2638/2638/2513
f 2454/2454/2333 2638/2638/2513 2546/2546/2423
f 14/14/14 2639/2639/2423 2547/2547/2424
f 14/14/14 2547/2547/2424 15/15/15
f 2547/2547/2424 2640/2640/2514 2548/2548/2425
f 2547/2547/2424 2548/2548/2425 2456/2456/2335
f 2457/2457/2336 2548/2548/2425 2641/2641/2515
f 2457/2457/2336 2641/2641/2515 2549/2549/2426
f 2458/2458/2337 2549/2549/2426 2642/2642/2516
f 2458/2458/2337 2642/2642/2516 2550/2550/2427
f 2550/2550/2427 2643/2643/2517 2551/2551/2428
f 2550/2550/2427 2551/2551/2428 2459/2459/2338
f 2552/2552/2429 2460/2460/2339 2551/2551/2428
f 2552/2552/2429 2551/2551/2428 2644/2644/2518
f 2645/2645/2519 2553/2553/2430 2462/2462/2341
f 2645/2645/2519 2462/2462/2341 2552/2552/2429
f 2646/2646/2520 2647/2647/2521 2554/2554/2431
f 2646/2646/2520 2554/2554/2431 2553/2553/2430
f 2555/2555/2432 2463/2463/2342 2554/2554/2431
f 2555/2555/2432 2554/2554/2431 2647/2647/2521
f 2464/2464/2343 2555/2555/2432 2648/2648/2522
f 2464/2464/2343 2648/2648/2522 2556/2556/2433
f 2556/2556/2433 2649/2649/2523 2557/2557/2434
f 2556/2556/2433 2557/2557/2434 2465/2465/2344
f 2466/2466/2345 2557/2557/2434 2650/2650/2524
f 2466/2466/2345 2650/2650/2524 2558/2558/2435
f 2559/2559/2436 2467/2467/2346 2558/2558/2435
f 2559/2559/2436 2558/2558/2435 2651/2651/2525
f 2560/2560/2437 2468/2468/2347 2559/2559/2436
f 2560/2560/2437 2559/2559/2436 2652/2652/2526
f 2560/2560/2437 2653/2653/2527 2561/2561/2438
f 2560/2560/2437 2561/2561/2438 2469/2469/2348
f 2561/2561/2438 2654/2654/2528 2562/2562/2439
f 2561/2561/2438 2562/2562/2439 2470/2470/2349
f 2655/2655/2529 2563/2563/2440 2471/2471/2350
f 2655/2655/2529 2471/2471/2350 2562/2562/2439
f 2564/2564/2441 2472/2472/2351 2563/2563/2440
f 2564/2564/2441 2563/2563/2440 2656/2656/2530
f 2473/2473/2352 2564/2564/2441 2657/2657/2531
f 2473/2473/2352 2657/2657/2531 2565/2565/2442
f 2474/2474/2353 2565/2565/2442 2658/2658/2532
f 2474/2474/2353 2658/2658/2532 2566/2566/2443
f 2659/2659/2533 2567/2567/2444 2475/2475/2354
f 2659/2659/2533 2475/2475/2354 2566/2566/2443
f 2660/2660/2534 2568/2568/2445 2476/2476/2355
f 2660/2660/2534 2476/2476/2355 2567/2567/2444
f 2477/2477/2356 2568/2568/2445 2661/2661/2535
f 2477/2477/2356 2661/2661/2535 2569/2569/2446
f 2478/2478/2357 2569/2569/2446 2662/2662/2536
f 2478/2478/2357 2662/2662/2536 2570/2570/2447
f 2570/2570/2447 2663/2663/2537 2571/2571/2448
f 2570/2570/2447 2571/2571/2448 2479/2479/2358
f 2571/2571/2448 2664/2664/2538 2572/2572/2449
f 2571/2571/2448 2572/2572/2449 2480/2480/2359
f 2573/2573/2450 2481/2481/2360 2572/2572/2449
f 2573/2573/2450 2572/2572/2449 2665/2665/2539
f 2573/2573/2450 2666/2666/2540 2574/2574/2451
f 2573/2573/2450 2574/2574/2451 2482/2482/2361
f 2483/2483/2362 2574/2574/2451 2667/2667/2541
f 2483/2483/2362 2667/2667/2541 2575/2575/2452
f 2575/2575/2452 2668/2668/2542 2576/2576/2453
f 2575/2575/2452 2576/2576/2453 2484/2484/2363
f 2485/2485/2364 2576/2576/2453 2669/2669/2543
f 2485/2485/2364 2669/2669/2543 2577/2577/2454
f 2578/2578/2455 2577/2577/2454 2670/2670/2544
f 2578/2578/2455 2670/2670/2544 2671/2671/2545
f 2578/2578/2455 2671/2671/2545 2579/2579/2456
f 2578/2578/2455 2579/2579/2456 2487/2487/2366
f 2579/2579/2456 2672/2672/2546 2673/2673/2457
f 2579/2579/2456 2673/2673/2457 2580/2580/2368
f 2490/2490/2369 2581/2581/2457 2674/2674/2547
f 2490/2490/2369 2674/2674/2547 2582/2582/2458
f 2582/2582/2458 2675/2675/2548 2583/2583/2459
f 2582/2582/2458 2583/2583/2459 2491/2491/2370
f 2492/2492/2371 2583/2583/2459 2676/2676/2549
f 2492/2492/2371 2676/2676/2549 2584/2584/2460
f 2493/2493/2372 2584/2584/2460 2677/2677/2550
f 2493/2493/2372 2677/2677/2550 2585/2585/2461
f 2585/2585/2461 2678/2678/2551 2586/2586/2462
f 2585/2585/2461 2586/2586/2462 2494/2494/2373
f 2495/2495/2374 2586/2586/2462 2679/2679/2552
f 2495/2495/2374 2679/2679/2552 2587/2587/2463
f 2587/2587/2463 2680/2680/2553 2588/2588/2464
f 2587/2587/2463 2588/2588/2464 2496/2496/2375
f 2588/2588/2464 2681/2681/2554 2589/2589/2465
f 2588/2588/2464 2589/2589/2465 2497/2497/2376
f 2498/2498/2377 2589/2589/2465 2682/2682/2555
f 2498/2498/2377 2682/2682/2555 2590/2590/2466
f 2590/2590/2466 2683/2683/2556 2591/2591/2467
f 2590/2590/2466 2591/2591/2467 2499/2499/2378
f 2592/2592/2379 2591/2591/2467 2684/2684/2557
f 2592/2592/2379 2684/2684/2557 2685/2685/2468
f 2593/2593/2468 2686/2686/2558 2594/2594/2469
f 2593/2593/2468 2594/2594/2469 2502/2502/2380
f 2594/2594/2469 2687/2687/2559 2688/2688/2560
f 2594/2594/2469 2688/2688/2560 2595/2595/2470
f 2503/2503/2381 2595/2595/2470 2689/2689/2561
f 2503/2503/2381 2689/2689/2561 2596/2596/2471
f 2504/2504/2382 2596/2596/2471 2690/2690/2562
f 2504/2504/2382 2690/2690/2562 2597/2597/2472
f 2505/2505/2383 2597/2597/2472 2691/2691/2563
f 2505/2505/2383 2691/2691/2563 2598/2598/2473
f 2599/2599/2474 2506/2506/2384 2598/2598/2473
f 2599/2599/2474 2598/2598/2473 2692/2692/2564
f 2507/2507/2385 2599/2599/2474 2693/2693/2565
f 2507/2507/2385 2693/2693/2565 2600/2600/2475
f 2601/2601/2476 2508/2508/2386 2600/2600/2475
f 2601/2601/2476 2600/2600/2475 2694/2694/2566
f 2509/2509/1783 2601/2601/2476 2695/2695/2567
f 2509/2509/1783 2695/2695/2567 2602/2602/2477
f 2603/2603/2478 2510/2510/2387 2602/2602/2477
f 2603/2603/2478 2602/2602/2477 2696/2696/2568
f 2697/2697/2569 2604/2604/2479 2511/2511/2388
f 2697/2697/2569 2511/2511/2388 2603/2603/2478
f 2698/2698/2570 2605/2605/2480 2512/2512/2389
f 2698/2698/2570 2512/2512/2389 2604/2604/2479
f 2513/2513/2390 2605/2605/2480 2699/2699/2571
f 2513/2513/2390 2699/2699/2571 2606/2606/2481
f 2607/2607/2482 2514/2514/2391 2606/2606/2481
f 2607/2607/2482 2606/2606/2481 2700/2700/2572
f 2608/2608/2483 2515/2515/2392 2607/2607/2482
f 2608/2608/2483 2607/2607/2482 2701/2701/2573
f 2516/2516/2393 2608/2608/2483 2702/2702/2574
f 2516/2516/2393 2702/2702/2574 2609/2609/2484
f 2610/2610/2485 2517/2517/2394 2609/2609/2484
f 2610/2610/2485 2609/2609/2484 2703/2703/2575
f 2518/2518/2395 2610/2610/2485 2704/2704/2576
f 2518/2518/2395 2704/2704/2576 2611/2611/2486
f 2519/2519/2396 2611/2611/2486 2705/2705/2577
f 2519/2519/2396 2705/2705/2577 2612/2612/2487
f 2520/2520/2397 2612/2612/2487 2706/2706/2578
f 2520/2520/2397 2706/2706/2578 2613/2613/2488
f 2521/2521/2398 2613/2613/2488 2707/2707/2579
f 2521/2521/2398 2707/2707/2579 2614/2614/2489
f 2615/2615/2490 2522/2522/2399 2614/2614/2489
f 2615/2615/2490 2614/2614/2489 2708/2708/2580
f 2616/2616/2491 2523/2523/2400 2615/2615/2490
f 2616/2616/2491 2615/2615/2490 2709/2709/2581
f 2524/2524/2401 2616/2616/2491 2710/2710/2582
f 2524/2524/2401 2710/2710/2582 2617/2617/2492
f 2711/2711/2583 2618/2618/2493 2525/2525/2402
f 2711/2711/2583 2525/2525/2402 2617/2617/2492
f 2619/2619/2494 2526/2526/2403 2618/2618/2493
f 2619/2619/2494 2618/2618/2493 2712/2712/2584
f 2620/2620/2495 2527/2527/2404 2619/2619/2494
f 2620/2620/2495 2619/2619/2494 2713/2713/2585
f 2528/2528/2405 2620/2620/2495 2714/2714/2586
f 2528/2528/2405 2714/2714/2586 2621/2621/2496
f 2529/2529/2406 2621/2621/2496 2715/2715/2587
f 2529/2529/2406 2715/2715/2587 2622/2622/2497
f 2530/2530/2407 2622/2622/2497 2716/2716/2588
f 2530/2530/2407 2716/2716/2588 2623/2623/2498
f 2531/2531/2408 2623/2623/2498 2717/2717/2589
f 2531/2531/2408 2717/2717/2589 2624/2624/2499
f 2532/2532/2409 2624/2624/2499 2718/2718/2590
f 2532/2532/2409 2718/2718/2590 2625/2625/2500
f 2626/2626/2501 2533/2533/2410 2625/2625/2500
f 2626/2626/2501 2625/2625/2500 2719/2719/2591
f 2627/2627/2502 2720/2720/2592 2721/2721/2593
f 2627/2627/2502 2721/2721/2593 2628/2628/2503
f 2536/2536/2413 2628/2628/2503 2722/2722/2594
f 2536/2536/2413 2722/2722/2594 2629/2629/2504
f 2537/2537/2414 2629/2629/2504 2723/2723/2595
f 2537/2537/2414 2723/2723/2595 2630/2630/2505
f 2538/2538/2415 2630/2630/2505 2724/2724/2596
f 2538/2538/2415 2724/2724/2596 2631/2631/2506
f 2539/2539/2416 2631/2631/2506 2725/2725/2597
f 2539/2539/2416 2725/2725/2597 2632/2632/2507
f 2540/2540/2417 2632/2632/2507 2726/2726/2598
f 2540/2540/2417 2726/2726/2598 2633/2633/2508
f 2727/2727/2599 2634/2634/2509 2541/2541/2418
f 2727/2727/2599 2541/2541/2418 2633/2633/2508
f 2542/2542/2419 2634/2634/2509 2728/2728/2600
f 2542/2542/2419 2728/2728/2600 2635/2635/2510
f 2543/2543/2420 2635/2635/2510 2729/2729/2601
f 2543/2543/2420 2729/2729/2601 2636/2636/2511
f 2544/2544/2421 2636/2636/2511 2730/2730/2602
f 2544/2544/2421 2730/2730/2602 2637/2637/2512
f 2545/2545/2422 2637/2637/2512 2731/2731/2603
f 2545/2545/2422 2731/2731/2603 2638/2638/2513
f 2639/2639/2423 2732/2732/2513 2640/2640/2514
f 2639/2639/2423 2640/2640/2514 2547/2547/2424
f 2640/2640/2514 2733/2733/2604 2641/2641/2515
f 2640/2640/2514 2641/2641/2515 2548/2548/2425
f 2641/2641/2515 2734/2734/2605 2642/2642/2516
f 2641/2641/2515 2642/2642/2516 2549/2549/2426
f 2550/2550/2427 2642/2642/2516 2735/2735/2606
f 2550/2550/2427 2735/2735/2606 2643/2643/2517
f 2643/2643/2517 2736/2736/2607 2644/2644/2518
f 2643/2643/2517 2644/2644/2518 2551/2551/2428
f 2645/2645/2519 2552/2552/2429 2644/2644/2518
f 2645/2645/2519 2644/2644/2518 2737/2737/2608
f 2645/2645/2519 2738/2738/2609 2646/2646/2520
f 2645/2645/2519 2646/2646/2520 2553/2553/2430
f 2739/2739/2610 2740/2740/2611 2647/2647/2521
f 2739/2739/2610 2647/2647/2521 2646/2646/2520
f 2555/2555/2432 2647/2647/2521 2740/2740/2611
f 2555/2555/2432 2740/2740/2611 2648/2648/2522
f 2556/2556/2433 2648/2648/2522 2741/2741/2612
f 2556/2556/2433 2741/2741/2612 2649/2649/2523
f 2649/2649/2523 2742/2742/2613 2650/2650/2524
f 2649/2649/2523 2650/2650/2524 2557/2557/2434
f 2743/2743/2614 2651/2651/2525 2558/2558/2435
f 2743/2743/2614 2558/2558/2435 2650/2650/2524
f 2652/2652/2526 2559/2559/2436 2651/2651/2525
f 2652/2652/2526 2651/2651/2525 2744/2744/2615
f 2560/2560/2437 2652/2652/2526 2745/2745/2616
f 2560/2560/2437 2745/2745/2616 2653/2653/2527
f 2561/2561/2438 2653/2653/2527 2746/2746/2617
f 2561/2561/2438 2746/2746/2617 2654/2654/2528
f 2655/2655/2529 2562/2562/2439 2654/2654/2528
f 2655/2655/2529 2654/2654/2528 2747/2747/2618
f 2655/2655/2529 2748/2748/2619 2656/2656/2530
f 2655/2655/2529 2656/2656/2530 2563/2563/2440
f 2749/2749/2620 2657/2657/2531 2564/2564/2441
f 2749/2749/2620 2564/2564/2441 2656/2656/2530
f 2657/2657/2531 2750/2750/2621 2658/2658/2532
f 2657/2657/2531 2658/2658/2532 2565/2565/2442
f 2658/2658/2532 2751/2751/2622 2659/2659/2533
f 2658/2658/2532 2659/2659/2533 2566/2566/2443
f 2659/2659/2533 2752/2752/2623 2660/2660/2534
f 2659/2659/2533 2660/2660/2534 2567/2567/2444
f 2660/2660/2534 2753/2753/2624 2661/2661/2535
f 2660/2660/2534 2661/2661/2535 2568/2568/2445
f 2661/2661/2535 2754/2754/2625 2662/2662/2536
f 2661/2661/2535 2662/2662/2536 2569/2569/2446
f 2570/2570/2447 2662/2662/2536 2755/2755/2626
f 2570/2570/2447 2755/2755/2626 2663/2663/2537
f 2571/2571/2448 2663/2663/2537 2756/2756/2627
f 2571/2571/2448 2756/2756/2627 2664/2664/2538
f 2757/2757/2628 2665/2665/2539 2572/2572/2449
f 2757/2757/2628 2572/2572/2449 2664/2664/2538
f 2573/2573/2450 2665/2665/2539 2758/2758/2629
f 2573/2573/2450 2758/2758/2629 2666/2666/2540
f 2759/2759/2630 2667/2667/2541 2574/2574/2451
f 2759/2759/2630 2574/2574/2451 2666/2666/2540
f 2575/2575/2452 2667/2667/2541 2760/2760/2631
f 2575/2575/2452 2760/2760/2631 2668/2668/2542
f 2668/2668/2542 2761/2761/2632 2669/2669/2543
f 2668/2668/2542 2669/2669/2543 2576/2576/2453
f 2670/2670/2544 2577/2577/2454 2669/2669/2543
f 2670/2670/2544 2669/2669/2543 2762/2762/2633
f 2670/2670/2544 2763/2763/2634 2764/2764/2635
f 2670/2670/2544 2764/2764/2635 2671/2671/2545
f 2579/2579/2456 2671/2671/2545 2764/2764/2635
f 2579/2579/2456 2764/2764/2635 2672/2672/2546
f 2672/2672/2546 2765/2765/2636 2766/2766/2547
f 2672/2672/2546 2766/2766/2547 2673/2673/2457
f 2582/2582/2458 2674/2674/2547 2767/2767/2637
f 2582/2582/2458 2767/2767/2637 2675/2675/2548
f 2675/2675/2548 2768/2768/2638 2676/2676/2549
f 2675/2675/2548 2676/2676/2549 2583/2583/2459
f 2584/2584/2460 2676/2676/2549 2769/2769/2639
f 2584/2584/2460 2769/2769/2639 2677/2677/2550
f 2585/2585/2461 2677/2677/2550 2770/2770/2640
f 2585/2585/2461 2770/2770/2640 2678/2678/2551
f 2678/2678/2551 2771/2771/2641 2679/2679/2552
f 2678/2678/2551 2679/2679/2552 2586/2586/2462
f 2587/2587/2463 2679/2679/2552 2772/2772/2642
f 2587/2587/2463 2772/2772/2642 2680/2680/2553
f 2588/2588/2464 2680/2680/2553 2773/2773/2643
f 2588/2588/2464 2773/2773/2643 2681/2681/2554
f 2589/2589/2465 2681/2681/2554 2774/2774/2644
f 2589/2589/2465 2774/2774/2644 2682/2682/2555
f 2590/2590/2466 2682/2682/2555 2775/2775/2645
f 2590/2590/2466 2775/2775/2645 2683/2683/2556
f 2683/2683/2556 2776/2776/2646 2684/2684/2557
f 2683/2683/2556 2684/2684/2557 2591/2591/2467
f 2685/2685/2468 2684/2684/2557 2777/2777/2647
f 2685/2685/2468 2777/2777/2647 2778/2778/2558
f 2686/2686/2558 2779/2779/2648 2687/2687/2559
f 2686/2686/2558 2687/2687/2559 2594/2594/2469
f 2688/2688/2560 2687/2687/2559 2780/2780/2649
f 2688/2688/2560 2780/2780/2649 2781/2781/2650
f 2595/2595/2470 2688/2688/2560 2782/2782/2651
f 2595/2595/2470 2782/2782/2651 2689/2689/2561
f 2690/2690/2562 2596/2596/2471 2689/2689/2561
f 2690/2690/2562 2689/2689/2561 2783/2783/2652
f 2691/2691/2563 2597/2597/2472 2690/2690/2562
f 2691/2691/2563 2690/2690/2562 2784/2784/2653
f 2598/2598/2473 2691/2691/2563 2785/2785/2654
f 2598/2598/2473 2785/2785/2654 2692/2692/2564
f 2599/2599/2474 2692/2692/2564 2786/2786/2655
f 2599/2599/2474 2786/2786/2655 2693/2693/2565
f 2600/2600/2475 2693/2693/2565 2787/2787/2656
f 2600/2600/2475 2787/2787/2656 2694/2694/2566
f 2695/2695/2567 2601/2601/2476 2694/2694/2566
f 2695/2695/2567 2694/2694/2566 2788/2788/2657
f 2696/2696/2568 2602/2602/2477 2695/2695/2567
f 2696/2696/2568 2695/2695/2567 2789/2789/2658
f 2697/2697/2569 2603/2603/2478 2696/2696/2568
f 2697/2697/2569 2696/2696/2568 2790/2790/2659
f 2698/2698/2570 2604/2604/2479 2697/2697/2569
f 2698/2698/2570 2697/2697/2569 2791/2791/2660
f 2698/2698/2570 2792/2792/2661 2699/2699/2571
f 2698/2698/2570 2699/2699/2571 2605/2605/2480
f 2700/2700/2572 2606/2606/2481 2699/2699/2571
f 2700/2700/2572 2699/2699/2571 2793/2793/2662
f 2607/2607/2482 2700/2700/2572 2794/2794/2663
f 2607/2607/2482 2794/2794/2663 2701/2701/2573
f 2702/2702/2574 2608/2608/2483 2701/2701/2573
f 2702/2702/2574 2701/2701/2573 2795/2795/2664
f 2703/2703/2575 2609/2609/2484 2702/2702/2574
f 2703/2703/2575 2702/2702/2574 2796/2796/2665
f 2704/2704/2576 2610/2610/2485 2703/2703/2575
f 2704/2704/2576 2703/2703/2575 2797/2797/2666
f 2611/2611/2486 2704/2704/2576 2798/2798/2667
f 2611/2611/2486 2798/2798/2667 2705/2705/2577
f 2799/2799/2668 2706/2706/2578 2612/2612/2487
f 2799/2799/2668 2612/2612/2487 2705/2705/2577
f 2800/2800/2669 2707/2707/2579 2613/2613/2488
f 2800/2800/2669 2613/2613/2488 2706/2706/2578
f 2614/2614/2489 2707/2707/2579 2801/2801/2670
f 2614/2614/2489 2801/2801/2670 2708/2708/2580
f 2615/2615/2490 2708/2708/2580 2802/2802/2671
f 2615/2615/2490 2802/2802/2671 2709/2709/2581
f 2616/2616/2491 2709/2709/2581 2803/2803/2672
f 2616/2616/2491 2803/2803/2672 2710/2710/2582
f 2710/2710/2582 2804/2804/2673 2711/2711/2583
f 2710/2710/2582 2711/2711/2583 2617/2617/2492
f 2805/2805/2674 2712/2712/2584 2618/2618/2493
f 2805/2805/2674 2618/2618/2493 2711/2711/2583
f 2713/2713/2585 2619/2619/2494 2712/2712/2584
f 2713/2713/2585 2712/2712/2584 2806/2806/2675
f 2620/2620/2495 2713/2713/2585 2807/2807/2676
f 2620/2620/2495 2807/2807/2676 2714/2714/2586
f 2808/2808/2677 2715/2715/2587 2621/2621/2496
f 2808/2808/2677 2621/2621/2496 2714/2714/2586
f 2716/2716/2588 2622/2622/2497 2715/2715/2587
f 2716/2716/2588 2715/2715/2587 2809/2809/2678
f 2717/2717/2589 2623/2623/2498 2716/2716/2588
f 2717/2717/2589 2716/2716/2588 2810/2810/2679
f 2624/2624/2499 2717/2717/2589 2811/2811/2680
f 2624/2624/2499 2811/2811/2680 2718/2718/2590
f 2719/2719/2591 2625/2625/2500 2718/2718/2590
f 2719/2719/2591 2718/2718/2590 2812/2812/2681
f 2720/2720/2592 2813/2813/2591 2814/2814/2682
f 2720/2720/2592 2814/2814/2682 2721/2721/2593
f 2628/2628/2503 2721/2721/2593 2815/2815/2683
f 2628/2628/2503 2815/2815/2683 2722/2722/2594
f 2629/2629/2504 2722/2722/2594 2816/2816/2684
f 2629/2629/2504 2816/2816/2684 2723/2723/2595
f 2724/2724/2596 2630/2630/2505 2723/2723/2595
f 2724/2724/2596 2723/2723/2595 2817/2817/2685
f 2724/2724/2596 2818/2818/2686 2725/2725/2597
f 2724/2724/2596 2725/2725/2597 2631/2631/2506
f 2632/2632/2507 2725/2725/2597 2819/2819/2687
f 2632/2632/2507 2819/2819/2687 2726/2726/2598
f 2727/2727/2599 2633/2633/2508 2726/2726/2598
f 2727/2727/2599 2726/2726/2598 2820/2820/2688
f 2728/2728/2600 2634/2634/2509 2727/2727/2599
f 2728/2728/2600 2727/2727/2599 2821/2821/2689
f 2728/2728/2600 2822/2822/2690 2729/2729/2601
f 2728/2728/2600 2729/2729/2601 2635/2635/2510
f 2729/2729/2601 2823/2823/2691 2730/2730/2602
f 2729/2729/2601 2730/2730/2602 2636/2636/2511
f 2731/2731/2603 2637/2637/2512 2730/2730/2602
f 2731/2731/2603 2730/2730/2602 2824/2824/2692
f 2640/2640/2514 2732/2732/2513 2825/2825/2603
f 2640/2640/2514 2825/2825/2603 2733/2733/2604
f 2641/2641/2515 2733/2733/2604 2826/2826/2693
f 2641/2641/2515 2826/2826/2693 2734/2734/2605
f 2642/2642/2516 2734/2734/2605 2827/2827/2694
f 2642/2642/2516 2827/2827/2694 2735/2735/2606
f 2735/2735/2606 2828/2828/2695 2736/2736/2607
f 2735/2735/2606 2736/2736/2607 2643/2643/2517
f 2644/2644/2518 2736/2736/2607 2829/2829/2696
f 2644/2644/2518 2829/2829/2696 2737/2737/2608
f 2645/2645/2519 2737/2737/2608 2830/2830/2697
f 2645/2645/2519 2830/2830/2697 2738/2738/2609
f 2738/2738/2609 2831/2831/2698 2739/2739/2610
f 2738/2738/2609 2739/2739/2610 2646/2646/2520
f 2739/2739/2610 2832/2832/2699 2833/2833/2700
f 2739/2739/2610 2833/2833/2700 2740/2740/2611
f 2833/2833/2700 2741/2741/2612 2648/2648/2522
f 2833/2833/2700 2648/2648/2522 2740/2740/2611
f 2649/2649/2523 2741/2741/2612 2834/2834/2701
f 2649/2649/2523 2834/2834/2701 2742/2742/2613
f 2742/2742/2613 2835/2835/2702 2743/2743/2614
f 2742/2742/2613 2743/2743/2614 2650/2650/2524
f 2836/2836/2703 2744/2744/2615 2651/2651/2525
f 2836/2836/2703 2651/2651/2525 2743/2743/2614
f 2652/2652/2526 2744/2744/2615 2837/2837/2704
f 2652/2652/2526 2837/2837/2704 2745/2745/2616
f 2746/2746/2617 2653/2653/2527 2745/2745/2616
f 2746/2746/2617 2745/2745/2616 2838/2838/2705
f 2746/2746/2617 2839/2839/2706 2747/2747/2618
f 2746/2746/2617 2747/2747/2618 2654/2654/2528
f 2655/2655/2529 2747/2747/2618 2840/2840/2707
f 2655/2655/2529 2840/2840/2707 2748/2748/2619
f 2749/2749/2620 2656/2656/2530 2748/2748/2619
f 2749/2749/2620 2748/2748/2619 2841/2841/2708
f 2749/2749/2620 2842/2842/2709 2750/2750/2621
f 2749/2749/2620 2750/2750/2621 2657/2657/2531
f 2750/2750/2621 2843/2843/2710 2751/2751/2622
f 2750/2750/2621 2751/2751/2622 2658/2658/2532
f 2659/2659/2533 2751/2751/2622 2844/2844/2711
f 2659/2659/2533 2844/2844/2711 2752/2752/2623
f 2660/2660/2534 2752/2752/2623 2845/2845/2712
f 2660/2660/2534 2845/2845/2712 2753/2753/2624
f 2661/2661/2535 2753/2753/2624 2846/2846/2713
f 2661/2661/2535 2846/2846/2713 2754/2754/2625
f 2662/2662/2536 2754/2754/2625 2847/2847/2714
f 2662/2662/2536 2847/2847/2714 2755/2755/2626
f 2755/2755/2626 2848/2848/2715 2756/2756/2627
f 2755/2755/2626 2756/2756/2627 2663/2663/2537
f 2756/2756/2627 2849/2849/2716 2757/2757/2628
f 2756/2756/2627 2757/2757/2628 2664/2664/2538
f 2757/2757/2628 2850/2850/2717 2758/2758/2629
f 2757/2757/2628 2758/2758/2629 2665/2665/2539
f 2758/2758/2629 2851/2851/2718 2759/2759/2630
f 2758/2758/2629 2759/2759/2630 2666/2666/2540
f 2759/2759/2630 2852/2852/2719 2760/2760/2631
f 2759/2759/2630 2760/2760/2631 2667/2667/2541
f 2668/2668/2542 2760/2760/2631 2853/2853/2720
f 2668/2668/2542 2853/2853/2720 2761/2761/2632
f 2854/2854/2721 2762/2762/2633 2669/2669/2543
f 2854/2854/2721 2669/2669/2543 2761/2761/2632
f 2670/2670/2544 2762/2762/2633 2855/2855/2722
f 2670/2670/2544 2855/2855/2722 2763/2763/2634
f 2764/2764/2635 2763/2763/2634 2856/2856/2723
f 2764/2764/2635 2856/2856/2723 2857/2857/2724
f 2672/2672/2546 2764/2764/2635 2857/2857/2724
f 2672/2672/2546 2857/2857/2724 2765/2765/2636
f 2766/2766/2547 2765/2765/2636 2858/2858/2725
f 2766/2766/2547 2858/2858/2725 2859/2859/2637
f 2675/2675/2548 2767/2767/2637 2860/2860/2726
f 2675/2675/2548 2860/2860/2726 2768/2768/2638
f 2676/2676/2549 2768/2768/2638 2861/2861/2727
f 2676/2676/2549 2861/2861/2727 2769/2769/2639
f 2769/2769/2639 2862/2862/2728 2770/2770/2640
f 2769/2769/2639 2770/2770/2640 2677/2677/2550
f 2678/2678/2551 2770/2770/2640 2863/2863/2729
f 2678/2678/2551 2863/2863/2729 2771/2771/2641
f 2771/2771/2641 2864/2864/2730 2772/2772/2642
f 2771/2771/2641 2772/2772/2642 2679/2679/2552
f 2680/2680/2553 2772/2772/2642 2865/2865/2731
f 2680/2680/2553 2865/2865/2731 2773/2773/2643
f 2681/2681/2554 2773/2773/2643 2866/2866/2732
f 2681/2681/2554 2866/2866/2732 2774/2774/2644
f 2774/2774/2644 2867/2867/2733 2775/2775/2645
f 2774/2774/2644 2775/2775/2645 2682/2682/2555
f 2683/2683/2556 2775/2775/2645 2868/2868/2734
f 2683/2683/2556 2868/2868/2734 2776/2776/2646
f 2684/2684/2557 2776/2776/2646 2869/2869/2735
f 2684/2684/2557 2869/2869/2735 2777/2777/2647
f 2778/2778/2558 2777/2777/2647 2870/2870/2736
f 2778/2778/2558 2870/2870/2736 2871/2871/2648
f 2779/2779/2648 2872/2872/2737 2780/2780/2649
f 2779/2779/2648 2780/2780/2649 2687/2687/2559
f 2780/2780/2649 2873/2873/2738 2874/2874/2739
f 2780/2780/2649 2874/2874/2739 2781/2781/2650
f 2782/2782/2651 2688/2688/2560 2781/2781/2650
f 2782/2782/2651 2781/2781/2650 2875/2875/2740
f 2783/2783/2652 2689/2689/2561 2782/2782/2651
f 2783/2783/2652 2782/2782/2651 2876/2876/2741
f 2784/2784/2653 2690/2690/2562 2783/2783/2652
f 2784/2784/2653 2783/2783/2652 2877/2877/2742
f 2691/2691/2563 2784/2784/2653 2878/2878/2743
f 2691/2691/2563 2878/2878/2743 2785/2785/2654
f 2786/2786/2655 2692/2692/2564 2785/2785/2654
f 2786/2786/2655 2785/2785/2654 2879/2879/2744
f 2693/2693/2565 2786/2786/2655 2880/2880/2745
f 2693/2693/2565 2880/2880/2745 2787/2787/2656
f 2694/2694/2566 2787/2787/2656 2881/2881/2746
f 2694/2694/2566 2881/2881/2746 2788/2788/2657
f 2695/2695/2567 2788/2788/2657 2882/2882/2747
f 2695/2695/2567 2882/2882/2747 2789/2789/2658
f 2790/2790/2659 2696/2696/2568 2789/2789/2658
f 2790/2790/2659 2789/2789/2658 2883/2883/2748
f 2697/2697/2569 2790/2790/2659 2884/2884/2749
f 2697/2697/2569 2884/2884/2749 2791/2791/2660
f 2698/2698/2570 2791/2791/2660 2885/2885/2750
f 2698/2698/2570 2885/2885/2750 2792/2792/2661
f 2699/2699/2571 2792/2792/2661 2886/2886/2751
f 2699/2699/2571 2886/2886/2751 2793/2793/2662
f 2794/2794/2663 2700/2700/2572 2793/2793/2662
f 2794/2794/2663 2793/2793/2662 2887/2887/2752
f 2795/2795/2664 2701/2701/2573 2794/2794/2663
f 2795/2795/2664 2794/2794/2663 2888/2888/2753
f 2702/2702/2574 2795/2795/2664 2889/2889/2754
f 2702/2702/2574 2889/2889/2754 2796/2796/2665
f 2703/2703/2575 2796/2796/2665 2890/2890/2755
f 2703/2703/2575 2890/2890/2755 2797/2797/2666
f 2704/2704/2576 2797/2797/2666 2891/2891/2756
f 2704/2704/2576 2891/2891/2756 2798/2798/2667
f 2799/2799/2668 2705/2705/2577 2798/2798/2667
f 2799/2799/2668 2798/2798/2667 2892/2892/2757
f 2800/2800/2669 2706/2706/2578 2799/2799/2668
f 2800/2800/2669 2799/2799/2668 2893/2893/2758
f 2800/2800/2669 2894/2894/2759 2801/2801/2670
f 2800/2800/2669 2801/2801/2670 2707/2707/2579
f 2802/2802/2671 2708/2708/2580 2801/2801/2670
f 2802/2802/2671 2801/2801/2670 2895/2895/2760
f 2803/2803/2672 2709/2709/2581 2802/2802/2671
f 2803/2803/2672 2802/2802/2671 2896/2896/2761
f 2710/2710/2582 2803/2803/2672 2897/2897/2762
f 2710/2710/2582 2897/2897/2762 2804/2804/2673
f 2898/2898/2763 2805/2805/2674 2711/2711/2583
f 2898/2898/2763 2711/2711/2583 2804/2804/2673
f 2899/2899/2764 2806/2806/2675 2712/2712/2584
f 2899/2899/2764 2712/2712/2584 2805/2805/2674
f 2713/2713/2585 2806/2806/2675 2900/2900/2765
f 2713/2713/2585 2900/2900/2765 2807/2807/2676
f 2808/2808/2677 2714/2714/2586 2807/2807/2676
f 2808/2808/2677 2807/2807/2676 2901/2901/2766
f 2902/2902/2767 2809/2809/2678 2715/2715/2587
f 2902/2902/2767 2715/2715/2587 2808/2808/2677
f 2810/2810/2679 2716/2716/2588 2809/2809/2678
f 2810/2810/2679 2809/2809/2678 2903/2903/2768
f 2717/2717/2589 2810/2810/2679 2904/2904/2769
f 2717/2717/2589 2904/2904/2769 2811/2811/2680
f 2812/2812/2681 2718/2718/2590 2811/2811/2680
f 2812/2812/2681 2811/2811/2680 2905/2905/2770
f 2813/2813/2591 2906/2906/2681 2907/2907/2771
f 2813/2813/2591 2907/2907/2771 2814/2814/2682
f 2815/2815/2683 2721/2721/2593 2814/2814/2682
f 2815/2815/2683 2814/2814/2682 2908/2908/2772
f 2722/2722/2594 2815/2815/2683 2909/2909/2773
f 2722/2722/2594 2909/2909/2773 2816/2816/2684
f 2723/2723/2595 2816/2816/2684 2910/2910/2774
f 2723/2723/2595 2910/2910/2774 2817/2817/2685
f 2724/2724/2596 2817/2817/2685 2911/2911/2775
f 2724/2724/2596 2911/2911/2775 2818/2818/2686
f 2819/2819/2687 2725/2725/2597 2818/2818/2686
f 2819/2819/2687 2818/2818/2686 2912/2912/2776
f 2726/2726/2598 2819/2819/2687 2913/2913/2777
f 2726/2726/2598 2913/2913/2777 2820/2820/2688
f 2727/2727/2599 2820/2820/2688 2914/2914/2778
f 2727/2727/2599 2914/2914/2778 2821/2821/2689
f 2728/2728/2600 2821/2821/2689 2915/2915/2779
f 2728/2728/2600 2915/2915/2779 2822/2822/2690
f 2916/2916/2780 2823/2823/2691 2729/2729/2601
f 2916/2916/2780 2729/2729/2601 2822/2822/2690
f 2824/2824/2692 2730/2730/2602 2823/2823/2691
f 2824/2824/2692 2823/2823/2691 2917/2917/2781
f 2825/2825/2603 2918/2918/2692 2826/2826/2693
f 2825/2825/2603 2826/2826/2693 2733/2733/2604
f 2826/2826/2693 2919/2919/2782 2827/2827/2694
f 2826/2826/2693 2827/2827/2694 2734/2734/2605
f 2735/2735/2606 2827/2827/2694 2920/2920/2783
f 2735/2735/2606 2920/2920/2783 2828/2828/2695
f 2828/2828/2695 2921/2921/2784 2829/2829/2696
f 2828/2828/2695 2829/2829/2696 2736/2736/2607
f 2922/2922/2785 2830/2830/2697 2737/2737/2608
f 2922/2922/2785 2737/2737/2608 2829/2829/2696
f 2738/2738/2609 2830/2830/2697 2923/2923/2786
f 2738/2738/2609 2923/2923/2786 2831/2831/2698
f 2831/2831/2698 2924/2924/2787 2832/2832/2699
f 2831/2831/2698 2832/2832/2699 2739/2739/2610
f 2833/2833/2700 2832/2832/2699 2925/2925/2788
f 2833/2833/2700 2925/2925/2788 2926/2926/2789
f 2833/2833/2700 2926/2926/2789 2834/2834/2701
f 2833/2833/2700 2834/2834/2701 2741/2741/2612
f 2834/2834/2701 2927/2927/2790 2835/2835/2702
f 2834/2834/2701 2835/2835/2702 2742/2742/2613
f 2928/2928/2791 2836/2836/2703 2743/2743/2614
f 2928/2928/2791 2743/2743/2614 2835/2835/2702
f 2929/2929/2792 2837/2837/2704 2744/2744/2615
f 2929/2929/2792 2744/2744/2615 2836/2836/2703
f 2930/2930/2793 2838/2838/2705 2745/2745/2616
f 2930/2930/2793 2745/2745/2616 2837/2837/2704
f 2746/2746/2617 2838/2838/2705 2931/2931/2794
f 2746/2746/2617 2931/2931/2794 2839/2839/2706
f 2839/2839/2706 2932/2932/2795 2840/2840/2707
f 2839/2839/2706 2840/2840/2707 2747/2747/2618
f 2933/2933/2796 2841/2841/2708 2748/2748/2619
f 2933/2933/2796 2748/2748/2619 2840/2840/2707
f 2749/2749/2620 2841/2841/2708 2934/2934/2797
f 2749/2749/2620 2934/2934/2797 2842/2842/2709
f 2750/2750/2621 2842/2842/2709 2935/2935/2798
f 2750/2750/2621 2935/2935/2798 2843/2843/2710
f 2751/2751/2622 2843/2843/2710 2936/2936/2799
f 2751/2751/2622 2936/2936/2799 2844/2844/2711
f 2845/2845/2712 2752/2752/2623 2844/2844/2711
f 2845/2845/2712 2844/2844/2711 2937/2937/2800
f 2845/2845/2712 2938/2938/2801 2846/2846/2713
f 2845/2845/2712 2846/2846/2713 2753/2753/2624
f 2846/2846/2713 2939/2939/2536 2847/2847/2714
f 2846/2846/2713 2847/2847/2714 2754/2754/2625
f 2847/2847/2714 2940/2940/2802 2848/2848/2715
f 2847/2847/2714 2848/2848/2715 2755/2755/2626
f 2756/2756/2627 2848/2848/2715 2941/2941/2803
f 2756/2756/2627 2941/2941/2803 2849/2849/2716
f 2849/2849/2716 2942/2942/2804 2850/2850/2717
f 2849/2849/2716 2850/2850/2717 2757/2757/2628
f 2758/2758/2629 2850/2850/2717 2943/2943/2805
f 2758/2758/2629 2943/2943/2805 2851/2851/2718
f 2759/2759/2630 2851/2851/2718 2944/2944/2806
f 2759/2759/2630 2944/2944/2806 2852/2852/2719
f 2760/2760/2631 2852/2852/2719 2945/2945/2807
f 2760/2760/2631 2945/2945/2807 2853/2853/2720
f 2854/2854/2721 2761/2761/2632 2853/2853/2720
f 2854/2854/2721 2853/2853/2720 2946/2946/2808
f 2854/2854/2721 2947/2947/2809 2855/2855/2722
f 2854/2854/2721 2855/2855/2722 2762/2762/2633
f 2855/2855/2722 2948/2948/2810 2856/2856/2723
f 2855/2855/2722 2856/2856/2723 2763/2763/2634
f 2856/2856/2723 2949/2949/2811 2950/2950/2812
f 2856/2856/2723 2950/2950/2812 2857/2857/2724
f 2765/2765/2636 2857/2857/2724 2950/2950/2812
f 2765/2765/2636 2950/2950/2812 2858/2858/2725
f 2859/2859/2637 2858/2858/2725 2951/2951/2813
f 2859/2859/2637 2951/2951/2813 2952/2952/2814
f 2768/2768/2638 2860/2860/2726 2953/2953/2815
f 2768/2768/2638 2953/2953/2815 2861/2861/2727
f 2769/2769/2639 2861/2861/2727 2954/2954/2816
f 2769/2769/2639 2954/2954/2816 2862/2862/2728
f 2770/2770/2640 2862/2862/2728 2955/2955/2817
f 2770/2770/2640 2955/2955/2817 2863/2863/2729
f 2771/2771/2641 2863/2863/2729 2956/2956/2818
f 2771/2771/2641 2956/2956/2818 2864/2864/2730
f 2957/2957/2819 2865/2865/2731 2772/2772/2642
f 2957/2957/2819 2772/2772/2642 2864/2864/2730
f 2773/2773/2643 2865/2865/2731 2958/2958/2820
f 2773/2773/2643 2958/2958/2820 2866/2866/2732
f 2774/2774/2644 2866/2866/2732 2959/2959/2821
f 2774/2774/2644 2959/2959/2821 2867/2867/2733
f 2867/2867/2733 2960/2960/2822 2868/2868/2734
f 2867/2867/2733 2868/2868/2734 2775/2775/2645
f 2868/2868/2734 2961/2961/2823 2869/2869/2735
f 2868/2868/2734 2869/2869/2735 2776/2776/2646
f 2777/2777/2647 2869/2869/2735 2962/2962/2824
f 2777/2777/2647 2962/2962/2824 2870/2870/2736
f 2871/2871/2648 2870/2870/2736 2963/2963/2825
f 2871/2871/2648 2963/2963/2825 2964/2964/2737
f 2872/2872/2737 2965/2965/2826 2873/2873/2738
f 2872/2872/2737 2873/2873/2738 2780/2780/2649
f 2874/2874/2739 2873/2873/2738 2966/2966/2827
f 2874/2874/2739 2966/2966/2827 2967/2967/2828
f 2781/2781/2650 2874/2874/2739 2968/2968/2829
f 2781/2781/2650 2968/2968/2829 2875/2875/2740
f 2782/2782/2651 2875/2875/2740 2969/2969/2830
f 2782/2782/2651 2969/2969/2830 2876/2876/2741
f 2877/2877/2742 2783/2783/2652 2876/2876/2741
f 2877/2877/2742 2876/2876/2741 2970/2970/2831
f 2784/2784/2653 2877/2877/2742 2971/2971/2832
f 2784/2784/2653 2971/2971/2832 2878/2878/2743
f 2972/2972/2833 2879/2879/2744 2785/2785/2654
f 2972/2972/2833 2785/2785/2654 2878/2878/2743
f 2786/2786/2655 2879/2879/2744 2973/2973/2834
f 2786/2786/2655 2973/2973/2834 2880/2880/2745
f 2881/2881/2746 2787/2787/2656 2880/2880/2745
f 2881/2881/2746 2880/2880/2745 2974/2974/2835
f 2788/2788/2657 2881/2881/2746 2975/2975/2836
f 2788/2788/2657 2975/2975/2836 2882/2882/2747
f 2883/2883/2748 2789/2789/2658 2882/2882/2747
f 2883/2883/2748 2882/2882/2747 2976/2976/2837
f 2790/2790/2659 2883/2883/2748 2977/2977/2838
f 2790/2790/2659 2977/2977/2838 2884/2884/2749
f 2791/2791/2660 2884/2884/2749 2978/2978/2839
f 2791/2791/2660 2978/2978/2839 2885/2885/2750
f 2979/2979/2840 2886/2886/2751 2792/2792/2661
f 2979/2979/2840 2792/2792/2661 2885/2885/2750
f 2887/2887/2752 2793/2793/2662 2886/2886/2751
f 2887/2887/2752 2886/2886/2751 2980/2980/2841
f 2794/2794/2663 2887/2887/2752 2981/2981/2842
f 2794/2794/2663 2981/2981/2842 2888/2888/2753
f 2795/2795/2664 2888/2888/2753 2982/2982/2843
f 2795/2795/2664 2982/2982/2843 2889/2889/2754
f 2796/2796/2665 2889/2889/2754 2983/2983/2844
f 2796/2796/2665 2983/2983/2844 2890/2890/2755
f 2891/2891/2756 2797/2797/2666 2890/2890/2755
f 2891/2891/2756 2890/2890/2755 2984/2984/2845
f 2798/2798/2667 2891/2891/2756 2985/2985/2846
f 2798/2798/2667 2985/2985/2846 2892/2892/2757
f 2893/2893/2758 2799/2799/2668 2892/2892/2757
f 2893/2893/2758 2892/2892/2757 2986/2986/2847
f 2800/2800/2669 2893/2893/2758 2987/2987/2848
f 2800/2800/2669 2987/2987/2848 2894/2894/2759
f 2895/2895/2760 2801/2801/2670 2894/2894/2759
f 2895/2895/2760 2894/2894/2759 2988/2988/2849
f 2802/2802/2671 2895/2895/2760 2989/2989/2850
f 2802/2802/2671 2989/2989/2850 2896/2896/2761
f 2803/2803/2672 2896/2896/2761 2990/2990/2851
f 2803/2803/2672 2990/2990/2851 2897/2897/2762
f 2898/2898/2763 2804/2804/2673 2897/2897/2762
f 2898/2898/2763 2897/2897/2762 2991/2991/2852
f 2899/2899/2764 2805/2805/2674 2898/2898/2763
f 2899/2899/2764 2898/2898/2763 2992/2992/2853
f 2899/2899/2764 2993/2993/2854 2900/2900/2765
f 2899/2899/2764 2900/2900/2765 2806/2806/2675
f 2900/2900/2765 2994/2994/2855 2901/2901/2766
f 2900/2900/2765 2901/2901/2766 2807/2807/2676
f 2902/2902/2767 2808/2808/2677 2901/2901/2766
f 2902/2902/2767 2901/2901/2766 2995/2995/2856
f 2902/2902/2767 2996/2996/2857 2903/2903/2768
f 2902/2902/2767 2903/2903/2768 2809/2809/2678
f 2810/2810/2679 2903/2903/2768 2997/2997/2858
f 2810/2810/2679 2997/2997/2858 2904/2904/2769
f 2905/2905/2770 2811/2811/2680 2904/2904/2769
f 2905/2905/2770 2904/2904/2769 2998/2998/2859
f 2906/2906/2681 2999/2999/2770 3000/3000/2860
f 2906/2906/2681 3000/3000/2860 2907/2907/2771
f 2814/2814/2682 2907/2907/2771 3001/3001/2861
f 2814/2814/2682 3001/3001/2861 2908/2908/2772
f 2815/2815/2683 2908/2908/2772 3002/3002/2862
f 2815/2815/2683 3002/3002/2862 2909/2909/2773
f 2816/2816/2684 2909/2909/2773 3003/3003/2863
f 2816/2816/2684 3003/3003/2863 2910/2910/2774
f 2817/2817/2685 2910/2910/2774 3004/3004/2864
f 2817/2817/2685 3004/3004/2864 2911/2911/2775
f 2818/2818/2686 2911/2911/2775 3005/3005/2865
f 2818/2818/2686 3005/3005/2865 2912/2912/2776
f 2819/2819/2687 2912/2912/2776 3006/3006/2866
f 2819/2819/2687 3006/3006/2866 2913/2913/2777
f 3007/3007/2867 2914/2914/2778 2820/2820/2688
f 3007/3007/2867 2820/2820/2688 2913/2913/2777
f 2915/2915/2779 2821/2821/2689 2914/2914/2778
f 2915/2915/2779 2914/2914/2778 3008/3008/2868
f 2916/2916/2780 2822/2822/2690 2915/2915/2779
f 2916/2916/2780 2915/2915/2779 3009/3009/2869
f 2917/2917/2781 2823/2823/2691 2916/2916/2780
f 2917/2917/2781 2916/2916/2780 3010/3010/2870
f 2918/2918/2692 3011/3011/2781 2919/2919/2782
f 2918/2918/2692 2919/2919/2782 2826/2826/2693
f 2827/2827/2694 2919/2919/2782 3012/3012/2871
f 2827/2827/2694 3012/3012/2871 2920/2920/2783
f 2920/2920/2783 3013/3013/2872 2921/2921/2784
f 2920/2920/2783 2921/2921/2784 2828/2828/2695
f 2921/2921/2784 3014/3014/2873 2922/2922/2785
f 2921/2921/2784 2922/2922/2785 2829/2829/2696
f 2922/2922/2785 3015/3015/2874 2923/2923/2786
f 2922/2922/2785 2923/2923/2786 2830/2830/2697
f 2831/2831/2698 2923/2923/2786 3016/3016/2875
f 2831/2831/2698 3016/3016/2875 2924/2924/2787
f 3017/3017/2876 2925/2925/2788 2832/2832/2699
f 3017/3017/2876 2832/2832/2699 2924/2924/2787
f 3018/3018/2877 3019/3019/2878 2926/2926/2789
f 3018/3018/2877 2926/2926/2789 2925/2925/2788
f 2834/2834/2701 2926/2926/2789 3019/3019/2878
f 2834/2834/2701 3019/3019/2878 2927/2927/2790
f 2928/2928/2791 2835/2835/2702 2927/2927/2790
f 2928/2928/2791 2927/2927/2790 3020/3020/2879
f 2928/2928/2791 3021/3021/2880 2929/2929/2792
f 2928/2928/2791 2929/2929/2792 2836/2836/2703
f 2929/2929/2792 3022/3022/2535 2930/2930/2793
f 2929/2929/2792 2930/2930/2793 2837/2837/2704
f 2930/2930/2793 3023/3023/2881 2931/2931/2794
f 2930/2930/2793 2931/2931/2794 2838/2838/2705
f 2931/2931/2794 3024/3024/2882 2932/2932/2795
f 2931/2931/2794 2932/2932/2795 2839/2839/2706
f 2932/2932/2795 3025/3025/2883 2933/2933/2796
f 2932/2932/2795 2933/2933/2796 2840/2840/2707
f 2933/2933/2796 3026/3026/2884 2934/2934/2797
f 2933/2933/2796 2934/2934/2797 2841/2841/2708
f 2842/2842/2709 2934/2934/2797 3027/3027/2885
f 2842/2842/2709 3027/3027/2885 2935/2935/2798
f 2935/2935/2798 3028/3028/2886 2936/2936/2799
f 2935/2935/2798 2936/2936/2799 2843/2843/2710
f 2936/2936/2799 3029/3029/2887 2937/2937/2800
f 2936/2936/2799 2937/2937/2800 2844/2844/2711
f 2845/2845/2712 2937/2937/2800 3030/3030/2888
f 2845/2845/2712 3030/3030/2888 2938/2938/2801
f 2938/2938/2801 3031/3031/2889 2939/2939/2536
f 2938/2938/2801 2939/2939/2536 2846/2846/2713
f 2847/2847/2714 2939/2939/2536 3032/3032/2890
f 2847/2847/2714 3032/3032/2890 2940/2940/2802
f 2940/2940/2802 3033/3033/2891 2941/2941/2803
f 2940/2940/2802 2941/2941/2803 2848/2848/2715
f 2849/2849/2716 2941/2941/2803 3034/3034/2892
f 2849/2849/2716 3034/3034/2892 2942/2942/2804
f 2942/2942/2804 3035/3035/2893 2943/2943/2805
f 2942/2942/2804 2943/2943/2805 2850/2850/2717
f 2851/2851/2718 2943/2943/2805 3036/3036/2894
f 2851/2851/2718 3036/3036/2894 2944/2944/2806
f 2944/2944/2806 3037/3037/2895 2945/2945/2807
f 2944/2944/2806 2945/2945/2807 2852/2852/2719
f 2946/2946/2808 2853/2853/2720 2945/2945/2807
f 2946/2946/2808 2945/2945/2807 3038/3038/2896
f 2854/2854/2721 2946/2946/2808 3039/3039/2897
f 2854/2854/2721 3039/3039/2897 2947/2947/2809
f 2855/2855/2722 2947/2947/2809 3040/3040/2898
f 2855/2855/2722 3040/3040/2898 2948/2948/2810
f 2856/2856/2723 2948/2948/2810 3041/3041/2899
f 2856/2856/2723 3041/3041/2899 2949/2949/2811
f 2950/2950/2812 2949/2949/2811 3042/3042/2900
f 2950/2950/2812 3042/3042/2900 3043/3043/2901
f 2950/2950/2812 3043/3043/2901 2951/2951/2813
f 2950/2950/2812 2951/2951/2813 2858/2858/2725
f 2951/2951/2813 3044/3044/2902 3045/3045/2903
f 2951/2951/2813 3045/3045/2903 2952/2952/2814
f 2861/2861/2727 2953/2953/2815 3046/3046/2904
f 2861/2861/2727 3046/3046/2904 2954/2954/2816
f 2954/2954/2816 3047/3047/2905 2955/2955/2817
f 2954/2954/2816 2955/2955/2817 2862/2862/2728
f 2955/2955/2817 3048/3048/2906 2956/2956/2818
f 2955/2955/2817 2956/2956/2818 2863/2863/2729
f 2956/2956/2818 3049/3049/2907 2957/2957/2819
f 2956/2956/2818 2957/2957/2819 2864/2864/2730
f 2957/2957/2819 3050/3050/2908 2958/2958/2820
f 2957/2957/2819 2958/2958/2820 2865/2865/2731
f 2958/2958/2820 3051/3051/2909 2959/2959/2821
f 2958/2958/2820 2959/2959/2821 2866/2866/2732
f 2959/2959/2821 3052/3052/2910 2960/2960/2822
f 2959/2959/2821 2960/2960/2822 2867/2867/2733
f 2868/2868/2734 2960/2960/2822 3053/3053/2911
f 2868/2868/2734 3053/3053/2911 2961/2961/2823
f 2961/2961/2823 3054/3054/2912 2962/2962/2824
f 2961/2961/2823 2962/2962/2824 2869/2869/2735
f 2870/2870/2736 2962/2962/2824 3055/3055/2913
f 2870/2870/2736 3055/3055/2913 2963/2963/2825
f 2964/2964/2737 2963/2963/2825 3056/3056/2914
f 2964/2964/2737 3056/3056/2914 3057/3057/2826
f 2965/2965/2826 3058/3058/2915 2966/2966/2827
f 2965/2965/2826 2966/2966/2827 2873/2873/2738
f 2966/2966/2827 3059/3059/2916 3060/3060/2917
f 2966/2966/2827 3060/3060/2917 2967/2967/2828
f 2874/2874/2739 2967/2967/2828 3061/3061/2918
f 2874/2874/2739 3061/3061/2918 2968/2968/2829
f 2969/2969/2830 2875/2875/2740 2968/2968/2829
f 2969/2969/2830 2968/2968/2829 3062/3062/2919
f 2970/2970/2831 2876/2876/2741 2969/2969/2830
f 2970/2970/2831 2969/2969/2830 3063/3063/2920
f 2877/2877/2742 2970/2970/2831 3064/3064/2921
f 2877/2877/2742 3064/3064/2921 2971/2971/2832
f 2972/2972/2833 2878/2878/2743 2971/2971/2832
f 2972/2972/2833 2971/2971/2832 3065/3065/2922
f 2973/2973/2834 2879/2879/2744 2972/2972/2833
f 2973/2973/2834 2972/2972/2833 3066/3066/2923
f 2974/2974/2835 2880/2880/2745 2973/2973/2834
f 2974/2974/2835 2973/2973/2834 3067/3067/2924
f 2881/2881/2746 2974/2974/2835 3068/3068/2925
f 2881/2881/2746 3068/3068/2925 2975/2975/2836
f 2976/2976/2837 2882/2882/2747 2975/2975/2836
f 2976/2976/2837 2975/2975/2836 3069/3069/2926
f 2883/2883/2748 2976/2976/2837 3070/3070/2927
f 2883/2883/2748 3070/3070/2927 2977/2977/2838
f 2978/2978/2839 2884/2884/2749 2977/2977/2838
f 2978/2978/2839 2977/2977/2838 3071/3071/2928
f 2979/2979/2840 2885/2885/2750 2978/2978/2839
f 2979/2979/2840 2978/2978/2839 3072/3072/2929
f 2980/2980/2841 2886/2886/2751 2979/2979/2840
f 2980/2980/2841 2979/2979/2840 3073/3073/2930
f 2887/2887/2752 2980/2980/2841 3074/3074/2931
f 2887/2887/2752 3074/3074/2931 2981/2981/2842
f 2981/2981/2842 3075/3075/2932 2982/2982/2843
f 2981/2981/2842 2982/2982/2843 2888/2888/2753
f 2983/2983/2844 2889/2889/2754 2982/2982/2843
f 2983/2983/2844 2982/2982/2843 3076/3076/2933
f 3077/3077/2934 2984/2984/2845 2890/2890/2755
f 3077/3077/2934 2890/2890/2755 2983/2983/2844
f 2891/2891/2756 2984/2984/2845 3078/3078/2935
f 2891/2891/2756 3078/3078/2935 2985/2985/2846
f 2986/2986/2847 2892/2892/2757 2985/2985/2846
f 2986/2986/2847 2985/2985/2846 3079/3079/2936
f 2893/2893/2758 2986/2986/2847 3080/3080/2937
f 2893/2893/2758 3080/3080/2937 2987/2987/2848
f 2988/2988/2849 2894/2894/2759 2987/2987/2848
f 2988/2988/2849 2987/2987/2848 3081/3081/2938
f 2989/2989/2850 2895/2895/2760 2988/2988/2849
f 2989/2989/2850 2988/2988/2849 3082/3082/2939
f 2990/2990/2851 2896/2896/2761 2989/2989/2850
f 2990/2990/2851 2989/2989/2850 3083/3083/2940
f 2897/2897/2762 2990/2990/2851 3084/3084/2941
f 2897/2897/2762 3084/3084/2941 2991/2991/2852
f 2898/2898/2763 2991/2991/2852 3085/3085/2942
f 2898/2898/2763 3085/3085/2942 2992/2992/2853
f 2899/2899/2764 2992/2992/2853 3086/3086/2943
f 2899/2899/2764 3086/3086/2943 2993/2993/2854
f 3087/3087/2944 2994/2994/2855 2900/2900/2765
f 3087/3087/2944 2900/2900/2765 2993/2993/2854
f 3088/3088/2945 2995/2995/2856 2901/2901/2766
f 3088/3088/2945 2901/2901/2766 2994/2994/2855
f 2902/2902/2767 2995/2995/2856 3089/3089/2946
f 2902/2902/2767 3089/3089/2946 2996/2996/2857
f 2997/2997/2858 2903/2903/2768 2996/2996/2857
f 2997/2997/2858 2996/2996/2857 3090/3090/2947
f 2904/2904/2769 2997/2997/2858 3091/3091/2948
f 2904/2904/2769 3091/3091/2948 2998/2998/2859
f 2999/2999/2770 3092/3092/2859 3093/3093/2949
f 2999/2999/2770 3093/3093/2949 3000/3000/2860
f 2907/2907/2771 3000/3000/2860 3094/3094/2950
f 2907/2907/2771 3094/3094/2950 3001/3001/2861
f 3002/3002/2862 2908/2908/2772 3001/3001/2861
f 3002/3002/2862 3001/3001/2861 3095/3095/2951
f 3003/3003/2863 2909/2909/2773 3002/3002/2862
f 3003/3003/2863 3002/3002/2862 3096/3096/2952
f 3004/3004/2864 2910/2910/2774 3003/3003/2863
f 3004/3004/2864 3003/3003/2863 3097/3097/2953
f 3098/3098/2954 3005/3005/2865 2911/2911/2775
f 3098/3098/2954 2911/2911/2775 3004/3004/2864
f 2912/2912/2776 3005/3005/2865 3099/3099/2955
f 2912/2912/2776 3099/3099/2955 3006/3006/2866
f 3007/3007/2867 2913/2913/2777 3006/3006/2866
f 3007/3007/2867 3006/3006/2866 3100/3100/2956
f 3007/3007/2867 3101/3101/2957 3008/3008/2868
f 3007/3007/2867 3008/3008/2868 2914/2914/2778
f 2915/2915/2779 3008/3008/2868 3102/3102/2958
f 2915/2915/2779 3102/3102/2958 3009/3009/2869
f 3010/3010/2870 2916/2916/2780 3009/3009/2869
f 3010/3010/2870 3009/3009/2869 3103/3103/2959
f 3011/3011/2781 3104/3104/2870 3012/3012/2871
f 3011/3011/2781 3012/3012/2871 2919/2919/2782
f 2920/2920/2783 3012/3012/2871 3105/3105/2960
f 2920/2920/2783 3105/3105/2960 3013/3013/2872
f 2921/2921/2784 3013/3013/2872 3106/3106/2961
f 2921/2921/2784 3106/3106/2961 3014/3014/2873
f 2922/2922/2785 3014/3014/2873 3107/3107/2962
f 2922/2922/2785 3107/3107/2962 3015/3015/2874
f 3015/3015/2874 3108/3108/2963 3016/3016/2875
f 3015/3015/2874 3016/3016/2875 2923/2923/2786
f 3016/3016/2875 3109/3109/2964 3017/3017/2876
f 3016/3016/2875 3017/3017/2876 2924/2924/2787
f 3018/3018/2877 2925/2925/2788 3017/3017/2876
f 3018/3018/2877 3017/3017/2876 3110/3110/2965
f 3111/3111/2966 3019/3019/2878 3018/3018/2877
f 3111/3111/2966 3018/3018/2877 3112/3112/2967
f 3111/3111/2966 3020/3020/2879 2927/2927/2790
f 3111/3111/2966 2927/2927/2790 3019/3019/2878
f 2928/2928/2791 3020/3020/2879 3113/3113/2968
f 2928/2928/2791 3113/3113/2968 3021/3021/2880
f 2929/2929/2792 3021/3021/2880 3114/3114/2969
f 2929/2929/2792 3114/3114/2969 3022/3022/2535
f 2930/2930/2793 3022/3022/2535 3115/3115/2970
f 2930/2930/2793 3115/3115/2970 3023/3023/2881
f 2931/2931/2794 3023/3023/2881 3116/3116/2971
f 2931/2931/2794 3116/3116/2971 3024/3024/2882
f 2932/2932/2795 3024/3024/2882 3117/3117/2972
f 2932/2932/2795 3117/3117/2972 3025/3025/2883
f 2933/2933/2796 3025/3025/2883 3118/3118/2973
f 2933/2933/2796 3118/3118/2973 3026/3026/2884
f 3027/3027/2885 2934/2934/2797 3026/3026/2884
f 3027/3027/2885 3026/3026/2884 3119/3119/2974
f 2935/2935/2798 3027/3027/2885 3120/3120/2975
f 2935/2935/2798 3120/3120/2975 3028/3028/2886
f 2936/2936/2799 3028/3028/2886 3121/3121/2976
f 2936/2936/2799 3121/3121/2976 3029/3029/2887
f 3122/3122/2977 3030/3030/2888 2937/2937/2800
f 3122/3122/2977 2937/2937/2800 3029/3029/2887
f 2938/2938/2801 3030/3030/2888 3123/3123/2978
f 2938/2938/2801 3123/3123/2978 3031/3031/2889
f 3031/3031/2889 3124/3124/2979 3032/3032/2890
f 3031/3031/2889 3032/3032/2890 2939/2939/2536
f 2940/2940/2802 3032/3032/2890 3125/3125/2980
f 2940/2940/2802 3125/3125/2980 3033/3033/2891
f 2941/2941/2803 3033/3033/2891 3126/3126/2981
f 2941/2941/2803 3126/3126/2981 3034/3034/2892
f 2942/2942/2804 3034/3034/2892 3127/3127/2982
f 2942/2942/2804 3127/3127/2982 3035/3035/2893
f 3128/3128/2983 3036/3036/2894 2943/2943/2805
f 3128/3128/2983 2943/2943/2805 3035/3035/2893
f 2944/2944/2806 3036/3036/2894 3129/3129/2984
f 2944/2944/2806 3129/3129/2984 3037/3037/2895
f 3037/3037/2895 3130/3130/2985 3038/3038/2896
f 3037/3037/2895 3038/3038/2896 2945/2945/2807
f 2946/2946/2808 3038/3038/2896 3131/3131/2986
f 2946/2946/2808 3131/3131/2986 3039/3039/2897
f 3039/3039/2897 3132/3132/2987 3040/3040/2898
f 3039/3039/2897 3040/3040/2898 2947/2947/2809
f 2948/2948/2810 3040/3040/2898 3133/3133/2988
f 2948/2948/2810 3133/3133/2988 3041/3041/2899
f 3042/3042/2900 2949/2949/2811 3041/3041/2899
f 3042/3042/2900 3041/3041/2899 3134/3134/2989
f 3042/3042/2900 3135/3135/2990 3136/3136/2991
f 3042/3042/2900 3136/3136/2991 3043/3043/2901
f 2951/2951/2813 3043/3043/2901 3136/3136/2991
f 2951/2951/2813 3136/3136/2991 3044/3044/2902
f 3045/3045/2903 3044/3044/2902 3137/3137/2992
f 3045/3045/2903 3137/3137/2992 3138/3138/2993
f 3046/3046/2904 3139/3139/2994 3047/3047/2905
f 3046/3046/2904 3047/3047/2905 2954/2954/2816
f 2955/2955/2817 3047/3047/2905 3140/3140/2995
f 2955/2955/2817 3140/3140/2995 3048/3048/2906
f 3048/3048/2906 3141/3141/2996 3049/3049/2907
f 3048/3048/2906 3049/3049/2907 2956/2956/2818
f 2957/2957/2819 3049/3049/2907 3142/3142/2997
f 2957/2957/2819 3142/3142/2997 3050/3050/2908
f 2958/2958/2820 3050/3050/2908 3143/3143/2998
f 2958/2958/2820 3143/3143/2998 3051/3051/2909
f 2959/2959/2821 3051/3051/2909 3144/3144/2999
f 2959/2959/2821 3144/3144/2999 3052/3052/2910
f 3052/3052/2910 3145/3145/3000 3053/3053/2911
f 3052/3052/2910 3053/3053/2911 2960/2960/2822
f 2961/2961/2823 3053/3053/2911 3146/3146/3001
f 2961/2961/2823 3146/3146/3001 3054/3054/2912
f 2962/2962/2824 3054/3054/2912 3147/3147/3002
f 2962/2962/2824 3147/3147/3002 3055/3055/2913
f 2963/2963/2825 3055/3055/2913 3148/3148/3003
f 2963/2963/2825 3148/3148/3003 3056/3056/2914
f 3057/3057/2826 3056/3056/2914 3149/3149/3004
f 3057/3057/2826 3149/3149/3004 3150/3150/2915
f 2966/2966/2827 3058/3058/2915 3151/3151/3005
f 2966/2966/2827 3151/3151/3005 3059/3059/2916
f 3059/3059/2916 3152/3152/3006 3153/3153/3007
f 3059/3059/2916 3153/3153/3007 3060/3060/2917
f 3061/3061/2918 2967/2967/2828 3060/3060/2917
f 3061/3061/2918 3060/3060/2917 3154/3154/3008
f 2968/2968/2829 3061/3061/2918 3155/3155/3009
f 2968/2968/2829 3155/3155/3009 3062/3062/2919
f 3063/3063/2920 2969/2969/2830 3062/3062/2919
f 3063/3063/2920 3062/3062/2919 3156/3156/3010
f 2970/2970/2831 3063/3063/2920 3157/3157/3011
f 2970/2970/2831 3157/3157/3011 3064/3064/2921
f 2971/2971/2832 3064/3064/2921 3158/3158/3012
f 2971/2971/2832 3158/3158/3012 3065/3065/2922
f 2972/2972/2833 3065/3065/2922 3159/3159/3013
f 2972/2972/2833 3159/3159/3013 3066/3066/2923
f 3067/3067/2924 2973/2973/2834 3066/3066/2923
f 3067/3067/2924 3066/3066/2923 3160/3160/3014
f 3068/3068/2925 2974/2974/2835 3067/3067/2924
f 3068/3068/2925 3067/3067/2924 3161/3161/3015
f 3069/3069/2926 2975/2975/2836 3068/3068/2925
f 3069/3069/2926 3068/3068/2925 3162/3162/3016
f 2976/2976/2837 3069/3069/2926 3163/3163/3017
f 2976/2976/2837 3163/3163/3017 3070/3070/2927
f 2977/2977/2838 3070/3070/2927 3164/3164/3018
f 2977/2977/2838 3164/3164/3018 3071/3071/2928
f 2978/2978/2839 3071/3071/2928 3165/3165/3019
f 2978/2978/2839 3165/3165/3019 3072/3072/2929
f 2979/2979/2840 3072/3072/2929 3166/3166/3020
f 2979/2979/2840 3166/3166/3020 3073/3073/2930
f 3074/3074/2931 2980/2980/2841 3073/3073/2930
f 3074/3074/2931 3073/3073/2930 3167/3167/3021
f 2981/2981/2842 3074/3074/2931 3168/3168/3022
f 2981/2981/2842 3168/3168/3022 3075/3075/2932
f 3075/3075/2932 3169/3169/3023 3076/3076/2933
f 3075/3075/2932 3076/3076/2933 2982/2982/2843
f 3077/3077/2934 2983/2983/2844 3076/3076/2933
f 3077/3077/2934 3076/3076/2933 3170/3170/3024
f 3077/3077/2934 3171/3171/3025 3078/3078/2935
f 3077/3077/2934 3078/3078/2935 2984/2984/2845
f 3079/3079/2936 2985/2985/2846 3078/3078/2935
f 3079/3079/2936 3078/3078/2935 3172/3172/3026
f 2986/2986/2847 3079/3079/2936 3173/3173/3027
f 2986/2986/2847 3173/3173/3027 3080/3080/2937
f 3081/3081/2938 2987/2987/2848 3080/3080/2937
f 3081/3081/2938 3080/3080/2937 3174/3174/3028
f 2988/2988/2849 3081/3081/2938 3175/3175/3029
f 2988/2988/2849 3175/3175/3029 3082/3082/2939
f 2989/2989/2850 3082/3082/2939 3176/3176/3030
f 2989/2989/2850 3176/3176/3030 3083/3083/2940
f 2990/2990/2851 3083/3083/2940 3177/3177/3031
f 2990/2990/2851 3177/3177/3031 3084/3084/2941
f 3085/3085/2942 2991/2991/2852 3084/3084/2941
f 3085/3085/2942 3084/3084/2941 3178/3178/3032
f 3085/3085/2942 3179/3179/3033 3086/3086/2943
f 3085/3085/2942 3086/3086/2943 2992/2992/2853
f 3087/3087/2944 2993/2993/2854 3086/3086/2943
f 3087/3087/2944 3086/3086/2943 3180/3180/3034
f 3088/3088/2945 2994/2994/2855 3087/3087/2944
f 3088/3088/2945 3087/3087/2944 3181/3181/3035
f 3182/3182/3036 3089/3089/2946 2995/2995/2856
f 3182/3182/3036 2995/2995/2856 3088/3088/2945
f 2996/2996/2857 3089/3089/2946 3183/3183/3037
f 2996/2996/2857 3183/3183/3037 3090/3090/2947
f 3091/3091/2948 2997/2997/2858 3090/3090/2947
f 3091/3091/2948 3090/3090/2947 3184/3184/3038
f 3092/3092/2859 3185/3185/2948 3186/3186/3039
f 3092/3092/2859 3186/3186/3039 3093/3093/2949
f 3000/3000/2860 3093/3093/2949 3187/3187/3040
f 3000/3000/2860 3187/3187/3040 3094/3094/2950
f 3001/3001/2861 3094/3094/2950 3188/3188/3041
f 3001/3001/2861 3188/3188/3041 3095/3095/2951
f 3002/3002/2862 3095/3095/2951 3189/3189/3042
f 3002/3002/2862 3189/3189/3042 3096/3096/2952
f 3003/3003/2863 3096/3096/2952 3190/3190/3043
f 3003/3003/2863 3190/3190/3043 3097/3097/2953
f 3098/3098/2954 3004/3004/2864 3097/3097/2953
f 3098/3098/2954 3097/3097/2953 3191/3191/3044
f 3099/3099/2955 3005/3005/2865 3098/3098/2954
f 3099/3099/2955 3098/3098/2954 3192/3192/3045
f 3100/3100/2956 3006/3006/2866 3099/3099/2955
f 3100/3100/2956 3099/3099/2955 3193/3193/3046
f 3007/3007/2867 3100/3100/2956 3194/3194/3047
f 3007/3007/2867 3194/3194/3047 3101/3101/2957
f 3195/3195/3048 3102/3102/2958 3008/3008/2868
f 3195/3195/3048 3008/3008/2868 3101/3101/2957
f 3103/3103/2959 3009/3009/2869 3102/3102/2958
f 3103/3103/2959 3102/3102/2958 3196/3196/3049
f 3104/3104/2870 3197/3197/2959 3105/3105/2960
f 3104/3104/2870 3105/3105/2960 3012/3012/2871
f 3013/3013/2872 3105/3105/2960 3198/3198/3050
f 3013/3013/2872 3198/3198/3050 3106/3106/2961
f 3106/3106/2961 3199/3199/3051 3107/3107/2962
f 3106/3106/2961 3107/3107/2962 3014/3014/2873
f 3015/3015/2874 3107/3107/2962 3200/3200/3052
f 3015/3015/2874 3200/3200/3052 3108/3108/2963
f 3108/3108/2963 3201/3201/3053 3109/3109/2964
f 3108/3108/2963 3109/3109/2964 3016/3016/2875
f 3109/3109/2964 3202/3202/3054 3110/3110/2965
f 3109/3109/2964 3110/3110/2965 3017/3017/2876
f 3203/3203/3055 3112/3112/2967 3018/3018/2877
f 3203/3203/3055 3018/3018/2877 3110/3110/2965
f 3111/3111/2966 3112/3112/2967 3204/3204/3056
f 3111/3111/2966 3204/3204/3056 3205/3205/3057
f 3111/3111/2966 3205/3205/3057 3113/3113/2968
f 3111/3111/2966 3113/3113/2968 3020/3020/2879
f 3206/3206/3058 3114/3114/2969 3021/3021/2880
f 3206/3206/3058 3021/3021/2880 3113/3113/2968
f 3115/3115/2970 3022/3022/2535 3114/3114/2969
f 3115/3115/2970 3114/3114/2969 3207/3207/3059
f 3208/3208/3060 3116/3116/2971 3023/3023/2881
f 3208/3208/3060 3023/3023/2881 3115/3115/2970
f 3209/3209/3061 3117/3117/2972 3024/3024/2882
f 3209/3209/3061 3024/3024/2882 3116/3116/2971
f 3210/3210/3062 3118/3118/2973 3025/3025/2883
f 3210/3210/3062 3025/3025/2883 3117/3117/2972
f 3026/3026/2884 3118/3118/2973 3211/3211/3063
f 3026/3026/2884 3211/3211/3063 3119/3119/2974
f 3027/3027/2885 3119/3119/2974 3212/3212/3064
f 3027/3027/2885 3212/3212/3064 3120/3120/2975
f 3121/3121/2976 3028/3028/2886 3120/3120/2975
f 3121/3121/2976 3120/3120/2975 3213/3213/3065
f 3121/3121/2976 3214/3214/3066 3122/3122/2977
f 3121/3121/2976 3122/3122/2977 3029/3029/2887
f 3122/3122/2977 3215/3215/3067 3123/3123/2978
f 3122/3122/2977 3123/3123/2978 3030/3030/2888
f 3031/3031/2889 3123/3123/2978 3216/3216/3068
f 3031/3031/2889 3216/3216/3068 3124/3124/2979
f 3032/3032/2890 3124/3124/2979 3217/3217/3069
f 3032/3032/2890 3217/3217/3069 3125/3125/2980
f 3126/3126/2981 3033/3033/2891 3125/3125/2980
f 3126/3126/2981 3125/3125/2980 3218/3218/3070
f 3126/3126/2981 3219/3219/3071 3127/3127/2982
f 3126/3126/2981 3127/3127/2982 3034/3034/2892
f 3127/3127/2982 3220/3220/3072 3128/3128/2983
f 3127/3127/2982 3128/3128/2983 3035/3035/2893
f 3128/3128/2983 3221/3221/3073 3129/3129/2984
f 3128/3128/2983 3129/3129/2984 3036/3036/2894
f 3129/3129/2984 3222/3222/3074 3130/3130/2985
f 3129/3129/2984 3130/3130/2985 3037/3037/2895
f 3131/3131/2986 3038/3038/2896 3130/3130/2985
f 3131/3131/2986 3130/3130/2985 3223/3223/3075
f 3039/3039/2897 3131/3131/2986 3224/3224/3076
f 3039/3039/2897 3224/3224/3076 3132/3132/2987
f 3040/3040/2898 3132/3132/2987 3225/3225/3077
f 3040/3040/2898 3225/3225/3077 3133/3133/2988
f 3133/3133/2988 3226/3226/3078 3134/3134/2989
f 3133/3133/2988 3134/3134/2989 3041/3041/2899
f 3042/3042/2900 3134/3134/2989 3227/3227/3079
f 3042/3042/2900 3227/3227/3079 3135/3135/2990
f 3228/3228/3080 3136/3136/2991 3135/3135/2990
f 3228/3228/3080 3135/3135/2990 3229/3229/3081
f 3044/3044/2902 3136/3136/2991 3228/3228/3080
f 3044/3044/2902 3228/3228/3080 3137/3137/2992
f 3138/3138/2993 3137/3137/2992 3230/3230/3082
f 3138/3138/2993 3230/3230/3082 3231/3231/3083
f 3139/3139/2994 3232/3232/3084 3140/3140/2995
f 3139/3139/2994 3140/3140/2995 3047/3047/2905
f 3048/3048/2906 3140/3140/2995 3233/3233/3085
f 3048/3048/2906 3233/3233/3085 3141/3141/2996
f 3141/3141/2996 3234/3234/3086 3142/3142/2997
f 3141/3141/2996 3142/3142/2997 3049/3049/2907
f 3050/3050/2908 3142/3142/2997 3235/3235/3087
f 3050/3050/2908 3235/3235/3087 3143/3143/2998
f 3143/3143/2998 3236/3236/3088 3144/3144/2999
f 3143/3143/2998 3144/3144/2999 3051/3051/2909
f 3052/3052/2910 3144/3144/2999 3237/3237/3089
f 3052/3052/2910 3237/3237/3089 3145/3145/3000
f 3053/3053/2911 3145/3145/3000 3238/3238/3090
f 3053/3053/2911 3238/3238/3090 3146/3146/3001
f 3146/3146/3001 3239/3239/3091 3147/3147/3002
f 3146/3146/3001 3147/3147/3002 3054/3054/2912
f 3147/3147/3002 3240/3240/3092 3148/3148/3003
f 3147/3147/3002 3148/3148/3003 3055/3055/2913
f 3056/3056/2914 3148/3148/3003 3241/3241/3093
f 3056/3056/2914 3241/3241/3093 3149/3149/3004
f 3150/3150/2915 3149/3149/3004 3242/3242/3094
f 3150/3150/2915 3242/3242/3094 3243/3243/3005
f 3151/3151/3005 3244/3244/3095 3152/3152/3006
f 3151/3151/3005 3152/3152/3006 3059/3059/2916
f 3152/3152/3006 3245/3245/3096 3246/3246/3097
f 3152/3152/3006 3246/3246/3097 3153/3153/3007
f 3154/3154/3008 3060/3060/2917 3153/3153/3007
f 3154/3154/3008 3153/3153/3007 3247/3247/3098
f 3061/3061/2918 3154/3154/3008 3248/3248/3099
f 3061/3061/2918 3248/3248/3099 3155/3155/3009
f 3249/3249/3100 3156/3156/3010 3062/3062/2919
f 3249/3249/3100 3062/3062/2919 3155/3155/3009
f 3063/3063/2920 3156/3156/3010 3250/3250/3101
f 3063/3063/2920 3250/3250/3101 3157/3157/3011
f 3158/3158/3012 3064/3064/2921 3157/3157/3011
f 3158/3158/3012 3157/3157/3011 3251/3251/3102
f 3158/3158/3012 3252/3252/3103 3159/3159/3013
f 3158/3158/3012 3159/3159/3013 3065/3065/2922
f 3160/3160/3014 3066/3066/2923 3159/3159/3013
f 3160/3160/3014 3159/3159/3013 3253/3253/3104
f 3067/3067/2924 3160/3160/3014 3254/3254/3105
f 3067/3067/2924 3254/3254/3105 3161/3161/3015
f 3068/3068/2925 3161/3161/3015 3255/3255/3106
f 3068/3068/2925 3255/3255/3106 3162/3162/3016
f 3069/3069/2926 3162/3162/3016 3256/3256/3107
f 3069/3069/2926 3256/3256/3107 3163/3163/3017
f 3257/3257/3108 3164/3164/3018 3070/3070/2927
f 3257/3257/3108 3070/3070/2927 3163/3163/3017
f 3258/3258/3109 3165/3165/3019 3071/3071/2928
f 3258/3258/3109 3071/3071/2928 3164/3164/3018
f 3166/3166/3020 3072/3072/2929 3165/3165/3019
f 3166/3166/3020 3165/3165/3019 3259/3259/3110
f 3166/3166/3020 3260/3260/3111 3167/3167/3021
f 3166/3166/3020 3167/3167/3021 3073/3073/2930
f 3074/3074/2931 3167/3167/3021 3261/3261/3112
f 3074/3074/2931 3261/3261/3112 3168/3168/3022
f 3168/3168/3022 3262/3262/3113 3169/3169/3023
f 3168/3168/3022 3169/3169/3023 3075/3075/2932
f 3170/3170/3024 3076/3076/2933 3169/3169/3023
f 3170/3170/3024 3169/3169/3023 3263/3263/3114
f 3077/3077/2934 3170/3170/3024 3264/3264/3115
f 3077/3077/2934 3264/3264/3115 3171/3171/3025
f 3265/3265/3116 3172/3172/3026 3078/3078/2935
f 3265/3265/3116 3078/3078/2935 3171/3171/3025
f 3079/3079/2936 3172/3172/3026 3266/3266/3117
f 3079/3079/2936 3266/3266/3117 3173/3173/3027
f 3174/3174/3028 3080/3080/2937 3173/3173/3027
f 3174/3174/3028 3173/3173/3027 3267/3267/3118
f 3081/3081/2938 3174/3174/3028 3268/3268/3119
f 3081/3081/2938 3268/3268/3119 3175/3175/3029
f 3082/3082/2939 3175/3175/3029 3269/3269/3120
f 3082/3082/2939 3269/3269/3120 3176/3176/3030
f 3177/3177/3031 3083/3083/2940 3176/3176/3030
f 3177/3177/3031 3176/3176/3030 3270/3270/3121
f 3177/3177/3031 3271/3271/3122 3178/3178/3032
f 3177/3177/3031 3178/3178/3032 3084/3084/2941
f 3085/3085/2942 3178/3178/3032 3272/3272/3123
f 3085/3085/2942 3272/3272/3123 3179/3179/3033
f 3179/3179/3033 3273/3273/3124 3180/3180/3034
f 3179/3179/3033 3180/3180/3034 3086/3086/2943
f 3274/3274/3125 3181/3181/3035 3087/3087/2944
f 3274/3274/3125 3087/3087/2944 3180/3180/3034
f 3182/3182/3036 3088/3088/2945 3181/3181/3035
f 3182/3182/3036 3181/3181/3035 3275/3275/3126
f 3183/3183/3037 3089/3089/2946 3182/3182/3036
f 3183/3183/3037 3182/3182/3036 3276/3276/3127
f 3184/3184/3038 3090/3090/2947 3183/3183/3037
f 3184/3184/3038 3183/3183/3037 3277/3277/3128
f 3185/3185/2948 3278/3278/3038 3279/3279/3129
f 3185/3185/2948 3279/3279/3129 3186/3186/3039
f 3187/3187/3040 3093/3093/2949 3186/3186/3039
f 3187/3187/3040 3186/3186/3039 3280/3280/3130
f 3094/3094/2950 3187/3187/3040 3281/3281/3131
f 3094/3094/2950 3281/3281/3131 3188/3188/3041
f 3189/3189/3042 3095/3095/2951 3188/3188/3041
f 3189/3189/3042 3188/3188/3041 3282/3282/3132
f 3096/3096/2952 3189/3189/3042 3283/3283/3133
f 3096/3096/2952 3283/3283/3133 3190/3190/3043
f 3097/3097/2953 3190/3190/3043 3284/3284/3134
f 3097/3097/2953 3284/3284/3134 3191/3191/3044
f 3192/3192/3045 3098/3098/2954 3191/3191/3044
f 3192/3192/3045 3191/3191/3044 3285/3285/3135
f 3099/3099/2955 3192/3192/3045 3286/3286/3136
f 3099/3099/2955 3286/3286/3136 3193/3193/3046
f 3100/3100/2956 3193/3193/3046 3287/3287/3137
f 3100/3100/2956 3287/3287/3137 3194/3194/3047
f 3195/3195/3048 3101/3101/2957 3194/3194/3047
f 3195/3195/3048 3194/3194/3047 3288/3288/3138
f 3196/3196/3049 3102/3102/2958 3195/3195/3048
f 3196/3196/3049 3195/3195/3048 3289/3289/3139
f 3197/3197/2959 3290/3290/3049 3198/3198/3050
f 3197/3197/2959 3198/3198/3050 3105/3105/2960
f 3106/3106/2961 3198/3198/3050 3291/3291/3140
f 3106/3106/2961 3291/3291/3140 3199/3199/3051
f 3199/3199/3051 3292/3292/3141 3200/3200/3052
f 3199/3199/3051 3200/3200/3052 3107/3107/2962
f 3108/3108/2963 3200/3200/3052 3293/3293/3142
f 3108/3108/2963 3293/3293/3142 3201/3201/3053
f 3109/3109/2964 3201/3201/3053 3294/3294/3143
f 3109/3109/2964 3294/3294/3143 3202/3202/3054
f 3203/3203/3055 3110/3110/2965 3202/3202/3054
f 3203/3203/3055 3202/3202/3054 3295/3295/3144
f 3203/3203/3055 3296/3296/3145 3204/3204/3056
f 3203/3203/3055 3204/3204/3056 3112/3112/2967
f 3205/3205/3057 3204/3204/3056 3297/3297/3146
f 3205/3205/3057 3297/3297/3146 3298/3298/3147
f 3205/3205/3057 3298/3298/3147 3206/3206/3058
f 3205/3205/3057 3206/3206/3058 3113/3113/2968
f 3206/3206/3058 3299/3299/3148 3207/3207/3059
f 3206/3206/3058 3207/3207/3059 3114/3114/2969
f 3208/3208/3060 3115/3115/2970 3207/3207/3059
f 3208/3208/3060 3207/3207/3059 3300/3300/3149
f 3208/3208/3060 3301/3301/3150 3209/3209/3061
f 3208/3208/3060 3209/3209/3061 3116/3116/2971
f 3209/3209/3061 3302/3302/3151 3210/3210/3062
f 3209/3209/3061 3210/3210/3062 3117/3117/2972
f 3210/3210/3062 3303/3303/3152 3211/3211/3063
f 3210/3210/3062 3211/3211/3063 3118/3118/2973
f 3212/3212/3064 3119/3119/2974 3211/3211/3063
f 3212/3212/3064 3211/3211/3063 3304/3304/3153
f 3212/3212/3064 3305/3305/3154 3213/3213/3065
f 3212/3212/3064 3213/3213/3065 3120/3120/2975
f 3121/3121/2976 3213/3213/3065 3306/3306/3155
f 3121/3121/2976 3306/3306/3155 3214/3214/3066
f 3122/3122/2977 3214/3214/3066 3307/3307/3156
f 3122/3122/2977 3307/3307/3156 3215/3215/3067
f 3123/3123/2978 3215/3215/3067 3308/3308/3157
f 3123/3123/2978 3308/3308/3157 3216/3216/3068
f 3216/3216/3068 3309/3309/3158 3217/3217/3069
f 3216/3216/3068 3217/3217/3069 3124/3124/2979
f 3217/3217/3069 3310/3310/3159 3218/3218/3070
f 3217/3217/3069 3218/3218/3070 3125/3125/2980
f 3126/3126/2981 3218/3218/3070 3311/3311/3160
f 3126/3126/2981 3311/3311/3160 3219/3219/3071
f 3127/3127/2982 3219/3219/3071 3312/3312/3161
f 3127/3127/2982 3312/3312/3161 3220/3220/3072
f 3220/3220/3072 3313/3313/3162 3221/3221/3073
f 3220/3220/3072 3221/3221/3073 3128/3128/2983
f 3129/3129/2984 3221/3221/3073 3314/3314/3163
f 3129/3129/2984 3314/3314/3163 3222/3222/3074
f 3222/3222/3074 3315/3315/3164 3223/3223/3075
f 3222/3222/3074 3223/3223/3075 3130/3130/2985
f 3131/3131/2986 3223/3223/3075 3316/3316/3165
f 3131/3131/2986 3316/3316/3165 3224/3224/3076
f 3132/3132/2987 3224/3224/3076 3317/3317/3166
f 3132/3132/2987 3317/3317/3166 3225/3225/3077
f 3133/3133/2988 3225/3225/3077 3318/3318/3167
f 3133/3133/2988 3318/3318/3167 3226/3226/3078
f 3226/3226/3078 3319/3319/3168 3227/3227/3079
f 3226/3226/3078 3227/3227/3079 3134/3134/2989
f 3229/3229/3081 3135/3135/2990 3227/3227/3079
f 3229/3229/3081 3227/3227/3079 3320/3320/3169
f 3228/3228/3080 3229/3229/3081 3321/3321/3170
f 3228/3228/3080 3321/3321/3170 3322/3322/3171
f 3137/3137/2992 3228/3228/3080 3322/3322/3171
f 3137/3137/2992 3322/3322/3171 3230/3230/3082
f 3231/3231/3083 3230/3230/3082 3323/3323/3172
f 3231/3231/3083 3323/3323/3172 3324/3324/3173
f 3232/3232/3084 3325/3325/3174 3233/3233/3085
f 3232/3232/3084 3233/3233/3085 3140/3140/2995
f 3233/3233/3085 3326/3326/3175 3234/3234/3086
f 3233/3233/3085 3234/3234/3086 3141/3141/2996
f 3142/3142/2997 3234/3234/3086 3327/3327/3176
f 3142/3142/2997 3327/3327/3176 3235/3235/3087
f 3143/3143/2998 3235/3235/3087 3328/3328/3177
f 3143/3143/2998 3328/3328/3177 3236/3236/3088
f 3144/3144/2999 3236/3236/3088 3329/3329/3178
f 3144/3144/2999 3329/3329/3178 3237/3237/3089
f 3145/3145/3000 3237/3237/3089 3330/3330/3179
f 3145/3145/3000 3330/3330/3179 3238/3238/3090
f 3146/3146/3001 3238/3238/3090 3331/3331/3180
f 3146/3146/3001 3331/3331/3180 3239/3239/3091
f 3147/3147/3002 3239/3239/3091 3332/3332/3181
f 3147/3147/3002 3332/3332/3181 3240/3240/3092
f 3148/3148/3003 3240/3240/3092 3333/3333/3182
f 3148/3148/3003 3333/3333/3182 3241/3241/3093
f 3241/3241/3093 3334/3334/3183 3242/3242/3094
f 3241/3241/3093 3242/3242/3094 3149/3149/3004
f 3243/3243/3005 3242/3242/3094 3335/3335/3184
f 3243/3243/3005 3335/3335/3184 3336/3336/3095
f 3244/3244/3095 3337/3337/3185 3245/3245/3096
f 3244/3244/3095 3245/3245/3096 3152/3152/3006
f 3245/3245/3096 3338/3338/3186 3339/3339/3187
f 3245/3245/3096 3339/3339/3187 3246/3246/3097
f 3247/3247/3098 3153/3153/3007 3246/3246/3097
f 3247/3247/3098 3246/3246/3097 3340/3340/3188
f 3154/3154/3008 3247/3247/3098 3341/3341/3189
f 3154/3154/3008 3341/3341/3189 3248/3248/3099
f 3248/3248/3099 3342/3342/3190 3249/3249/3100
f 3248/3248/3099 3249/3249/3100 3155/3155/3009
f 3250/3250/3101 3156/3156/3010 3249/3249/3100
f 3250/3250/3101 3249/3249/3100 3343/3343/3191
f 3250/3250/3101 3344/3344/3192 3251/3251/3102
f 3250/3250/3101 3251/3251/3102 3157/3157/3011
f 3158/3158/3012 3251/3251/3102 3345/3345/3193
f 3158/3158/3012 3345/3345/3193 3252/3252/3103
f 3253/3253/3104 3159/3159/3013 3252/3252/3103
f 3253/3253/3104 3252/3252/3103 3346/3346/3194
f 3160/3160/3014 3253/3253/3104 3347/3347/3195
f 3160/3160/3014 3347/3347/3195 3254/3254/3105
f 3348/3348/3196 3255/3255/3106 3161/3161/3015
f 3348/3348/3196 3161/3161/3015 3254/3254/3105
f 3256/3256/3107 3162/3162/3016 3255/3255/3106
f 3256/3256/3107 3255/3255/3106 3349/3349/3197
f 3257/3257/3108 3163/3163/3017 3256/3256/3107
f 3257/3257/3108 3256/3256/3107 3350/3350/3198
f 3258/3258/3109 3164/3164/3018 3257/3257/3108
f 3258/3258/3109 3257/3257/3108 3351/3351/3199
f 3258/3258/3109 3352/3352/3200 3259/3259/3110
f 3258/3258/3109 3259/3259/3110 3165/3165/3019
f 3166/3166/3020 3259/3259/3110 3353/3353/3201
f 3166/3166/3020 3353/3353/3201 3260/3260/3111
f 3354/3354/3202 3261/3261/3112 3167/3167/3021
f 3354/3354/3202 3167/3167/3021 3260/3260/3111
f 3168/3168/3022 3261/3261/3112 3355/3355/3203
f 3168/3168/3022 3355/3355/3203 3262/3262/3113
f 3356/3356/3204 3263/3263/3114 3169/3169/3023
f 3356/3356/3204 3169/3169/3023 3262/3262/3113
f 3170/3170/3024 3263/3263/3114 3357/3357/3205
f 3170/3170/3024 3357/3357/3205 3264/3264/3115
f 3265/3265/3116 3171/3171/3025 3264/3264/3115
f 3265/3265/3116 3264/3264/3115 3358/3358/3206
f 3265/3265/3116 3359/3359/3207 3266/3266/3117
f 3265/3265/3116 3266/3266/3117 3172/3172/3026
f 3267/3267/3118 3173/3173/3027 3266/3266/3117
f 3267/3267/3118 3266/3266/3117 3360/3360/3208
f 3174/3174/3028 3267/3267/3118 3361/3361/3209
f 3174/3174/3028 3361/3361/3209 3268/3268/3119
f 3362/3362/3210 3269/3269/3120 3175/3175/3029
f 3362/3362/3210 3175/3175/3029 3268/3268/3119
f 3363/3363/3211 3270/3270/3121 3176/3176/3030
f 3363/3363/3211 3176/3176/3030 3269/3269/3120
f 3177/3177/3031 3270/3270/3121 3364/3364/3212
f 3177/3177/3031 3364/3364/3212 3271/3271/3122
f 3271/3271/3122 3365/3365/3213 3272/3272/3123
f 3271/3271/3122 3272/3272/3123 3178/3178/3032
f 3179/3179/3033 3272/3272/3123 3366/3366/3214
f 3179/3179/3033 3366/3366/3214 3273/3273/3124
f 3274/3274/3125 3180/3180/3034 3273/3273/3124
f 3274/3274/3125 3273/3273/3124 3367/3367/3215
f 3275/3275/3126 3181/3181/3035 3274/3274/3125
f 3275/3275/3126 3274/3274/3125 3368/3368/3216
f 3276/3276/3127 3182/3182/3036 3275/3275/3126
f 3276/3276/3127 3275/3275/3126 3369/3369/3217
f 3183/3183/3037 3276/3276/3127 3370/3370/3218
f 3183/3183/3037 3370/3370/3218 3277/3277/3128
f 3278/3278/3038 3371/3371/3128 3372/3372/3219
f 3278/3278/3038 3372/3372/3219 3279/3279/3129
f 3280/3280/3130 3186/3186/3039 3279/3279/3129
f 3280/3280/3130 3279/3279/3129 3373/3373/3220
f 3187/3187/3040 3280/3280/3130 3374/3374/3221
f 3187/3187/3040 3374/3374/3221 3281/3281/3131
f 3282/3282/3132 3188/3188/3041 3281/3281/3131
f 3282/3282/3132 3281/3281/3131 3375/3375/3222
f 3189/3189/3042 3282/3282/3132 3376/3376/3223
f 3189/3189/3042 3376/3376/3223 3283/3283/3133
f 3284/3284/3134 3190/3190/3043 3283/3283/3133
f 3284/3284/3134 3283/3283/3133 3377/3377/3224
f 3191/3191/3044 3284/3284/3134 3378/3378/3225
f 3191/3191/3044 3378/3378/3225 3285/3285/3135
f 3192/3192/3045 3285/3285/3135 3379/3379/3226
f 3192/3192/3045 3379/3379/3226 3286/3286/3136
f 3193/3193/3046 3286/3286/3136 3380/3380/3227
f 3193/3193/3046 3380/3380/3227 3287/3287/3137
f 3194/3194/3047 3287/3287/3137 3381/3381/3228
f 3194/3194/3047 3381/3381/3228 3288/3288/3138
f 3289/3289/3139 3195/3195/3048 3288/3288/3138
f 3289/3289/3139 3288/3288/3138 3382/3382/3229
f 3290/3290/3049 3383/3383/3230 3291/3291/3140
f 3290/3290/3049 3291/3291/3140 3198/3198/3050
f 3199/3199/3051 3291/3291/3140 3384/3384/3231
f 3199/3199/3051 3384/3384/3231 3292/3292/3141
f 3292/3292/3141 3385/3385/3232 3293/3293/3142
f 3292/3292/3141 3293/3293/3142 3200/3200/3052
f 3293/3293/3142 3386/3386/3233 3294/3294/3143
f 3293/3293/3142 3294/3294/3143 3201/3201/3053
f 3294/3294/3143 3387/3387/3234 3295/3295/3144
f 3294/3294/3143 3295/3295/3144 3202/3202/3054
f 3203/3203/3055 3295/3295/3144 3388/3388/3235
f 3203/3203/3055 3388/3388/3235 3296/3296/3145
f 3296/3296/3145 3389/3389/3236 3297/3297/3146
f 3296/3296/3145 3297/3297/3146 3204/3204/3056
f 3298/3298/3147 3297/3297/3146 3390/3390/3237
f 3298/3298/3147 3390/3390/3237 3391/3391/3238
f 3206/3206/3058 3298/3298/3147 3391/3391/3238
f 3206/3206/3058 3391/3391/3238 3299/3299/3148
f 3299/3299/3148 3392/3392/3239 3300/3300/3149
f 3299/3299/3148 3300/3300/3149 3207/3207/3059
f 3208/3208/3060 3300/3300/3149 3393/3393/2705
f 3208/3208/3060 3393/3393/2705 3301/3301/3150
f 3209/3209/3061 3301/3301/3150 3394/3394/3240
f 3209/3209/3061 3394/3394/3240 3302/3302/3151
f 3210/3210/3062 3302/3302/3151 3395/3395/3241
f 3210/3210/3062 3395/3395/3241 3303/3303/3152
f 3396/3396/3242 3304/3304/3153 3211/3211/3063
f 3396/3396/3242 3211/3211/3063 3303/3303/3152
f 3212/3212/3064 3304/3304/3153 3397/3397/3243
f 3212/3212/3064 3397/3397/3243 3305/3305/3154
f 3305/3305/3154 3398/3398/3244 3306/3306/3155
f 3305/3305/3154 3306/3306/3155 3213/3213/3065
f 3214/3214/3066 3306/3306/3155 3399/3399/3245
f 3214/3214/3066 3399/3399/3245 3307/3307/3156
f 3308/3308/3157 3215/3215/3067 3307/3307/3156
f 3308/3308/3157 3307/3307/3156 3400/3400/3246
f 3216/3216/3068 3308/3308/3157 3401/3401/3247
f 3216/3216/3068 3401/3401/3247 3309/3309/3158
f 3217/3217/3069 3309/3309/3158 3402/3402/3248
f 3217/3217/3069 3402/3402/3248 3310/3310/3159
f 3310/3310/3159 3403/3403/3249 3311/3311/3160
f 3310/3310/3159 3311/3311/3160 3218/3218/3070
f 3219/3219/3071 3311/3311/3160 3404/3404/3250
f 3219/3219/3071 3404/3404/3250 3312/3312/3161
f 3220/3220/3072 3312/3312/3161 3405/3405/3251
f 3220/3220/3072 3405/3405/3251 3313/3313/3162
f 3313/3313/3162 3406/3406/3252 3314/3314/3163
f 3313/3313/3162 3314/3314/3163 3221/3221/3073
f 3222/3222/3074 3314/3314/3163 3407/3407/3253
f 3222/3222/3074 3407/3407/3253 3315/3315/3164
f 3315/3315/3164 3408/3408/3254 3316/3316/3165
f 3315/3315/3164 3316/3316/3165 3223/3223/3075
f 3317/3317/3166 3224/3224/3076 3316/3316/3165
f 3317/3317/3166 3316/3316/3165 3409/3409/3255
f 3317/3317/3166 3410/3410/3256 3318/3318/3167
f 3317/3317/3166 3318/3318/3167 3225/3225/3077
f 3226/3226/3078 3318/3318/3167 3411/3411/3257
f 3226/3226/3078 3411/3411/3257 3319/3319/3168
f 3412/3412/3258 3320/3320/3169 3227/3227/3079
f 3412/3412/3258 3227/3227/3079 3319/3319/3168
f 3229/3229/3081 3320/3320/3169 3413/3413/3259
f 3229/3229/3081 3413/3413/3259 3321/3321/3170
f 3414/3414/3260 3415/3415/3261 3322/3322/3171
f 3414/3414/3260 3322/3322/3171 3321/3321/3170
f 3230/3230/3082 3322/3322/3171 3415/3415/3261
f 3230/3230/3082 3415/3415/3261 3323/3323/3172
f 3323/3323/3172 3416/3416/3262 3417/3417/3263
f 3323/3323/3172 3417/3417/3263 3324/3324/3173
f 3233/3233/3085 3325/3325/3174 3418/3418/3264
f 3233/3233/3085 3418/3418/3264 3326/3326/3175
f 3326/3326/3175 3419/3419/3265 3327/3327/3176
f 3326/3326/3175 3327/3327/3176 3234/3234/3086
f 3327/3327/3176 3420/3420/3266 3328/3328/3177
f 3327/3327/3176 3328/3328/3177 3235/3235/3087
f 3328/3328/3177 3421/3421/3267 3329/3329/3178
f 3328/3328/3177 3329/3329/3178 3236/3236/3088
f 3237/3237/3089 3329/3329/3178 3422/3422/3268
f 3237/3237/3089 3422/3422/3268 3330/3330/3179
f 3238/3238/3090 3330/3330/3179 3423/3423/3269
f 3238/3238/3090 3423/3423/3269 3331/3331/3180
f 3331/3331/3180 3424/3424/3270 3332/3332/3181
f 3331/3331/3180 3332/3332/3181 3239/3239/3091
f 3332/3332/3181 3425/3425/3271 3333/3333/3182
f 3332/3332/3181 3333/3333/3182 3240/3240/3092
f 3241/3241/3093 3333/3333/3182 3426/3426/3272
f 3241/3241/3093 3426/3426/3272 3334/3334/3183
f 3334/3334/3183 3427/3427/3273 3335/3335/3184
f 3334/3334/3183 3335/3335/3184 3242/3242/3094
f 3336/3336/3095 3335/3335/3184 3428/3428/3274
f 3336/3336/3095 3428/3428/3274 3429/3429/3185
f 3337/3337/3185 3430/3430/3275 3338/3338/3186
f 3337/3337/3185 3338/3338/3186 3245/3245/3096
f 3339/3339/3187 3338/3338/3186 3431/3431/3276
f 3339/3339/3187 3431/3431/3276 3432/3432/3277
f 3339/3339/3187 3433/3433/3278 3340/3340/3188
f 3339/3339/3187 3340/3340/3188 3246/3246/3097
f 3341/3341/3189 3247/3247/3098 3340/3340/3188
f 3341/3341/3189 3340/3340/3188 3434/3434/3279
f 3248/3248/3099 3341/3341/3189 3435/3435/3280
f 3248/3248/3099 3435/3435/3280 3342/3342/3190
f 3343/3343/3191 3249/3249/3100 3342/3342/3190
f 3343/3343/3191 3342/3342/3190 3436/3436/3281
f 3250/3250/3101 3343/3343/3191 3437/3437/3282
f 3250/3250/3101 3437/3437/3282 3344/3344/3192
f 3345/3345/3193 3251/3251/3102 3344/3344/3192
f 3345/3345/3193 3344/3344/3192 3438/3438/3283
f 3346/3346/3194 3252/3252/3103 3345/3345/3193
f 3346/3346/3194 3345/3345/3193 3439/3439/3284
f 3253/3253/3104 3346/3346/3194 3440/3440/3285
f 3253/3253/3104 3440/3440/3285 3347/3347/3195
f 3347/3347/3195 3441/3441/3286 3348/3348/3196
f 3347/3347/3195 3348/3348/3196 3254/3254/3105
f 3349/3349/3197 3255/3255/3106 3348/3348/3196
f 3349/3349/3197 3348/3348/3196 3442/3442/3287
f 3256/3256/3107 3349/3349/3197 3443/3443/3288
f 3256/3256/3107 3443/3443/3288 3350/3350/3198
f 3351/3351/3199 3257/3257/3108 3350/3350/3198
f 3351/3351/3199 3350/3350/3198 3444/3444/3289
f 3258/3258/3109 3351/3351/3199 3445/3445/3290
f 3258/3258/3109 3445/3445/3290 3352/3352/3200
f 3353/3353/3201 3259/3259/3110 3352/3352/3200
f 3353/3353/3201 3352/3352/3200 3446/3446/3291
f 3354/3354/3202 3260/3260/3111 3353/3353/3201
f 3354/3354/3202 3353/3353/3201 3447/3447/3292
f 3354/3354/3202 3448/3448/3293 3355/3355/3203
f 3354/3354/3202 3355/3355/3203 3261/3261/3112
f 3356/3356/3204 3262/3262/3113 3355/3355/3203
f 3356/3356/3204 3355/3355/3203 3449/3449/3294
f 3357/3357/3205 3263/3263/3114 3356/3356/3204
f 3357/3357/3205 3356/3356/3204 3450/3450/3295
f 3357/3357/3205 3451/3451/3296 3358/3358/3206
f 3357/3357/3205 3358/3358/3206 3264/3264/3115
f 3265/3265/3116 3358/3358/3206 3452/3452/3297
f 3265/3265/3116 3452/3452/3297 3359/3359/3207
f 3453/3453/3298 3360/3360/3208 3266/3266/3117
f 3453/3453/3298 3266/3266/3117 3359/3359/3207
f 3267/3267/3118 3360/3360/3208 3454/3454/3299
f 3267/3267/3118 3454/3454/3299 3361/3361/3209
f 3362/3362/3210 3268/3268/3119 3361/3361/3209
f 3362/3362/3210 3361/3361/3209 3455/3455/3300
f 3362/3362/3210 3456/3456/3301 3363/3363/3211
f 3362/3362/3210 3363/3363/3211 3269/3269/3120
f 3457/3457/3302 3364/3364/3212 3270/3270/3121
f 3457/3457/3302 3270/3270/3121 3363/3363/3211
f 3271/3271/3122 3364/3364/3212 3458/3458/3303
f 3271/3271/3122 3458/3458/3303 3365/3365/3213
f 3459/3459/3304 3366/3366/3214 3272/3272/3123
f 3459/3459/3304 3272/3272/3123 3365/3365/3213
f 3273/3273/3124 3366/3366/3214 3460/3460/3305
f 3273/3273/3124 3460/3460/3305 3367/3367/3215
f 3274/3274/3125 3367/3367/3215 3461/3461/3306
f 3274/3274/3125 3461/3461/3306 3368/3368/3216
f 3275/3275/3126 3368/3368/3216 3462/3462/3307
f 3275/3275/3126 3462/3462/3307 3369/3369/3217
f 3276/3276/3127 3369/3369/3217 3463/3463/3308
f 3276/3276/3127 3463/3463/3308 3370/3370/3218
f 3371/3371/3128 3464/3464/3218 3465/3465/3309
f 3371/3371/3128 3465/3465/3309 3372/3372/3219
f 3279/3279/3129 3372/3372/3219 3466/3466/3310
f 3279/3279/3129 3466/3466/3310 3373/3373/3220
f 3280/3280/3130 3373/3373/3220 3467/3467/3311
f 3280/3280/3130 3467/3467/3311 3374/3374/3221
f 3281/3281/3131 3374/3374/3221 3468/3468/3312
f 3281/3281/3131 3468/3468/3312 3375/3375/3222
f 3282/3282/3132 3375/3375/3222 3469/3469/3313
f 3282/3282/3132 3469/3469/3313 3376/3376/3223
f 3283/3283/3133 3376/3376/3223 3470/3470/3314
f 3283/3283/3133 3470/3470/3314 3377/3377/3224
f 3284/3284/3134 3377/3377/3224 3471/3471/3315
f 3284/3284/3134 3471/3471/3315 3378/3378/3225
f 3379/3379/3226 3285/3285/3135 3378/3378/3225
f 3379/3379/3226 3378/3378/3225 3472/3472/3316
f 3380/3380/3227 3286/3286/3136 3379/3379/3226
f 3380/3380/3227 3379/3379/3226 3473/3473/3317
f 3287/3287/3137 3380/3380/3227 3474/3474/3318
f 3287/3287/3137 3474/3474/3318 3381/3381/3228
f 3382/3382/3229 3288/3288/3138 3381/3381/3228
f 3382/3382/3229 3381/3381/3228 3475/3475/3319
f 3383/3383/3230 3476/3476/3320 3384/3384/3231
f 3383/3383/3230 3384/3384/3231 3291/3291/3140
f 3292/3292/3141 3384/3384/3231 3477/3477/3321
f 3292/3292/3141 3477/3477/3321 3385/3385/3232
f 3293/3293/3142 3385/3385/3232 3478/3478/3322
f 3293/3293/3142 3478/3478/3322 3386/3386/3233
f 3294/3294/3143 3386/3386/3233 3479/3479/3323
f 3294/3294/3143 3479/3479/3323 3387/3387/3234
f 3387/3387/3234 3480/3480/3324 3388/3388/3235
f 3387/3387/3234 3388/3388/3235 3295/3295/3144
f 3388/3388/3235 3481/3481/3325 3389/3389/3236
f 3388/3388/3235 3389/3389/3236 3296/3296/3145
f 3390/3390/3237 3297/3297/3146 3389/3389/3236
f 3390/3390/3237 3389/3389/3236 3482/3482/3326
f 3483/3483/1057 3391/3391/3238 3390/3390/3237
f 3483/3483/1057 3390/3390/3237 3484/3484/3327
f 3299/3299/3148 3391/3391/3238 3483/3483/1057
f 3299/3299/3148 3483/3483/1057 3392/3392/3239
f 3485/3485/3328 3393/3393/2705 3300/3300/3149
f 3485/3485/3328 3300/3300/3149 3392/3392/3239
f 3301/3301/3150 3393/3393/2705 3486/3486/3329
f 3301/3301/3150 3486/3486/3329 3394/3394/3240
f 3394/3394/3240 3487/3487/3330 3395/3395/3241
f 3394/3394/3240 3395/3395/3241 3302/3302/3151
f 3395/3395/3241 3488/3488/3331 3396/3396/3242
f 3395/3395/3241 3396/3396/3242 3303/3303/3152
f 3396/3396/3242 3489/3489/3332 3397/3397/3243
f 3396/3396/3242 3397/3397/3243 3304/3304/3153
f 3305/3305/3154 3397/3397/3243 3490/3490/3333
f 3305/3305/3154 3490/3490/3333 3398/3398/3244
f 3398/3398/3244 3491/3491/3334 3399/3399/3245
f 3398/3398/3244 3399/3399/3245 3306/3306/3155
f 3492/3492/3335 3400/3400/3246 3307/3307/3156
f 3492/3492/3335 3307/3307/3156 3399/3399/3245
f 3401/3401/3247 3308/3308/3157 3400/3400/3246
f 3401/3401/3247 3400/3400/3246 3493/3493/3336
f 3309/3309/3158 3401/3401/3247 3494/3494/3337
f 3309/3309/3158 3494/3494/3337 3402/3402/3248
f 3310/3310/3159 3402/3402/3248 3495/3495/3338
f 3310/3310/3159 3495/3495/3338 3403/3403/3249
f 3311/3311/3160 3403/3403/3249 3496/3496/3339
f 3311/3311/3160 3496/3496/3339 3404/3404/3250
f 3312/3312/3161 3404/3404/3250 3497/3497/3340
f 3312/3312/3161 3497/3497/3340 3405/3405/3251
f 3313/3313/3162 3405/3405/3251 3498/3498/1508
f 3313/3313/3162 3498/3498/1508 3406/3406/3252
f 3406/3406/3252 3499/3499/3341 3407/3407/3253
f 3406/3406/3252 3407/3407/3253 3314/3314/3163
f 3315/3315/3164 3407/3407/3253 3500/3500/3342
f 3315/3315/3164 3500/3500/3342 3408/3408/3254
f 3501/3501/3343 3409/3409/3255 3316/3316/3165
f 3501/3501/3343 3316/3316/3165 3408/3408/3254
f 3317/3317/3166 3409/3409/3255 3502/3502/3344
f 3317/3317/3166 3502/3502/3344 3410/3410/3256
f 3318/3318/3167 3410/3410/3256 3503/3503/3345
f 3318/3318/3167 3503/3503/3345 3411/3411/3257
f 3411/3411/3257 3504/3504/3346 3412/3412/3258
f 3411/3411/3257 3412/3412/3258 3319/3319/3168
f 3412/3412/3258 3505/3505/3347 3413/3413/3259
f 3412/3412/3258 3413/3413/3259 3320/3320/3169
f 3413/3413/3259 3506/3506/3348 3414/3414/3260
f 3413/3413/3259 3414/3414/3260 3321/3321/3170
f 3414/3414/3260 3507/3507/3349 3508/3508/3350
f 3414/3414/3260 3508/3508/3350 3415/3415/3261
f 3323/3323/3172 3415/3415/3261 3508/3508/3350
f 3323/3323/3172 3508/3508/3350 3416/3416/3262
f 3416/3416/3262 3509/3509/3351 3510/3510/3264
f 3416/3416/3262 3510/3510/3264 3417/3417/3263
f 3418/3418/3264 3511/3511/3352 3419/3419/3265
f 3418/3418/3264 3419/3419/3265 3326/3326/3175
f 3327/3327/3176 3419/3419/3265 3512/3512/3353
f 3327/3327/3176 3512/3512/3353 3420/3420/3266
f 3328/3328/3177 3420/3420/3266 3513/3513/3354
f 3328/3328/3177 3513/3513/3354 3421/3421/3267
f 3329/3329/3178 3421/3421/3267 3514/3514/3355
f 3329/3329/3178 3514/3514/3355 3422/3422/3268
f 3330/3330/3179 3422/3422/3268 3515/3515/3356
f 3330/3330/3179 3515/3515/3356 3423/3423/3269
f 3331/3331/3180 3423/3423/3269 3516/3516/3357
f 3331/3331/3180 3516/3516/3357 3424/3424/3270
f 3332/3332/3181 3424/3424/3270 3517/3517/3358
f 3332/3332/3181 3517/3517/3358 3425/3425/3271
f 3426/3426/3272 3333/3333/3182 3425/3425/3271
f 3426/3426/3272 3425/3425/3271 3518/3518/3359
f 3334/3334/3183 3426/3426/3272 3519/3519/3360
f 3334/3334/3183 3519/3519/3360 3427/3427/3273
f 3335/3335/3184 3427/3427/3273 3520/3520/3361
f 3335/3335/3184 3520/3520/3361 3428/3428/3274
f 3429/3429/3185 3428/3428/3274 3521/3521/3362
f 3429/3429/3185 3521/3521/3362 3522/3522/3275
f 3430/3430/3275 3523/3523/3363 3431/3431/3276
f 3430/3430/3275 3431/3431/3276 3338/3338/3186
f 3431/3431/3276 3524/3524/3364 3525/3525/3365
f 3431/3431/3276 3525/3525/3365 3432/3432/3277
f 3339/3339/3187 3432/3432/3277 3526/3526/3366
f 3339/3339/3187 3526/3526/3366 3433/3433/3278
f 3527/3527/3367 3434/3434/3279 3340/3340/3188
f 3527/3527/3367 3340/3340/3188 3433/3433/3278
f 3435/3435/3280 3341/3341/3189 3434/3434/3279
f 3435/3435/3280 3434/3434/3279 3528/3528/3368
f 3436/3436/3281 3342/3342/3190 3435/3435/3280
f 3436/3436/3281 3435/3435/3280 3529/3529/3369
f 3343/3343/3191 3436/3436/3281 3530/3530/3370
f 3343/3343/3191 3530/3530/3370 3437/3437/3282
f 3438/3438/3283 3344/3344/3192 3437/3437/3282
f 3438/3438/3283 3437/3437/3282 3531/3531/3371
f 3345/3345/3193 3438/3438/3283 3532/3532/3372
f 3345/3345/3193 3532/3532/3372 3439/3439/3284
f 3440/3440/3285 3346/3346/3194 3439/3439/3284
f 3440/3440/3285 3439/3439/3284 3533/3533/3373
f 3347/3347/3195 3440/3440/3285 3534/3534/3374
f 3347/3347/3195 3534/3534/3374 3441/3441/3286
f 3442/3442/3287 3348/3348/3196 3441/3441/3286
f 3442/3442/3287 3441/3441/3286 3535/3535/3375
f 3349/3349/3197 3442/3442/3287 3536/3536/3376
f 3349/3349/3197 3536/3536/3376 3443/3443/3288
f 3350/3350/3198 3443/3443/3288 3537/3537/3377
f 3350/3350/3198 3537/3537/3377 3444/3444/3289
f 3351/3351/3199 3444/3444/3289 3538/3538/3378
f 3351/3351/3199 3538/3538/3378 3445/3445/3290
f 3446/3446/3291 3352/3352/3200 3445/3445/3290
f 3446/3446/3291 3445/3445/3290 3539/3539/3379
f 3353/3353/3201 3446/3446/3291 3540/3540/3380
f 3353/3353/3201 3540/3540/3380 3447/3447/3292
f 3354/3354/3202 3447/3447/3292 3541/3541/3381
f 3354/3354/3202 3541/3541/3381 3448/3448/3293
f 3449/3449/3294 3355/3355/3203 3448/3448/3293
f 3449/3449/3294 3448/3448/3293 3542/3542/3382
f 3356/3356/3204 3449/3449/3294 3543/3543/3383
f 3356/3356/3204 3543/3543/3383 3450/3450/3295
f 3357/3357/3205 3450/3450/3295 3544/3544/3384
f 3357/3357/3205 3544/3544/3384 3451/3451/3296
f 3358/3358/3206 3451/3451/3296 3545/3545/3385
f 3358/3358/3206 3545/3545/3385 3452/3452/3297
f 3453/3453/3298 3359/3359/3207 3452/3452/3297
f 3453/3453/3298 3452/3452/3297 3546/3546/3386
f 3454/3454/3299 3360/3360/3208 3453/3453/3298
f 3454/3454/3299 3453/3453/3298 3547/3547/3387
f 3455/3455/3300 3361/3361/3209 3454/3454/3299
f 3455/3455/3300 3454/3454/3299 3548/3548/3388
f 3362/3362/3210 3455/3455/3300 3549/3549/3389
f 3362/3362/3210 3549/3549/3389 3456/3456/3301
f 3456/3456/3301 3550/3550/3390 3457/3457/3302
f 3456/3456/3301 3457/3457/3302 3363/3363/3211
f 3458/3458/3303 3364/3364/3212 3457/3457/3302
f 3458/3458/3303 3457/3457/3302 3551/3551/3391
f 3459/3459/3304 3365/3365/3213 3458/3458/3303
f 3459/3459/3304 3458/3458/3303 3552/3552/3392
f 3553/3553/3393 3460/3460/3305 3366/3366/3214
f 3553/3553/3393 3366/3366/3214 3459/3459/3304
f 3554/3554/3394 3461/3461/3306 3367/3367/3215
f 3554/3554/3394 3367/3367/3215 3460/3460/3305
f 3462/3462/3307 3368/3368/3216 3461/3461/3306
f 3462/3462/3307 3461/3461/3306 3555/3555/3395
f 3463/3463/3308 3369/3369/3217 3462/3462/3307
f 3463/3463/3308 3462/3462/3307 3556/3556/3396
f 3464/3464/3218 3557/3557/3308 3558/3558/3397
f 3464/3464/3218 3558/3558/3397 3465/3465/3309
f 3372/3372/3219 3465/3465/3309 3559/3559/3398
f 3372/3372/3219 3559/3559/3398 3466/3466/3310
f 3373/3373/3220 3466/3466/3310 3560/3560/3399
f 3373/3373/3220 3560/3560/3399 3467/3467/3311
f 3374/3374/3221 3467/3467/3311 3561/3561/3400
f 3374/3374/3221 3561/3561/3400 3468/3468/3312
f 3469/3469/3313 3375/3375/3222 3468/3468/3312
f 3469/3469/3313 3468/3468/3312 3562/3562/3401
f 3376/3376/3223 3469/3469/3313 3563/3563/3402
f 3376/3376/3223 3563/3563/3402 3470/3470/3314
f 3471/3471/3315 3377/3377/3224 3470/3470/3314
f 3471/3471/3315 3470/3470/3314 3564/3564/3403
f 3472/3472/3316 3378/3378/3225 3471/3471/3315
f 3472/3472/3316 3471/3471/3315 3565/3565/3404
f 3379/3379/3226 3472/3472/3316 3566/3566/3405
f 3379/3379/3226 3566/3566/3405 3473/3473/3317
f 3380/3380/3227 3473/3473/3317 3567/3567/3406
f 3380/3380/3227 3567/3567/3406 3474/3474/3318
f 3475/3475/3319 3381/3381/3228 3474/3474/3318
f 3475/3475/3319 3474/3474/3318 3568/3568/3407
f 3476/3476/3320 3569/3569/3408 3477/3477/3321
f 3476/3476/3320 3477/3477/3321 3384/3384/3231
f 3477/3477/3321 3570/3570/3409 3478/3478/3322
f 3477/3477/3321 3478/3478/3322 3385/3385/3232
f 3478/3478/3322 3571/3571/3410 3479/3479/3323
f 3478/3478/3322 3479/3479/3323 3386/3386/3233
f 3387/3387/3234 3479/3479/3323 3572/3572/3411
f 3387/3387/3234 3572/3572/3411 3480/3480/3324
f 3388/3388/3235 3480/3480/3324 3573/3573/3412
f 3388/3388/3235 3573/3573/3412 3481/3481/3325
f 3574/3574/3413 3482/3482/3326 3389/3389/3236
f 3574/3574/3413 3389/3389/3236 3481/3481/3325
f 3484/3484/3327 3390/3390/3237 3482/3482/3326
f 3484/3484/3327 3482/3482/3326 3575/3575/3414
f 3483/3483/1057 3484/3484/3327 3576/3576/3415
f 3483/3483/1057 3576/3576/3415 3577/3577/3416
f 3483/3483/1057 3577/3577/3416 3485/3485/3328
f 3483/3483/1057 3485/3485/3328 3392/3392/3239
f 3485/3485/3328 3578/3578/2699 3486/3486/3329
f 3485/3485/3328 3486/3486/3329 3393/3393/2705
f 3394/3394/3240 3486/3486/3329 3579/3579/3417
f 3394/3394/3240 3579/3579/3417 3487/3487/3330
f 3395/3395/3241 3487/3487/3330 3580/3580/3418
f 3395/3395/3241 3580/3580/3418 3488/3488/3331
f 3396/3396/3242 3488/3488/3331 3581/3581/3419
f 3396/3396/3242 3581/3581/3419 3489/3489/3332
f 3490/3490/3333 3397/3397/3243 3489/3489/3332
f 3490/3490/3333 3489/3489/3332 3582/3582/3420
f 3490/3490/3333 3583/3583/3421 3491/3491/3334
f 3490/3490/3333 3491/3491/3334 3398/3398/3244
f 3584/3584/3422 3492/3492/3335 3399/3399/3245
f 3584/3584/3422 3399/3399/3245 3491/3491/3334
f 3492/3492/3335 3585/3585/3423 3493/3493/3336
f 3492/3492/3335 3493/3493/3336 3400/3400/3246
f 3586/3586/3424 3494/3494/3337 3401/3401/3247
f 3586/3586/3424 3401/3401/3247 3493/3493/3336
f 3402/3402/3248 3494/3494/3337 3587/3587/3425
f 3402/3402/3248 3587/3587/3425 3495/3495/3338
f 3403/3403/3249 3495/3495/3338 3588/3588/3426
f 3403/3403/3249 3588/3588/3426 3496/3496/3339
f 3404/3404/3250 3496/3496/3339 3589/3589/3427
f 3404/3404/3250 3589/3589/3427 3497/3497/3340
f 3405/3405/3251 3497/3497/3340 3590/3590/3428
f 3405/3405/3251 3590/3590/3428 3498/3498/1508
f 3406/3406/3252 3498/3498/1508 3591/3591/3429
f 3406/3406/3252 3591/3591/3429 3499/3499/3341
f 3407/3407/3253 3499/3499/3341 3592/3592/3430
f 3407/3407/3253 3592/3592/3430 3500/3500/3342
f 3500/3500/3342 3593/3593/3431 3501/3501/3343
f 3500/3500/3342 3501/3501/3343 3408/3408/3254
f 3502/3502/3344 3409/3409/3255 3501/3501/3343
f 3502/3502/3344 3501/3501/3343 3594/3594/3432
f 3502/3502/3344 3595/3595/3433 3503/3503/3345
f 3502/3502/3344 3503/3503/3345 3410/3410/3256
f 3503/3503/3345 3596/3596/3434 3504/3504/3346
f 3503/3503/3345 3504/3504/3346 3411/3411/3257
f 3412/3412/3258 3504/3504/3346 3597/3597/3435
f 3412/3412/3258 3597/3597/3435 3505/3505/3347
f 3413/3413/3259 3505/3505/3347 3598/3598/3436
f 3413/3413/3259 3598/3598/3436 3506/3506/3348
f 3414/3414/3260 3506/3506/3348 3599/3599/3437
f 3414/3414/3260 3599/3599/3437 3507/3507/3349
f 3508/3508/3350 3507/3507/3349 3600/3600/3438
f 3508/3508/3350 3600/3600/3438 3601/3601/3439
f 3416/3416/3262 3508/3508/3350 3601/3601/3439
f 3416/3416/3262 3601/3601/3439 3509/3509/3351
f 3510/3510/3264 3509/3509/3351 3602/3602/3440
f 3510/3510/3264 3602/3602/3440 3603/3603/3441
f 3419/3419/3265 3511/3511/3352 3604/3604/3442
f 3419/3419/3265 3604/3604/3442 3512/3512/3353
f 3420/3420/3266 3512/3512/3353 3605/3605/3443
f 3420/3420/3266 3605/3605/3443 3513/3513/3354
f 3513/3513/3354 3606/3606/3444 3514/3514/3355
f 3513/3513/3354 3514/3514/3355 3421/3421/3267
f 3514/3514/3355 3607/3607/3445 3515/3515/3356
f 3514/3514/3355 3515/3515/3356 3422/3422/3268
f 3423/3423/3269 3515/3515/3356 3608/3608/3446
f 3423/3423/3269 3608/3608/3446 3516/3516/3357
f 3424/3424/3270 3516/3516/3357 3609/3609/3447
f 3424/3424/3270 3609/3609/3447 3517/3517/3358
f 3517/3517/3358 3610/3610/3448 3518/3518/3359
f 3517/3517/3358 3518/3518/3359 3425/3425/3271
f 3426/3426/3272 3518/3518/3359 3611/3611/3449
f 3426/3426/3272 3611/3611/3449 3519/3519/3360
f 3519/3519/3360 3612/3612/3450 3520/3520/3361
f 3519/3519/3360 3520/3520/3361 3427/3427/3273
f 3428/3428/3274 3520/3520/3361 3613/3613/3451
f 3428/3428/3274 3613/3613/3451 3521/3521/3362
f 3522/3522/3275 3521/3521/3362 3614/3614/3452
f 3522/3522/3275 3614/3614/3452 3615/3615/3453
f 3523/3523/3363 3616/3616/3454 3524/3524/3364
f 3523/3523/3363 3524/3524/3364 3431/3431/3276
f 3524/3524/3364 3617/3617/3455 3618/3618/3456
f 3524/3524/3364 3618/3618/3456 3525/3525/3365
f 3526/3526/3366 3432/3432/3277 3525/3525/3365
f 3526/3526/3366 3525/3525/3365 3619/3619/3457
f 3527/3527/3367 3433/3433/3278 3526/3526/3366
f 3527/3527/3367 3526/3526/3366 3620/3620/3458
f 3527/3527/3367 3621/3621/3459 3528/3528/3368
f 3527/3527/3367 3528/3528/3368 3434/3434/3279
f 3435/3435/3280 3528/3528/3368 3622/3622/3460
f 3435/3435/3280 3622/3622/3460 3529/3529/3369
f 3436/3436/3281 3529/3529/3369 3623/3623/3461
f 3436/3436/3281 3623/3623/3461 3530/3530/3370
f 3531/3531/3371 3437/3437/3282 3530/3530/3370
f 3531/3531/3371 3530/3530/3370 3624/3624/3462
f 3532/3532/3372 3438/3438/3283 3531/3531/3371
f 3532/3532/3372 3531/3531/3371 3625/3625/3463
f 3532/3532/3372 3626/3626/3464 3533/3533/3373
f 3532/3532/3372 3533/3533/3373 3439/3439/3284
f 3440/3440/3285 3533/3533/3373 3627/3627/3465
f 3440/3440/3285 3627/3627/3465 3534/3534/3374
f 3535/3535/3375 3441/3441/3286 3534/3534/3374
f 3535/3535/3375 3534/3534/3374 3628/3628/3466
f 3442/3442/3287 3535/3535/3375 3629/3629/3467
f 3442/3442/3287 3629/3629/3467 3536/3536/3376
f 3537/3537/3377 3443/3443/3288 3536/3536/3376
f 3537/3537/3377 3536/3536/3376 3630/3630/3468
f 3538/3538/3378 3444/3444/3289 3537/3537/3377
f 3538/3538/3378 3537/3537/3377 3631/3631/3469
f 3538/3538/3378 3632/3632/3470 3539/3539/3379
f 3538/3538/3378 3539/3539/3379 3445/3445/3290
f 3446/3446/3291 3539/3539/3379 3633/3633/3471
f 3446/3446/3291 3633/3633/3471 3540/3540/3380
f 3447/3447/3292 3540/3540/3380 3634/3634/3472
f 3447/3447/3292 3634/3634/3472 3541/3541/3381
f 3542/3542/3382 3448/3448/3293 3541/3541/3381
f 3542/3542/3382 3541/3541/3381 3635/3635/3473
f 3449/3449/3294 3542/3542/3382 3636/3636/3474
f 3449/3449/3294 3636/3636/3474 3543/3543/3383
f 3544/3544/3384 3450/3450/3295 3543/3543/3383
f 3544/3544/3384 3543/3543/3383 3637/3637/3475
f 3638/3638/3476 3545/3545/3385 3451/3451/3296
f 3638/3638/3476 3451/3451/3296 3544/3544/3384
f 3546/3546/3386 3452/3452/3297 3545/3545/3385
f 3546/3546/3386 3545/3545/3385 3639/3639/3477
f 3453/3453/3298 3546/3546/3386 3640/3640/3478
f 3453/3453/3298 3640/3640/3478 3547/3547/3387
f 3454/3454/3299 3547/3547/3387 3641/3641/3479
f 3454/3454/3299 3641/3641/3479 3548/3548/3388
f 3455/3455/3300 3548/3548/3388 3642/3642/3480
f 3455/3455/3300 3642/3642/3480 3549/3549/3389
f 3456/3456/3301 3549/3549/3389 3643/3643/3481
f 3456/3456/3301 3643/3643/3481 3550/3550/3390
f 3551/3551/3391 3457/3457/3302 3550/3550/3390
f 3551/3551/3391 3550/3550/3390 3644/3644/3482
f 3552/3552/3392 3458/3458/3303 3551/3551/3391
f 3552/3552/3392 3551/3551/3391 3645/3645/3483
f 3553/3553/3393 3459/3459/3304 3552/3552/3392
f 3553/3553/3393 3552/3552/3392 3646/3646/3484
f 3553/3553/3393 3647/3647/3485 3554/3554/3394
f 3553/3553/3393 3554/3554/3394 3460/3460/3305
f 3648/3648/3486 3555/3555/3395 3461/3461/3306
f 3648/3648/3486 3461/3461/3306 3554/3554/3394
f 3462/3462/3307 3555/3555/3395 3649/3649/3487
f 3462/3462/3307 3649/3649/3487 3556/3556/3396
f 3557/3557/3308 3650/3650/3396 3651/3651/3488
f 3557/3557/3308 3651/3651/3488 3558/3558/3397
f 3465/3465/3309 3558/3558/3397 3652/3652/3489
f 3465/3465/3309 3652/3652/3489 3559/3559/3398
f 3466/3466/3310 3559/3559/3398 3653/3653/3490
f 3466/3466/3310 3653/3653/3490 3560/3560/3399
f 3561/3561/3400 3467/3467/3311 3560/3560/3399
f 3561/3561/3400 3560/3560/3399 3654/3654/3491
f 3562/3562/3401 3468/3468/3312 3561/3561/3400
f 3562/3562/3401 3561/3561/3400 3655/3655/3492
f 3469/3469/3313 3562/3562/3401 3656/3656/3493
f 3469/3469/3313 3656/3656/3493 3563/3563/3402
f 3564/3564/3403 3470/3470/3314 3563/3563/3402
f 3564/3564/3403 3563/3563/3402 3657/3657/3494
f 3471/3471/3315 3564/3564/3403 3658/3658/3495
f 3471/3471/3315 3658/3658/3495 3565/3565/3404
f 3566/3566/3405 3472/3472/3316 3565/3565/3404
f 3566/3566/3405 3565/3565/3404 3659/3659/3496
f 3473/3473/3317 3566/3566/3405 3660/3660/3497
f 3473/3473/3317 3660/3660/3497 3567/3567/3406
f 3474/3474/3318 3567/3567/3406 3661/3661/3498
f 3474/3474/3318 3661/3661/3498 3568/3568/3407
f 3477/3477/3321 3569/3569/3408 3662/3662/3407
f 3477/3477/3321 3662/3662/3407 3570/3570/3409
f 3570/3570/3409 3663/3663/3499 3571/3571/3410
f 3570/3570/3409 3571/3571/3410 3478/3478/3322
f 3479/3479/3323 3571/3571/3410 3664/3664/3500
f 3479/3479/3323 3664/3664/3500 3572/3572/3411
f 3480/3480/3324 3572/3572/3411 3665/3665/3501
f 3480/3480/3324 3665/3665/3501 3573/3573/3412
f 3573/3573/3412 3666/3666/3502 3574/3574/3413
f 3573/3573/3412 3574/3574/3413 3481/3481/3325
f 3574/3574/3413 3667/3667/3503 3575/3575/3414
f 3574/3574/3413 3575/3575/3414 3482/3482/3326
f 3484/3484/3327 3575/3575/3414 3668/3668/3504
f 3484/3484/3327 3668/3668/3504 3576/3576/3415
f 3577/3577/3416 3576/3576/3415 3669/3669/3505
f 3577/3577/3416 3669/3669/3505 3670/3670/3506
f 3577/3577/3416 3670/3670/3506 3578/3578/2699
f 3577/3577/3416 3578/3578/2699 3485/3485/3328
f 3486/3486/3329 3578/3578/2699 3671/3671/3507
f 3486/3486/3329 3671/3671/3507 3579/3579/3417
f 3579/3579/3417 3672/3672/3508 3580/3580/3418
f 3579/3579/3417 3580/3580/3418 3487/3487/3330
f 3673/3673/3509 3581/3581/3419 3488/3488/3331
f 3673/3673/3509 3488/3488/3331 3580/3580/3418
f 3582/3582/3420 3489/3489/3332 3581/3581/3419
f 3582/3582/3420 3581/3581/3419 3674/3674/3510
f 3490/3490/3333 3582/3582/3420 3675/3675/3511
f 3490/3490/3333 3675/3675/3511 3583/3583/3421
f 3584/3584/3422 3491/3491/3334 3583/3583/3421
f 3584/3584/3422 3583/3583/3421 3676/3676/3512
f 3584/3584/3422 3677/3677/3513 3585/3585/3423
f 3584/3584/3422 3585/3585/3423 3492/3492/3335
f 3586/3586/3424 3493/3493/3336 3585/3585/3423
f 3586/3586/3424 3585/3585/3423 3678/3678/3514
f 3586/3586/3424 3679/3679/3515 3587/3587/3425
f 3586/3586/3424 3587/3587/3425 3494/3494/3337
f 3495/3495/3338 3587/3587/3425 3680/3680/3516
f 3495/3495/3338 3680/3680/3516 3588/3588/3426
f 3588/3588/3426 3681/3681/3517 3589/3589/3427
f 3588/3588/3426 3589/3589/3427 3496/3496/3339
f 3497/3497/3340 3589/3589/3427 3682/3682/3518
f 3497/3497/3340 3682/3682/3518 3590/3590/3428
f 3591/3591/3429 3498/3498/1508 3590/3590/3428
f 3591/3591/3429 3590/3590/3428 3683/3683/3519
f 3592/3592/3430 3499/3499/3341 3591/3591/3429
f 3592/3592/3430 3591/3591/3429 3684/3684/3520
f 3592/3592/3430 3685/3685/3521 3593/3593/3431
f 3592/3592/3430 3593/3593/3431 3500/3500/3342
f 3593/3593/3431 3686/3686/3522 3594/3594/3432
f 3593/3593/3431 3594/3594/3432 3501/3501/3343
f 3502/3502/3344 3594/3594/3432 3687/3687/3523
f 3502/3502/3344 3687/3687/3523 3595/3595/3433
f 3503/3503/3345 3595/3595/3433 3688/3688/3524
f 3503/3503/3345 3688/3688/3524 3596/3596/3434
f 3596/3596/3434 3689/3689/3525 3597/3597/3435
f 3596/3596/3434 3597/3597/3435 3504/3504/3346
f 3597/3597/3435 3690/3690/3526 3598/3598/3436
f 3597/3597/3435 3598/3598/3436 3505/3505/3347
f 3598/3598/3436 3691/3691/3527 3599/3599/3437
f 3598/3598/3436 3599/3599/3437 3506/3506/3348
f 3507/3507/3349 3599/3599/3437 3692/3692/3528
f 3507/3507/3349 3692/3692/3528 3600/3600/3438
f 3601/3601/3439 3600/3600/3438 3693/3693/3529
f 3601/3601/3439 3693/3693/3529 3694/3694/3530
f 3509/3509/3351 3601/3601/3439 3694/3694/3530
f 3509/3509/3351 3694/3694/3530 3602/3602/3440
f 3602/3602/3440 3695/3695/3531 3696/3696/3442
f 3602/3602/3440 3696/3696/3442 3603/3603/3441
f 3512/3512/3353 3604/3604/3442 3697/3697/3532
f 3512/3512/3353 3697/3697/3532 3605/3605/3443
f 3513/3513/3354 3605/3605/3443 3698/3698/3533
f 3513/3513/3354 3698/3698/3533 3606/3606/3444
f 3514/3514/3355 3606/3606/3444 3699/3699/3534
f 3514/3514/3355 3699/3699/3534 3607/3607/3445
f 3607/3607/3445 3700/3700/3535 3608/3608/3446
f 3607/3607/3445 3608/3608/3446 3515/3515/3356
f 3608/3608/3446 3701/3701/3536 3609/3609/3447
f 3608/3608/3446 3609/3609/3447 3516/3516/3357
f 3609/3609/3447 3702/3702/3537 3610/3610/3448
f 3609/3609/3447 3610/3610/3448 3517/3517/3358
f 3610/3610/3448 3703/3703/3538 3611/3611/3449
f 3610/3610/3448 3611/3611/3449 3518/3518/3359
f 3519/3519/3360 3611/3611/3449 3704/3704/3539
f 3519/3519/3360 3704/3704/3539 3612/3612/3450
f 3520/3520/3361 3612/3612/3450 3705/3705/3540
f 3520/3520/3361 3705/3705/3540 3613/3613/3451
f 3521/3521/3362 3613/3613/3451 3706/3706/3541
f 3521/3521/3362 3706/3706/3541 3614/3614/3452
f 3615/3615/3453 3614/3614/3452 3707/3707/3542
f 3615/3615/3453 3707/3707/3542 3708/3708/3454
f 3524/3524/3364 3616/3616/3454 3709/3709/3543
f 3524/3524/3364 3709/3709/3543 3617/3617/3455
f 3618/3618/3456 3617/3617/3455 3710/3710/3544
f 3618/3618/3456 3710/3710/3544 3711/3711/3545
f 3525/3525/3365 3618/3618/3456 3712/3712/3546
f 3525/3525/3365 3712/3712/3546 3619/3619/3457
f 3526/3526/3366 3619/3619/3457 3713/3713/3547
f 3526/3526/3366 3713/3713/3547 3620/3620/3458
f 3527/3527/3367 3620/3620/3458 3714/3714/3548
f 3527/3527/3367 3714/3714/3548 3621/3621/3459
f 3622/3622/3460 3528/3528/3368 3621/3621/3459
f 3622/3622/3460 3621/3621/3459 3715/3715/3549
f 3623/3623/3461 3529/3529/3369 3622/3622/3460
f 3623/3623/3461 3622/3622/3460 3716/3716/3550
f 3530/3530/3370 3623/3623/3461 3717/3717/3551
f 3530/3530/3370 3717/3717/3551 3624/3624/3462
f 3531/3531/3371 3624/3624/3462 3718/3718/3552
f 3531/3531/3371 3718/3718/3552 3625/3625/3463
f 3532/3532/3372 3625/3625/3463 3719/3719/3553
f 3532/3532/3372 3719/3719/3553 3626/3626/3464
f 3627/3627/3465 3533/3533/3373 3626/3626/3464
f 3627/3627/3465 3626/3626/3464 3720/3720/3554
f 3628/3628/3466 3534/3534/3374 3627/3627/3465
f 3628/3628/3466 3627/3627/3465 3721/3721/3555
f 3629/3629/3467 3535/3535/3375 3628/3628/3466
f 3629/3629/3467 3628/3628/3466 3722/3722/3556
f 3536/3536/3376 3629/3629/3467 3723/3723/3557
f 3536/3536/3376 3723/3723/3557 3630/3630/3468
f 3537/3537/3377 3630/3630/3468 3724/3724/3558
f 3537/3537/3377 3724/3724/3558 3631/3631/3469
f 3538/3538/3378 3631/3631/3469 3725/3725/3559
f 3538/3538/3378 3725/3725/3559 3632/3632/3470
f 3633/3633/3471 3539/3539/3379 3632/3632/3470
f 3633/3633/3471 3632/3632/3470 3726/3726/3560
f 3540/3540/3380 3633/3633/3471 3727/3727/3561
f 3540/3540/3380 3727/3727/3561 3634/3634/3472
f 3634/3634/3472 3728/3728/3562 3635/3635/3473
f 3634/3634/3472 3635/3635/3473 3541/3541/3381
f 3542/3542/3382 3635/3635/3473 3729/3729/3563
f 3542/3542/3382 3729/3729/3563 3636/3636/3474
f 3543/3543/3383 3636/3636/3474 3730/3730/3564
f 3543/3543/3383 3730/3730/3564 3637/3637/3475
f 3638/3638/3476 3544/3544/3384 3637/3637/3475
f 3638/3638/3476 3637/3637/3475 3731/3731/3565
f 3638/3638/3476 3732/3732/3566 3639/3639/3477
f 3638/3638/3476 3639/3639/3477 3545/3545/3385
f 3546/3546/3386 3639/3639/3477 3733/3733/3567
f 3546/3546/3386 3733/3733/3567 3640/3640/3478
f 3547/3547/3387 3640/3640/3478 3734/3734/3568
f 3547/3547/3387 3734/3734/3568 3641/3641/3479
f 3548/3548/3388 3641/3641/3479 3735/3735/3569
f 3548/3548/3388 3735/3735/3569 3642/3642/3480
f 3549/3549/3389 3642/3642/3480 3736/3736/3570
f 3549/3549/3389 3736/3736/3570 3643/3643/3481
f 3644/3644/3482 3550/3550/3390 3643/3643/3481
f 3644/3644/3482 3643/3643/3481 3737/3737/3571
f 3551/3551/3391 3644/3644/3482 3738/3738/3572
f 3551/3551/3391 3738/3738/3572 3645/3645/3483
f 3646/3646/3484 3552/3552/3392 3645/3645/3483
f 3646/3646/3484 3645/3645/3483 3739/3739/3573
f 3553/3553/3393 3646/3646/3484 3740/3740/3574
f 3553/3553/3393 3740/3740/3574 3647/3647/3485
f 3648/3648/3486 3554/3554/3394 3647/3647/3485
f 3648/3648/3486 3647/3647/3485 3741/3741/3575
f 3649/3649/3487 3555/3555/3395 3648/3648/3486
f 3649/3649/3487 3648/3648/3486 3742/3742/3576
f 3650/3650/3396 3743/3743/3487 3744/3744/3577
f 3650/3650/3396 3744/3744/3577 3651/3651/3488
f 3558/3558/3397 3651/3651/3488 3745/3745/3578
f 3558/3558/3397 3745/3745/3578 3652/3652/3489
f 3559/3559/3398 3652/3652/3489 3746/3746/3579
f 3559/3559/3398 3746/3746/3579 3653/3653/3490
f 3654/3654/3491 3560/3560/3399 3653/3653/3490
f 3654/3654/3491 3653/3653/3490 3747/3747/3580
f 3561/3561/3400 3654/3654/3491 3748/3748/3581
f 3561/3561/3400 3748/3748/3581 3655/3655/3492
f 3562/3562/3401 3655/3655/3492 3749/3749/3582
f 3562/3562/3401 3749/3749/3582 3656/3656/3493
f 3657/3657/3494 3563/3563/3402 3656/3656/3493
f 3657/3657/3494 3656/3656/3493 3750/3750/3583
f 3564/3564/3403 3657/3657/3494 3751/3751/3584
f 3564/3564/3403 3751/3751/3584 3658/3658/3495
f 3565/3565/3404 3658/3658/3495 3752/3752/3585
f 3565/3565/3404 3752/3752/3585 3659/3659/3496
f 3566/3566/3405 3659/3659/3496 3753/3753/3586
f 3566/3566/3405 3753/3753/3586 3660/3660/3497
f 3567/3567/3406 3660/3660/3497 3754/3754/3587
f 3567/3567/3406 3754/3754/3587 3661/3661/3498
f 3570/3570/3409 3662/3662/3407 3755/3755/3588
f 3570/3570/3409 3755/3755/3588 3663/3663/3499
f 3663/3663/3499 3756/3756/3589 3664/3664/3500
f 3663/3663/3499 3664/3664/3500 3571/3571/3410
f 3757/3757/3590 3665/3665/3501 3572/3572/3411
f 3757/3757/3590 3572/3572/3411 3664/3664/3500
f 3573/3573/3412 3665/3665/3501 3758/3758/3591
f 3573/3573/3412 3758/3758/3591 3666/3666/3502
f 3574/3574/3413 3666/3666/3502 3759/3759/3592
f 3574/3574/3413 3759/3759/3592 3667/3667/3503
f 3667/3667/3503 3760/3760/3593 3668/3668/3504
f 3667/3667/3503 3668/3668/3504 3575/3575/3414
f 3761/3761/3594 3669/3669/3505 3576/3576/3415
f 3761/3761/3594 3576/3576/3415 3668/3668/3504
f 3670/3670/3506 3669/3669/3505 3762/3762/3595
f 3670/3670/3506 3762/3762/3595 3763/3763/3596
f 3670/3670/3506 3763/3763/3596 3671/3671/3507
f 3670/3670/3506 3671/3671/3507 3578/3578/2699
f 3671/3671/3507 3764/3764/3597 3672/3672/3508
f 3671/3671/3507 3672/3672/3508 3579/3579/3417
f 3672/3672/3508 3765/3765/3598 3673/3673/3509
f 3672/3672/3508 3673/3673/3509 3580/3580/3418
f 3766/3766/3599 3674/3674/3510 3581/3581/3419
f 3766/3766/3599 3581/3581/3419 3673/3673/3509
f 3582/3582/3420 3674/3674/3510 3767/3767/3600
f 3582/3582/3420 3767/3767/3600 3675/3675/3511
f 3675/3675/3511 3768/3768/3601 3676/3676/3512
f 3675/3675/3511 3676/3676/3512 3583/3583/3421
f 3584/3584/3422 3676/3676/3512 3769/3769/3602
f 3584/3584/3422 3769/3769/3602 3677/3677/3513
f 3677/3677/3513 3770/3770/3603 3678/3678/3514
f 3677/3677/3513 3678/3678/3514 3585/3585/3423
f 3586/3586/3424 3678/3678/3514 3771/3771/3604
f 3586/3586/3424 3771/3771/3604 3679/3679/3515
f 3679/3679/3515 3772/3772/3605 3680/3680/3516
f 3679/3679/3515 3680/3680/3516 3587/3587/3425
f 3680/3680/3516 3773/3773/3606 3681/3681/3517
f 3680/3680/3516 3681/3681/3517 3588/3588/3426
f 3681/3681/3517 3774/3774/3607 3682/3682/3518
f 3681/3681/3517 3682/3682/3518 3589/3589/3427
f 3590/3590/3428 3682/3682/3518 3775/3775/3608
f 3590/3590/3428 3775/3775/3608 3683/3683/3519
f 3684/3684/3520 3591/3591/3429 3683/3683/3519
f 3684/3684/3520 3683/3683/3519 3776/3776/3609
f 3592/3592/3430 3684/3684/3520 3777/3777/3610
f 3592/3592/3430 3777/3777/3610 3685/3685/3521
f 3593/3593/3431 3685/3685/3521 3778/3778/3611
f 3593/3593/3431 3778/3778/3611 3686/3686/3522
f 3594/3594/3432 3686/3686/3522 3779/3779/3612
f 3594/3594/3432 3779/3779/3612 3687/3687/3523
f 3688/3688/3524 3595/3595/3433 3687/3687/3523
f 3688/3688/3524 3687/3687/3523 3780/3780/3613
f 3596/3596/3434 3688/3688/3524 3781/3781/3614
f 3596/3596/3434 3781/3781/3614 3689/3689/3525
f 3597/3597/3435 3689/3689/3525 3782/3782/3615
f 3597/3597/3435 3782/3782/3615 3690/3690/3526
f 3690/3690/3526 3783/3783/3616 3691/3691/3527
f 3690/3690/3526 3691/3691/3527 3598/3598/3436
f 3691/3691/3527 3784/3784/3617 3692/3692/3528
f 3691/3691/3527 3692/3692/3528 3599/3599/3437
f 3692/3692/3528 3785/3785/3618 3693/3693/3529
f 3692/3692/3528 3693/3693/3529 3600/3600/3438
f 3694/3694/3530 3693/3693/3529 3786/3786/3619
f 3694/3694/3530 3786/3786/3619 3787/3787/3620
f 3694/3694/3530 3787/3787/3620 3695/3695/3531
f 3694/3694/3530 3695/3695/3531 3602/3602/3440
f 3695/3695/3531 3788/3788/3621 3789/3789/3622
f 3695/3695/3531 3789/3789/3622 3696/3696/3442
f 3697/3697/3532 3790/3790/3623 3698/3698/3533
f 3697/3697/3532 3698/3698/3533 3605/3605/3443
f 3606/3606/3444 3698/3698/3533 3791/3791/3624
f 3606/3606/3444 3791/3791/3624 3699/3699/3534
f 3607/3607/3445 3699/3699/3534 3792/3792/3625
f 3607/3607/3445 3792/3792/3625 3700/3700/3535
f 3700/3700/3535 3793/3793/3626 3701/3701/3536
f 3700/3700/3535 3701/3701/3536 3608/3608/3446
f 3609/3609/3447 3701/3701/3536 3794/3794/3627
f 3609/3609/3447 3794/3794/3627 3702/3702/3537
f 3702/3702/3537 3795/3795/3628 3703/3703/3538
f 3702/3702/3537 3703/3703/3538 3610/3610/3448
f 3703/3703/3538 3796/3796/3629 3704/3704/3539
f 3703/3703/3538 3704/3704/3539 3611/3611/3449
f 3704/3704/3539 3797/3797/3630 3705/3705/3540
f 3704/3704/3539 3705/3705/3540 3612/3612/3450
f 3705/3705/3540 3798/3798/3631 3706/3706/3541
f 3705/3705/3540 3706/3706/3541 3613/3613/3451
f 3706/3706/3541 3799/3799/3632 3707/3707/3542
f 3706/3706/3541 3707/3707/3542 3614/3614/3452
f 3707/3707/3542 3800/3800/3633 3801/3801/3634
f 3707/3707/3542 3801/3801/3634 3708/3708/3454
f 3709/3709/3543 3802/3802/3635 3710/3710/3544
f 3709/3709/3543 3710/3710/3544 3617/3617/3455
f 3803/3803/3544 3804/3804/3636 3805/3805/3637
f 3803/3803/3544 3805/3805/3637 3806/3806/3545
f 3712/3712/3546 3618/3618/3456 3711/3711/3545
f 3712/3712/3546 3711/3711/3545 3807/3807/3638
f 3619/3619/3457 3712/3712/3546 3808/3808/3639
f 3619/3619/3457 3808/3808/3639 3713/3713/3547
f 3714/3714/3548 3620/3620/3458 3713/3713/3547
f 3714/3714/3548 3713/3713/3547 3809/3809/3640
f 3621/3621/3459 3714/3714/3548 3810/3810/3641
f 3621/3621/3459 3810/3810/3641 3715/3715/3549
f 3622/3622/3460 3715/3715/3549 3811/3811/3642
f 3622/3622/3460 3811/3811/3642 3716/3716/3550
f 3717/3717/3551 3623/3623/3461 3716/3716/3550
f 3717/3717/3551 3716/3716/3550 3812/3812/3643
f 3624/3624/3462 3717/3717/3551 3813/3813/3644
f 3624/3624/3462 3813/3813/3644 3718/3718/3552
f 3719/3719/3553 3625/3625/3463 3718/3718/3552
f 3719/3719/3553 3718/3718/3552 3814/3814/3645
f 3720/3720/3554 3626/3626/3464 3719/3719/3553
f 3720/3720/3554 3719/3719/3553 3815/3815/3646
f 3721/3721/3555 3627/3627/3465 3720/3720/3554
f 3721/3721/3555 3720/3720/3554 3816/3816/3647
f 3722/3722/3556 3628/3628/3466 3721/3721/3555
f 3722/3722/3556 3721/3721/3555 3817/3817/3648
f 3629/3629/3467 3722/3722/3556 3818/3818/3649
f 3629/3629/3467 3818/3818/3649 3723/3723/3557
f 3724/3724/3558 3630/3630/3468 3723/3723/3557
f 3724/3724/3558 3723/3723/3557 3819/3819/3650
f 3724/3724/3558 3820/3820/3651 3725/3725/3559
f 3724/3724/3558 3725/3725/3559 3631/3631/3469
f 3821/3821/3652 3726/3726/3560 3632/3632/3470
f 3821/3821/3652 3632/3632/3470 3725/3725/3559
f 3633/3633/3471 3726/3726/3560 3822/3822/3653
f 3633/3633/3471 3822/3822/3653 3727/3727/3561
f 3823/3823/3654 3728/3728/3562 3634/3634/3472
f 3823/3823/3654 3634/3634/3472 3727/3727/3561
f 3729/3729/3563 3635/3635/3473 3728/3728/3562
f 3729/3729/3563 3728/3728/3562 3824/3824/3655
f 3636/3636/3474 3729/3729/3563 3825/3825/3656
f 3636/3636/3474 3825/3825/3656 3730/3730/3564
f 3826/3826/3657 3731/3731/3565 3637/3637/3475
f 3826/3826/3657 3637/3637/3475 3730/3730/3564
f 3638/3638/3476 3731/3731/3565 3827/3827/3658
f 3638/3638/3476 3827/3827/3658 3732/3732/3566
f 3732/3732/3566 3828/3828/3659 3733/3733/3567
f 3732/3732/3566 3733/3733/3567 3639/3639/3477
f 3640/3640/3478 3733/3733/3567 3829/3829/3660
f 3640/3640/3478 3829/3829/3660 3734/3734/3568
f 3641/3641/3479 3734/3734/3568 3830/3830/3661
f 3641/3641/3479 3830/3830/3661 3735/3735/3569
f 3642/3642/3480 3735/3735/3569 3831/3831/3662
f 3642/3642/3480 3831/3831/3662 3736/3736/3570
f 3832/3832/3663 3737/3737/3571 3643/3643/3481
f 3832/3832/3663 3643/3643/3481 3736/3736/3570
f 3644/3644/3482 3737/3737/3571 3833/3833/3664
f 3644/3644/3482 3833/3833/3664 3738/3738/3572
f 3645/3645/3483 3738/3738/3572 3834/3834/3665
f 3645/3645/3483 3834/3834/3665 3739/3739/3573
f 3646/3646/3484 3739/3739/3573 3835/3835/3666
f 3646/3646/3484 3835/3835/3666 3740/3740/3574
f 3647/3647/3485 3740/3740/3574 3836/3836/3667
f 3647/3647/3485 3836/3836/3667 3741/3741/3575
f 3742/3742/3576 3648/3648/3486 3741/3741/3575
f 3742/3742/3576 3741/3741/3575 3837/3837/3668
f 3743/3743/3487 3838/3838/3576 3839/3839/3669
f 3743/3743/3487 3839/3839/3669 3744/3744/3577
f 3651/3651/3488 3744/3744/3577 3840/3840/3670
f 3651/3651/3488 3840/3840/3670 3745/3745/3578
f 3652/3652/3489 3745/3745/3578 3841/3841/3671
f 3652/3652/3489 3841/3841/3671 3746/3746/3579
f 3747/3747/3580 3653/3653/3490 3746/3746/3579
f 3747/3747/3580 3746/3746/3579 3842/3842/3672
f 3654/3654/3491 3747/3747/3580 3843/3843/3673
f 3654/3654/3491 3843/3843/3673 3748/3748/3581
f 3655/3655/3492 3748/3748/3581 3844/3844/3674
f 3655/3655/3492 3844/3844/3674 3749/3749/3582
f 3750/3750/3583 3656/3656/3493 3749/3749/3582
f 3750/3750/3583 3749/3749/3582 3845/3845/3675
f 3657/3657/3494 3750/3750/3583 3846/3846/3676
f 3657/3657/3494 3846/3846/3676 3751/3751/3584
f 3752/3752/3585 3658/3658/3495 3751/3751/3584
f 3752/3752/3585 3751/3751/3584 3847/3847/3677
f 3753/3753/3586 3659/3659/3496 3752/3752/3585
f 3753/3753/3586 3752/3752/3585 3848/3848/3678
f 3660/3660/3497 3753/3753/3586 3849/3849/3679
f 3660/3660/3497 3849/3849/3679 3754/3754/3587
f 3663/3663/3499 3755/3755/3588 3850/3850/3680
f 3663/3663/3499 3850/3850/3680 3756/3756/3589
f 3756/3756/3589 3851/3851/3681 3757/3757/3590
f 3756/3756/3589 3757/3757/3590 3664/3664/3500
f 3758/3758/3591 3665/3665/3501 3757/3757/3590
f 3758/3758/3591 3757/3757/3590 3852/3852/3682
f 3666/3666/3502 3758/3758/3591 3853/3853/3683
f 3666/3666/3502 3853/3853/3683 3759/3759/3592
f 3759/3759/3592 3854/3854/3684 3760/3760/3593
f 3759/3759/3592 3760/3760/3593 3667/3667/3503
f 3760/3760/3593 3855/3855/3685 3761/3761/3594
f 3760/3760/3593 3761/3761/3594 3668/3668/3504
f 3761/3761/3594 3856/3856/3686 3762/3762/3595
f 3761/3761/3594 3762/3762/3595 3669/3669/3505
f 3762/3762/3595 3857/3857/3687 3858/3858/3688
f 3762/3762/3595 3858/3858/3688 3763/3763/3596
f 3671/3671/3507 3763/3763/3596 3858/3858/3688
f 3671/3671/3507 3858/3858/3688 3764/3764/3597
f 3764/3764/3597 3859/3859/3689 3765/3765/3598
f 3764/3764/3597 3765/3765/3598 3672/3672/3508
f 3766/3766/3599 3673/3673/3509 3765/3765/3598
f 3766/3766/3599 3765/3765/3598 3860/3860/3690
f 3766/3766/3599 3861/3861/3691 3767/3767/3600
f 3766/3766/3599 3767/3767/3600 3674/3674/3510
f 3767/3767/3600 3862/3862/3692 3768/3768/3601
f 3767/3767/3600 3768/3768/3601 3675/3675/3511
f 3769/3769/3602 3676/3676/3512 3768/3768/3601
f 3769/3769/3602 3768/3768/3601 3863/3863/3693
f 3677/3677/3513 3769/3769/3602 3864/3864/3694
f 3677/3677/3513 3864/3864/3694 3770/3770/3603
f 3770/3770/3603 3865/3865/3695 3771/3771/3604
f 3770/3770/3603 3771/3771/3604 3678/3678/3514
f 3771/3771/3604 3866/3866/3696 3772/3772/3605
f 3771/3771/3604 3772/3772/3605 3679/3679/3515
f 3680/3680/3516 3772/3772/3605 3867/3867/3697
f 3680/3680/3516 3867/3867/3697 3773/3773/3606
f 3681/3681/3517 3773/3773/3606 3868/3868/3698
f 3681/3681/3517 3868/3868/3698 3774/3774/3607
f 3774/3774/3607 3869/3869/3699 3775/3775/3608
f 3774/3774/3607 3775/3775/3608 3682/3682/3518
f 3870/3870/3700 3776/3776/3609 3683/3683/3519
f 3870/3870/3700 3683/3683/3519 3775/3775/3608
f 3777/3777/3610 3684/3684/3520 3776/3776/3609
f 3777/3777/3610 3776/3776/3609 3871/3871/3701
f 3685/3685/3521 3777/3777/3610 3872/3872/3702
f 3685/3685/3521 3872/3872/3702 3778/3778/3611
f 3778/3778/3611 3873/3873/3703 3779/3779/3612
f 3778/3778/3611 3779/3779/3612 3686/3686/3522
f 3779/3779/3612 3874/3874/3704 3780/3780/3613
f 3779/3779/3612 3780/3780/3613 3687/3687/3523
f 3688/3688/3524 3780/3780/3613 3875/3875/3705
f 3688/3688/3524 3875/3875/3705 3781/3781/3614
f 3876/3876/3706 3782/3782/3615 3689/3689/3525
f 3876/3876/3706 3689/3689/3525 3781/3781/3614
f 3690/3690/3526 3782/3782/3615 3877/3877/3707
f 3690/3690/3526 3877/3877/3707 3783/3783/3616
f 3691/3691/3527 3783/3783/3616 3878/3878/3708
f 3691/3691/3527 3878/3878/3708 3784/3784/3617
f 3692/3692/3528 3784/3784/3617 3879/3879/3709
f 3692/3692/3528 3879/3879/3709 3785/3785/3618
f 3880/3880/3710 3786/3786/3619 3693/3693/3529
f 3880/3880/3710 3693/3693/3529 3785/3785/3618
f 3787/3787/3620 3786/3786/3619 3881/3881/3711
f 3787/3787/3620 3881/3881/3711 3882/3882/3712
f 3787/3787/3620 3882/3882/3712 3788/3788/3621
f 3787/3787/3620 3788/3788/3621 3695/3695/3531
f 3789/3789/3622 3788/3788/3621 3883/3883/3713
f 3789/3789/3622 3883/3883/3713 3884/3884/3623
f 3698/3698/3533 3790/3790/3623 3885/3885/3714
f 3698/3698/3533 3885/3885/3714 3791/3791/3624
f 3699/3699/3534 3791/3791/3624 3886/3886/3715
f 3699/3699/3534 3886/3886/3715 3792/3792/3625
f 3700/3700/3535 3792/3792/3625 3887/3887/3716
f 3700/3700/3535 3887/3887/3716 3793/3793/3626
f 3793/3793/3626 3888/3888/3717 3794/3794/3627
f 3793/3793/3626 3794/3794/3627 3701/3701/3536
f 3702/3702/3537 3794/3794/3627 3889/3889/3718
f 3702/3702/3537 3889/3889/3718 3795/3795/3628
f 3703/3703/3538 3795/3795/3628 3890/3890/3719
f 3703/3703/3538 3890/3890/3719 3796/3796/3629
f 3704/3704/3539 3796/3796/3629 3891/3891/3720
f 3704/3704/3539 3891/3891/3720 3797/3797/3630
f 3705/3705/3540 3797/3797/3630 3892/3892/3721
f 3705/3705/3540 3892/3892/3721 3798/3798/3631
f 3706/3706/3541 3798/3798/3631 3893/3893/3722
f 3706/3706/3541 3893/3893/3722 3799/3799/3632
f 3707/3707/3542 3799/3799/3632 3894/3894/3723
f 3707/3707/3542 3894/3894/3723 3800/3800/3633
f 3801/3801/3634 3800/3800/3633 17/17/17
f 3801/3801/3634 17/17/17 16/16/16
f 3895/3895/3635 3896/3896/3724 3804/3804/3636
f 3895/3895/3635 3804/3804/3636 3803/3803/3544
f 3805/3805/3637 3804/3804/3636 3897/3897/3725
f 3805/3805/3637 3897/3897/3725 3898/3898/3726
f 3806/3806/3545 3805/3805/3637 3899/3899/3727
f 3806/3806/3545 3899/3899/3727 3900/3900/3638
f 3712/3712/3546 3807/3807/3638 3901/3901/3728
f 3712/3712/3546 3901/3901/3728 3808/3808/3639
f 3713/3713/3547 3808/3808/3639 3902/3902/3729
f 3713/3713/3547 3902/3902/3729 3809/3809/3640
f 3714/3714/3548 3809/3809/3640 3903/3903/3730
f 3714/3714/3548 3903/3903/3730 3810/3810/3641
f 3904/3904/3731 3811/3811/3642 3715/3715/3549
f 3904/3904/3731 3715/3715/3549 3810/3810/3641
f 3812/3812/3643 3716/3716/3550 3811/3811/3642
f 3812/3812/3643 3811/3811/3642 3905/3905/3732
f 3717/3717/3551 3812/3812/3643 3906/3906/3733
f 3717/3717/3551 3906/3906/3733 3813/3813/3644
f 3718/3718/3552 3813/3813/3644 3907/3907/3734
f 3718/3718/3552 3907/3907/3734 3814/3814/3645
f 3815/3815/3646 3719/3719/3553 3814/3814/3645
f 3815/3815/3646 3814/3814/3645 3908/3908/3735
f 3720/3720/3554 3815/3815/3646 3909/3909/3736
f 3720/3720/3554 3909/3909/3736 3816/3816/3647
f 3817/3817/3648 3721/3721/3555 3816/3816/3647
f 3817/3817/3648 3816/3816/3647 3910/3910/3737
f 3818/3818/3649 3722/3722/3556 3817/3817/3648
f 3818/3818/3649 3817/3817/3648 3911/3911/3738
f 3819/3819/3650 3723/3723/3557 3818/3818/3649
f 3819/3819/3650 3818/3818/3649 3912/3912/3739
f 3724/3724/3558 3819/3819/3650 3913/3913/3740
f 3724/3724/3558 3913/3913/3740 3820/3820/3651
f 3820/3820/3651 3914/3914/3741 3821/3821/3652
f 3820/3820/3651 3821/3821/3652 3725/3725/3559
f 3822/3822/3653 3726/3726/3560 3821/3821/3652
f 3822/3822/3653 3821/3821/3652 3915/3915/3742
f 3823/3823/3654 3727/3727/3561 3822/3822/3653
f 3823/3823/3654 3822/3822/3653 3916/3916/3743
f 3824/3824/3655 3728/3728/3562 3823/3823/3654
f 3824/3824/3655 3823/3823/3654 3917/3917/3744
f 3729/3729/3563 3824/3824/3655 3918/3918/3745
f 3729/3729/3563 3918/3918/3745 3825/3825/3656
f 3826/3826/3657 3730/3730/3564 3825/3825/3656
f 3826/3826/3657 3825/3825/3656 3919/3919/3746
f 3826/3826/3657 3920/3920/3747 3827/3827/3658
f 3826/3826/3657 3827/3827/3658 3731/3731/3565
f 3732/3732/3566 3827/3827/3658 3921/3921/3748
f 3732/3732/3566 3921/3921/3748 3828/3828/3659
f 3829/3829/3660 3733/3733/3567 3828/3828/3659
f 3829/3829/3660 3828/3828/3659 3922/3922/3749
f 3734/3734/3568 3829/3829/3660 3923/3923/3750
f 3734/3734/3568 3923/3923/3750 3830/3830/3661
f 3831/3831/3662 3735/3735/3569 3830/3830/3661
f 3831/3831/3662 3830/3830/3661 3924/3924/3751
f 3832/3832/3663 3736/3736/3570 3831/3831/3662
f 3832/3832/3663 3831/3831/3662 3925/3925/3752
f 3833/3833/3664 3737/3737/3571 3832/3832/3663
f 3833/3833/3664 3832/3832/3663 3926/3926/3753
f 3834/3834/3665 3738/3738/3572 3833/3833/3664
f 3834/3834/3665 3833/3833/3664 3927/3927/3754
f 3835/3835/3666 3739/3739/3573 3834/3834/3665
f 3835/3835/3666 3834/3834/3665 3928/3928/3755
f 3740/3740/3574 3835/3835/3666 3929/3929/3756
f 3740/3740/3574 3929/3929/3756 3836/3836/3667
f 3837/3837/3668 3741/3741/3575 3836/3836/3667
f 3837/3837/3668 3836/3836/3667 3930/3930/3757
f 3838/3838/3576 3931/3931/3668 3932/3932/3758
f 3838/3838/3576 3932/3932/3758 3839/3839/3669
f 3744/3744/3577 3839/3839/3669 3933/3933/3759
f 3744/3744/3577 3933/3933/3759 3840/3840/3670
f 3841/3841/3671 3745/3745/3578 3840/3840/3670
f 3841/3841/3671 3840/3840/3670 3934/3934/3760
f 3746/3746/3579 3841/3841/3671 3935/3935/3761
f 3746/3746/3579 3935/3935/3761 3842/3842/3672
f 3747/3747/3580 3842/3842/3672 3936/3936/3762
f 3747/3747/3580 3936/3936/3762 3843/3843/3673
f 3748/3748/3581 3843/3843/3673 3937/3937/3763
f 3748/3748/3581 3937/3937/3763 3844/3844/3674
f 3749/3749/3582 3844/3844/3674 3938/3938/3764
f 3749/3749/3582 3938/3938/3764 3845/3845/3675
f 3750/3750/3583 3845/3845/3675 3939/3939/3765
f 3750/3750/3583 3939/3939/3765 3846/3846/3676
f 3847/3847/3677 3751/3751/3584 3846/3846/3676
f 3847/3847/3677 3846/3846/3676 3940/3940/3766
f 3752/3752/3585 3847/3847/3677 3941/3941/3767
f 3752/3752/3585 3941/3941/3767 3848/3848/3678
f 3849/3849/3679 3753/3753/3586 3848/3848/3678
f 3849/3849/3679 3848/3848/3678 3942/3942/3768
f 3850/3850/3680 3943/3943/3769 3851/3851/3681
f 3850/3850/3680 3851/3851/3681 3756/3756/3589
f 3851/3851/3681 3944/3944/3770 3852/3852/3682
f 3851/3851/3681 3852/3852/3682 3757/3757/3590
f 3758/3758/3591 3852/3852/3682 3945/3945/3771
f 3758/3758/3591 3945/3945/3771 3853/3853/3683
f 3759/3759/3592 3853/3853/3683 3946/3946/3772
f 3759/3759/3592 3946/3946/3772 3854/3854/3684
f 3854/3854/3684 3947/3947/3773 3855/3855/3685
f 3854/3854/3684 3855/3855/3685 3760/3760/3593
f 3761/3761/3594 3855/3855/3685 3948/3948/3774
f 3761/3761/3594 3948/3948/3774 3856/3856/3686
f 3762/3762/3595 3856/3856/3686 3949/3949/3775
f 3762/3762/3595 3949/3949/3775 3857/3857/3687
f 3857/3857/3687 3950/3950/3505 3951/3951/3776
f 3857/3857/3687 3951/3951/3776 3858/3858/3688
f 3858/3858/3688 3951/3951/3776 3859/3859/3689
f 3858/3858/3688 3859/3859/3689 3764/3764/3597
f 3952/3952/3777 3860/3860/3690 3765/3765/3598
f 3952/3952/3777 3765/3765/3598 3859/3859/3689
f 3766/3766/3599 3860/3860/3690 3953/3953/3778
f 3766/3766/3599 3953/3953/3778 3861/3861/3691
f 3767/3767/3600 3861/3861/3691 3954/3954/3779
f 3767/3767/3600 3954/3954/3779 3862/3862/3692
f 3862/3862/3692 3955/3955/3780 3863/3863/3693
f 3862/3862/3692 3863/3863/3693 3768/3768/3601
f 3769/3769/3602 3863/3863/3693 3956/3956/3781
f 3769/3769/3602 3956/3956/3781 3864/3864/3694
f 3770/3770/3603 3864/3864/3694 3957/3957/3782
f 3770/3770/3603 3957/3957/3782 3865/3865/3695
f 3771/3771/3604 3865/3865/3695 3958/3958/3783
f 3771/3771/3604 3958/3958/3783 3866/3866/3696
f 3866/3866/3696 3959/3959/3784 3867/3867/3697
f 3866/3866/3696 3867/3867/3697 3772/3772/3605
f 3867/3867/3697 3960/3960/3785 3868/3868/3698
f 3867/3867/3697 3868/3868/3698 3773/3773/3606
f 3774/3774/3607 3868/3868/3698 3961/3961/3786
f 3774/3774/3607 3961/3961/3786 3869/3869/3699
f 3870/3870/3700 3775/3775/3608 3869/3869/3699
f 3870/3870/3700 3869/3869/3699 3962/3962/3787
f 3963/3963/3788 3871/3871/3701 3776/3776/3609
f 3963/3963/3788 3776/3776/3609 3870/3870/3700
f 3777/3777/3610 3871/3871/3701 3964/3964/3789
f 3777/3777/3610 3964/3964/3789 3872/3872/3702
f 3778/3778/3611 3872/3872/3702 3965/3965/3790
f 3778/3778/3611 3965/3965/3790 3873/3873/3703
f 3873/3873/3703 3966/3966/3791 3874/3874/3704
f 3873/3873/3703 3874/3874/3704 3779/3779/3612
f 3967/3967/3792 3875/3875/3705 3780/3780/3613
f 3967/3967/3792 3780/3780/3613 3874/3874/3704
f 3876/3876/3706 3781/3781/3614 3875/3875/3705
f 3876/3876/3706 3875/3875/3705 3968/3968/3793
f 3876/3876/3706 3969/3969/3794 3877/3877/3707
f 3876/3876/3706 3877/3877/3707 3782/3782/3615
f 3877/3877/3707 3970/3970/3795 3878/3878/3708
f 3877/3877/3707 3878/3878/3708 3783/3783/3616
f 3971/3971/3796 3879/3879/3709 3784/3784/3617
f 3971/3971/3796 3784/3784/3617 3878/3878/3708
f 3880/3880/3710 3785/3785/3618 3879/3879/3709
f 3880/3880/3710 3879/3879/3709 3972/3972/3797
f 3880/3880/3710 3973/3973/3798 3881/3881/3711
f 3880/3880/3710 3881/3881/3711 3786/3786/3619
f 3882/3882/3712 3881/3881/3711 3974/3974/3799
f 3882/3882/3712 3974/3974/3799 3975/3975/3800
f 3788/3788/3621 3882/3882/3712 3975/3975/3800
f 3788/3788/3621 3975/3975/3800 3883/3883/3713
f 3883/3883/3713 3976/3976/3801 3977/3977/3714
f 3883/3883/3713 3977/3977/3714 3884/3884/3623
f 3885/3885/3714 3978/3978/3802 3886/3886/3715
f 3885/3885/3714 3886/3886/3715 3791/3791/3624
f 3792/3792/3625 3886/3886/3715 3979/3979/3803
f 3792/3792/3625 3979/3979/3803 3887/3887/3716
f 3793/3793/3626 3887/3887/3716 3980/3980/3804
f 3793/3793/3626 3980/3980/3804 3888/3888/3717
f 3794/3794/3627 3888/3888/3717 3981/3981/3805
f 3794/3794/3627 3981/3981/3805 3889/3889/3718
f 3889/3889/3718 3982/3982/3806 3890/3890/3719
f 3889/3889/3718 3890/3890/3719 3795/3795/3628
f 3890/3890/3719 3983/3983/3807 3891/3891/3720
f 3890/3890/3719 3891/3891/3720 3796/3796/3629
f 3797/3797/3630 3891/3891/3720 3984/3984/3808
f 3797/3797/3630 3984/3984/3808 3892/3892/3721
f 3798/3798/3631 3892/3892/3721 3985/3985/3809
f 3798/3798/3631 3985/3985/3809 3893/3893/3722
f 3799/3799/3632 3893/3893/3722 3986/3986/3810
f 3799/3799/3632 3986/3986/3810 3894/3894/3723
f 3800/3800/3633 3894/3894/3723 3987/3987/3811
f 3800/3800/3633 3987/3987/3811 17/17/17
f 3896/3896/3724 3988/3988/3812 3897/3897/3725
f 3896/3896/3724 3897/3897/3725 3804/3804/3636
f 3897/3897/3725 3989/3989/3813 3990/3990/3814
f 3897/3897/3725 3990/3990/3814 3898/3898/3726
f 3805/3805/3637 3898/3898/3726 3991/3991/3815
f 3805/3805/3637 3991/3991/3815 3899/3899/3727
f 3900/3900/3638 3899/3899/3727 3992/3992/3816
f 3900/3900/3638 3992/3992/3816 3993/3993/3728
f 3808/3808/3639 3901/3901/3728 3994/3994/3817
f 3808/3808/3639 3994/3994/3817 3902/3902/3729
f 3995/3995/3818 3903/3903/3730 3809/3809/3640
f 3995/3995/3818 3809/3809/3640 3902/3902/3729
f 3904/3904/3731 3810/3810/3641 3903/3903/3730
f 3904/3904/3731 3903/3903/3730 3996/3996/3819
f 3905/3905/3732 3811/3811/3642 3904/3904/3731
f 3905/3905/3732 3904/3904/3731 3997/3997/3820
f 3812/3812/3643 3905/3905/3732 3998/3998/3821
f 3812/3812/3643 3998/3998/3821 3906/3906/3733
f 3999/3999/3822 3907/3907/3734 3813/3813/3644
f 3999/3999/3822 3813/3813/3644 3906/3906/3733
f 3908/3908/3735 3814/3814/3645 3907/3907/3734
f 3908/3908/3735 3907/3907/3734 4000/4000/3823
f 3815/3815/3646 3908/3908/3735 4001/4001/3824
f 3815/3815/3646 4001/4001/3824 3909/3909/3736
f 3910/3910/3737 3816/3816/3647 3909/3909/3736
f 3910/3910/3737 3909/3909/3736 4002/4002/3825
f 3817/3817/3648 3910/3910/3737 4003/4003/3826
f 3817/3817/3648 4003/4003/3826 3911/3911/3738
f 3818/3818/3649 3911/3911/3738 4004/4004/3827
f 3818/3818/3649 4004/4004/3827 3912/3912/3739
f 3819/3819/3650 3912/3912/3739 4005/4005/3828
f 3819/3819/3650 4005/4005/3828 3913/3913/3740
f 3820/3820/3651 3913/3913/3740 4006/4006/3829
f 3820/3820/3651 4006/4006/3829 3914/3914/3741
f 4007/4007/3830 3915/3915/3742 3821/3821/3652
f 4007/4007/3830 3821/3821/3652 3914/3914/3741
f 3822/3822/3653 3915/3915/3742 4008/4008/3831
f 3822/3822/3653 4008/4008/3831 3916/3916/3743
f 3823/3823/3654 3916/3916/3743 4009/4009/3832
f 3823/3823/3654 4009/4009/3832 3917/3917/3744
f 3824/3824/3655 3917/3917/3744 4010/4010/3833
f 3824/3824/3655 4010/4010/3833 3918/3918/3745
f 3825/3825/3656 3918/3918/3745 4011/4011/3834
f 3825/3825/3656 4011/4011/3834 3919/3919/3746
f 3826/3826/3657 3919/3919/3746 4012/4012/3835
f 3826/3826/3657 4012/4012/3835 3920/3920/3747
f 3920/3920/3747 4013/4013/3836 3921/3921/3748
f 3920/3920/3747 3921/3921/3748 3827/3827/3658
f 3922/3922/3749 3828/3828/3659 3921/3921/3748
f 3922/3922/3749 3921/3921/3748 4014/4014/3837
f 3829/3829/3660 3922/3922/3749 4015/4015/3838
f 3829/3829/3660 4015/4015/3838 3923/3923/3750
f 3923/3923/3750 4016/4016/3839 3924/3924/3751
f 3923/3923/3750 3924/3924/3751 3830/3830/3661
f 3925/3925/3752 3831/3831/3662 3924/3924/3751
f 3925/3925/3752 3924/3924/3751 4017/4017/3840
f 3832/3832/3663 3925/3925/3752 4018/4018/3841
f 3832/3832/3663 4018/4018/3841 3926/3926/3753
f 3833/3833/3664 3926/3926/3753 4019/4019/3842
f 3833/3833/3664 4019/4019/3842 3927/3927/3754
f 3834/3834/3665 3927/3927/3754 4020/4020/3843
f 3834/3834/3665 4020/4020/3843 3928/3928/3755
f 3835/3835/3666 3928/3928/3755 4021/4021/3844
f 3835/3835/3666 4021/4021/3844 3929/3929/3756
f 3930/3930/3757 3836/3836/3667 3929/3929/3756
f 3930/3930/3757 3929/3929/3756 4022/4022/3845
f 3931/3931/3668 4023/4023/3757 4024/4024/3846
f 3931/3931/3668 4024/4024/3846 3932/3932/3758
f 3933/3933/3759 3839/3839/3669 3932/3932/3758
f 3933/3933/3759 3932/3932/3758 4025/4025/3847
f 3933/3933/3759 4026/4026/3848 3934/3934/3760
f 3933/3933/3759 3934/3934/3760 3840/3840/3670
f 3841/3841/3671 3934/3934/3760 4027/4027/3849
f 3841/3841/3671 4027/4027/3849 3935/3935/3761
f 3936/3936/3762 3842/3842/3672 3935/3935/3761
f 3936/3936/3762 3935/3935/3761 4028/4028/3850
f 3843/3843/3673 3936/3936/3762 4029/4029/3851
f 3843/3843/3673 4029/4029/3851 3937/3937/3763
f 3938/3938/3764 3844/3844/3674 3937/3937/3763
f 3938/3938/3764 3937/3937/3763 4030/4030/3852
f 3939/3939/3765 3845/3845/3675 3938/3938/3764
f 3939/3939/3765 3938/3938/3764 4031/4031/3853
f 3846/3846/3676 3939/3939/3765 4032/4032/3854
f 3846/3846/3676 4032/4032/3854 3940/3940/3766
f 3847/3847/3677 3940/3940/3766 4033/4033/3855
f 3847/3847/3677 4033/4033/3855 3941/3941/3767
f 3848/3848/3678 3941/3941/3767 4034/4034/3856
f 3848/3848/3678 4034/4034/3856 3942/3942/3768
f 3851/3851/3681 3943/3943/3769 4035/4035/3857
f 3851/3851/3681 4035/4035/3857 3944/3944/3770
f 3944/3944/3770 4036/4036/3858 3945/3945/3771
f 3944/3944/3770 3945/3945/3771 3852/3852/3682
f 3945/3945/3771 4037/4037/3859 3946/3946/3772
f 3945/3945/3771 3946/3946/3772 3853/3853/3683
f 3854/3854/3684 3946/3946/3772 4038/4038/3860
f 3854/3854/3684 4038/4038/3860 3947/3947/3773
f 3855/3855/3685 3947/3947/3773 4039/4039/3861
f 3855/3855/3685 4039/4039/3861 3948/3948/3774
f 3948/3948/3774 4040/4040/3862 3949/3949/3775
f 3948/3948/3774 3949/3949/3775 3856/3856/3686
f 3857/3857/3687 3949/3949/3775 4041/4041/3863
f 3857/3857/3687 4041/4041/3863 3950/3950/3505
f 3951/3951/3776 3950/3950/3505 4042/4042/3864
f 3951/3951/3776 4042/4042/3864 4043/4043/3865
f 3951/3951/3776 4043/4043/3865 3952/3952/3777
f 3951/3951/3776 3952/3952/3777 3859/3859/3689
f 3952/3952/3777 4044/4044/3866 3953/3953/3778
f 3952/3952/3777 3953/3953/3778 3860/3860/3690
f 3953/3953/3778 4045/4045/3867 3954/3954/3779
f 3953/3953/3778 3954/3954/3779 3861/3861/3691
f 4046/4046/3868 3955/3955/3780 3862/3862/3692
f 4046/4046/3868 3862/3862/3692 3954/3954/3779
f 4047/4047/3869 3956/3956/3781 3863/3863/3693
f 4047/4047/3869 3863/3863/3693 3955/3955/3780
f 4048/4048/3870 3957/3957/3782 3864/3864/3694
f 4048/4048/3870 3864/3864/3694 3956/3956/3781
f 3957/3957/3782 4049/4049/3871 3958/3958/3783
f 3957/3957/3782 3958/3958/3783 3865/3865/3695
f 3958/3958/3783 4050/4050/3872 3959/3959/3784
f 3958/3958/3783 3959/3959/3784 3866/3866/3696
f 3867/3867/3697 3959/3959/3784 4051/4051/3873
f 3867/3867/3697 4051/4051/3873 3960/3960/3785
f 3961/3961/3786 3868/3868/3698 3960/3960/3785
f 3961/3961/3786 3960/3960/3785 4052/4052/3874
f 3961/3961/3786 4053/4053/3875 3962/3962/3787
f 3961/3961/3786 3962/3962/3787 3869/3869/3699
f 3963/3963/3788 3870/3870/3700 3962/3962/3787
f 3963/3963/3788 3962/3962/3787 4054/4054/3876
f 3963/3963/3788 4055/4055/3877 3964/3964/3789
f 3963/3963/3788 3964/3964/3789 3871/3871/3701
f 3872/3872/3702 3964/3964/3789 4056/4056/3878
f 3872/3872/3702 4056/4056/3878 3965/3965/3790
f 3873/3873/3703 3965/3965/3790 4057/4057/3879
f 3873/3873/3703 4057/4057/3879 3966/3966/3791
f 3967/3967/3792 3874/3874/3704 3966/3966/3791
f 3967/3967/3792 3966/3966/3791 4058/4058/3880
f 3968/3968/3793 3875/3875/3705 3967/3967/3792
f 3968/3968/3793 3967/3967/3792 4059/4059/3881
f 3876/3876/3706 3968/3968/3793 4060/4060/3882
f 3876/3876/3706 4060/4060/3882 3969/3969/3794
f 3877/3877/3707 3969/3969/3794 4061/4061/3883
f 3877/3877/3707 4061/4061/3883 3970/3970/3795
f 3970/3970/3795 4062/4062/3884 3971/3971/3796
f 3970/3970/3795 3971/3971/3796 3878/3878/3708
f 3971/3971/3796 4063/4063/3885 3972/3972/3797
f 3971/3971/3796 3972/3972/3797 3879/3879/3709
f 3880/3880/3710 3972/3972/3797 4064/4064/3886
f 3880/3880/3710 4064/4064/3886 3973/3973/3798
f 3881/3881/3711 3973/3973/3798 4065/4065/3887
f 3881/3881/3711 4065/4065/3887 3974/3974/3799
f 3975/3975/3800 3974/3974/3799 4066/4066/3888
f 3975/3975/3800 4066/4066/3888 4067/4067/3889
f 3883/3883/3713 3975/3975/3800 4067/4067/3889
f 3883/3883/3713 4067/4067/3889 3976/3976/3801
f 3977/3977/3714 3976/3976/3801 4068/4068/3890
f 3977/3977/3714 4068/4068/3890 4069/4069/3802
f 3979/3979/3803 3886/3886/3715 3978/3978/3802
f 3979/3979/3803 3978/3978/3802 4070/4070/3891
f 3979/3979/3803 4071/4071/3892 3980/3980/3804
f 3979/3979/3803 3980/3980/3804 3887/3887/3716
f 3980/3980/3804 4072/4072/3893 3981/3981/3805
f 3980/3980/3804 3981/3981/3805 3888/3888/3717
f 3889/3889/3718 3981/3981/3805 4073/4073/3894
f 3889/3889/3718 4073/4073/3894 3982/3982/3806
f 3890/3890/3719 3982/3982/3806 4074/4074/3895
f 3890/3890/3719 4074/4074/3895 3983/3983/3807
f 3983/3983/3807 4075/4075/3896 3984/3984/3808
f 3983/3983/3807 3984/3984/3808 3891/3891/3720
f 3892/3892/3721 3984/3984/3808 4076/4076/3897
f 3892/3892/3721 4076/4076/3897 3985/3985/3809
f 3985/3985/3809 4077/4077/3898 3986/3986/3810
f 3985/3985/3809 3986/3986/3810 3893/3893/3722
f 3894/3894/3723 3986/3986/3810 4078/4078/3899
f 3894/3894/3723 4078/4078/3899 3987/3987/3811
f 17/17/17 3987/3987/3811 4079/4079/3812
f 17/17/17 4079/4079/3812 18/18/18
f 4080/4080/3900 3989/3989/3813 3897/3897/3725
f 4080/4080/3900 3897/3897/3725 3988/3988/3812
f 3989/3989/3813 4081/4081/3901 4082/4082/3902
f 3989/3989/3813 4082/4082/3902 3990/3990/3814
f 3898/3898/3726 3990/3990/3814 4083/4083/3903
f 3898/3898/3726 4083/4083/3903 3991/3991/3815
f 3899/3899/3727 3991/3991/3815 4084/4084/3904
f 3899/3899/3727 4084/4084/3904 3992/3992/3816
f 3993/3993/3728 3992/3992/3816 4085/4085/3905
f 3993/3993/3728 4085/4085/3905 4086/4086/3817
f 3995/3995/3818 3902/3902/3729 3994/3994/3817
f 3995/3995/3818 3994/3994/3817 4087/4087/3906
f 3996/3996/3819 3903/3903/3730 3995/3995/3818
f 3996/3996/3819 3995/3995/3818 4088/4088/3907
f 3904/3904/3731 3996/3996/3819 4089/4089/3908
f 3904/3904/3731 4089/4089/3908 3997/3997/3820
f 3998/3998/3821 3905/3905/3732 3997/3997/3820
f 3998/3998/3821 3997/3997/3820 4090/4090/3909
f 3999/3999/3822 3906/3906/3733 3998/3998/3821
f 3999/3999/3822 3998/3998/3821 4091/4091/3910
f 3999/3999/3822 4092/4092/3911 4000/4000/3823
f 3999/3999/3822 4000/4000/3823 3907/3907/3734
f 4001/4001/3824 3908/3908/3735 4000/4000/3823
f 4001/4001/3824 4000/4000/3823 4093/4093/3912
f 4002/4002/3825 3909/3909/3736 4001/4001/3824
f 4002/4002/3825 4001/4001/3824 4094/4094/3913
f 3910/3910/3737 4002/4002/3825 4095/4095/3914
f 3910/3910/3737 4095/4095/3914 4003/4003/3826
f 3911/3911/3738 4003/4003/3826 4096/4096/3915
f 3911/3911/3738 4096/4096/3915 4004/4004/3827
f 4005/4005/3828 3912/3912/3739 4004/4004/3827
f 4005/4005/3828 4004/4004/3827 4097/4097/3916
f 4005/4005/3828 4098/4098/3917 4006/4006/3829
f 4005/4005/3828 4006/4006/3829 3913/3913/3740
f 4007/4007/3830 3914/3914/3741 4006/4006/3829
f 4007/4007/3830 4006/4006/3829 4099/4099/3918
f 4007/4007/3830 4100/4100/3919 4008/4008/3831
f 4007/4007/3830 4008/4008/3831 3915/3915/3742
f 4009/4009/3832 3916/3916/3743 4008/4008/3831
f 4009/4009/3832 4008/4008/3831 4101/4101/3920
f 3917/3917/3744 4009/4009/3832 4102/4102/3921
f 3917/3917/3744 4102/4102/3921 4010/4010/3833
f 3918/3918/3745 4010/4010/3833 4103/4103/3922
f 3918/3918/3745 4103/4103/3922 4011/4011/3834
f 3919/3919/3746 4011/4011/3834 4104/4104/3923
f 3919/3919/3746 4104/4104/3923 4012/4012/3835
f 3920/3920/3747 4012/4012/3835 4105/4105/3924
f 3920/3920/3747 4105/4105/3924 4013/4013/3836
f 4014/4014/3837 3921/3921/3748 4013/4013/3836
f 4014/4014/3837 4013/4013/3836 4106/4106/3925
f 3922/3922/3749 4014/4014/3837 4107/4107/3926
f 3922/3922/3749 4107/4107/3926 4015/4015/3838
f 3923/3923/3750 4015/4015/3838 4108/4108/3927
f 3923/3923/3750 4108/4108/3927 4016/4016/3839
f 4017/4017/3840 3924/3924/3751 4016/4016/3839
f 4017/4017/3840 4016/4016/3839 4109/4109/3928
f 3925/3925/3752 4017/4017/3840 4110/4110/3929
f 3925/3925/3752 4110/4110/3929 4018/4018/3841
f 4111/4111/3930 4019/4019/3842 3926/3926/3753
f 4111/4111/3930 3926/3926/3753 4018/4018/3841
f 4112/4112/3931 4020/4020/3843 3927/3927/3754
f 4112/4112/3931 3927/3927/3754 4019/4019/3842
f 3928/3928/3755 4020/4020/3843 4113/4113/3932
f 3928/3928/3755 4113/4113/3932 4021/4021/3844
f 3929/3929/3756 4021/4021/3844 4114/4114/3933
f 3929/3929/3756 4114/4114/3933 4022/4022/3845
f 4023/4023/3757 4115/4115/3845 4116/4116/3934
f 4023/4023/3757 4116/4116/3934 4024/4024/3846
f 4025/4025/3847 3932/3932/3758 4024/4024/3846
f 4025/4025/3847 4024/4024/3846 4117/4117/3935
f 3933/3933/3759 4025/4025/3847 4118/4118/3936
f 3933/3933/3759 4118/4118/3936 4026/4026/3848
f 4027/4027/3849 3934/3934/3760 4026/4026/3848
f 4027/4027/3849 4026/4026/3848 4119/4119/3937
f 4028/4028/3850 3935/3935/3761 4027/4027/3849
f 4028/4028/3850 4027/4027/3849 4120/4120/3938
f 4029/4029/3851 3936/3936/3762 4028/4028/3850
f 4029/4029/3851 4028/4028/3850 4121/4121/3939
f 3937/3937/3763 4029/4029/3851 4122/4122/3940
f 3937/3937/3763 4122/4122/3940 4030/4030/3852
f 3938/3938/3764 4030/4030/3852 4123/4123/3941
f 3938/3938/3764 4123/4123/3941 4031/4031/3853
f 3939/3939/3765 4031/4031/3853 4124/4124/3942
f 3939/3939/3765 4124/4124/3942 4032/4032/3854
f 3940/3940/3766 4032/4032/3854 4125/4125/3943
f 3940/3940/3766 4125/4125/3943 4033/4033/3855
f 3941/3941/3767 4033/4033/3855 4126/4126/3944
f 3941/3941/3767 4126/4126/3944 4034/4034/3856
f 3944/3944/3770 4035/4035/3857 4127/4127/3945
f 3944/3944/3770 4127/4127/3945 4036/4036/3858
f 3945/3945/3771 4036/4036/3858 4128/4128/3946
f 3945/3945/3771 4128/4128/3946 4037/4037/3859
f 4037/4037/3859 4129/4129/3947 4038/4038/3860
f 4037/4037/3859 4038/4038/3860 3946/3946/3772
f 4130/4130/3948 4039/4039/3861 3947/3947/3773
f 4130/4130/3948 3947/3947/3773 4038/4038/3860
f 3948/3948/3774 4039/4039/3861 4131/4131/3949
f 3948/3948/3774 4131/4131/3949 4040/4040/3862
f 3949/3949/3775 4040/4040/3862 4132/4132/3950
f 3949/3949/3775 4132/4132/3950 4041/4041/3863
f 4041/4041/3863 4133/4133/3951 4042/4042/3864
f 4041/4041/3863 4042/4042/3864 3950/3950/3505
f 4043/4043/3865 4042/4042/3864 4134/4134/3952
f 4043/4043/3865 4134/4134/3952 4135/4135/3953
f 4043/4043/3865 4135/4135/3953 4044/4044/3866
f 4043/4043/3865 4044/4044/3866 3952/3952/3777
f 3953/3953/3778 4044/4044/3866 4136/4136/3954
f 3953/3953/3778 4136/4136/3954 4045/4045/3867
f 4045/4045/3867 4137/4137/3955 4046/4046/3868
f 4045/4045/3867 4046/4046/3868 3954/3954/3779
f 4046/4046/3868 4138/4138/3956 4047/4047/3869
f 4046/4046/3868 4047/4047/3869 3955/3955/3780
f 4047/4047/3869 4139/4139/3957 4048/4048/3870
f 4047/4047/3869 4048/4048/3870 3956/3956/3781
f 4048/4048/3870 4140/4140/3958 4049/4049/3871
f 4048/4048/3870 4049/4049/3871 3957/3957/3782
f 3958/3958/3783 4049/4049/3871 4141/4141/3959
f 3958/3958/3783 4141/4141/3959 4050/4050/3872
f 4050/4050/3872 4142/4142/3960 4051/4051/3873
f 4050/4050/3872 4051/4051/3873 3959/3959/3784
f 3960/3960/3785 4051/4051/3873 4143/4143/3961
f 3960/3960/3785 4143/4143/3961 4052/4052/3874
f 3961/3961/3786 4052/4052/3874 4144/4144/3962
f 3961/3961/3786 4144/4144/3962 4053/4053/3875
f 4053/4053/3875 4145/4145/3963 4054/4054/3876
f 4053/4053/3875 4054/4054/3876 3962/3962/3787
f 3963/3963/3788 4054/4054/3876 4146/4146/3964
f 3963/3963/3788 4146/4146/3964 4055/4055/3877
f 3964/3964/3789 4055/4055/3877 4147/4147/3965
f 3964/3964/3789 4147/4147/3965 4056/4056/3878
f 3965/3965/3790 4056/4056/3878 4148/4148/3966
f 3965/3965/3790 4148/4148/3966 4057/4057/3879
f 4057/4057/3879 4149/4149/3967 4058/4058/3880
f 4057/4057/3879 4058/4058/3880 3966/3966/3791
f 4059/4059/3881 3967/3967/3792 4058/4058/3880
f 4059/4059/3881 4058/4058/3880 4150/4150/3968
f 3968/3968/3793 4059/4059/3881 4151/4151/3969
f 3968/3968/3793 4151/4151/3969 4060/4060/3882
f 4060/4060/3882 4152/4152/3970 4061/4061/3883
f 4060/4060/3882 4061/4061/3883 3969/3969/3794
f 3970/3970/3795 4061/4061/3883 4153/4153/3971
f 3970/3970/3795 4153/4153/3971 4062/4062/3884
f 4062/4062/3884 4154/4154/3972 4063/4063/3885
f 4062/4062/3884 4063/4063/3885 3971/3971/3796
f 3972/3972/3797 4063/4063/3885 4155/4155/3973
f 3972/3972/3797 4155/4155/3973 4064/4064/3886
f 4156/4156/3974 4065/4065/3887 3973/3973/3798
f 4156/4156/3974 3973/3973/3798 4064/4064/3886
f 3974/3974/3799 4065/4065/3887 4157/4157/3975
f 3974/3974/3799 4157/4157/3975 4066/4066/3888
f 4067/4067/3889 4066/4066/3888 4158/4158/3976
f 4067/4067/3889 4158/4158/3976 4159/4159/3977
f 4067/4067/3889 4159/4159/3977 4068/4068/3890
f 4067/4067/3889 4068/4068/3890 3976/3976/3801
f 4068/4068/3890 4160/4160/3978 4161/4161/3891
f 4068/4068/3890 4161/4161/3891 4069/4069/3802
f 3979/3979/3803 4070/4070/3891 4162/4162/3979
f 3979/3979/3803 4162/4162/3979 4071/4071/3892
f 3980/3980/3804 4071/4071/3892 4163/4163/3980
f 3980/3980/3804 4163/4163/3980 4072/4072/3893
f 3981/3981/3805 4072/4072/3893 4164/4164/3981
f 3981/3981/3805 4164/4164/3981 4073/4073/3894
f 3982/3982/3806 4073/4073/3894 4165/4165/3982
f 3982/3982/3806 4165/4165/3982 4074/4074/3895
f 4074/4074/3895 4166/4166/3983 4075/4075/3896
f 4074/4074/3895 4075/4075/3896 3983/3983/3807
f 3984/3984/3808 4075/4075/3896 4167/4167/3984
f 3984/3984/3808 4167/4167/3984 4076/4076/3897
f 3985/3985/3809 4076/4076/3897 4168/4168/3985
f 3985/3985/3809 4168/4168/3985 4077/4077/3898
f 3986/3986/3810 4077/4077/3898 4169/4169/3986
f 3986/3986/3810 4169/4169/3986 4078/4078/3899
f 3987/3987/3811 4078/4078/3899 4170/4170/3900
f 3987/3987/3811 4170/4170/3900 4079/4079/3812
f 4080/4080/3900 4171/4171/3987 4081/4081/3901
f 4080/4080/3900 4081/4081/3901 3989/3989/3813
f 4081/4081/3901 4172/4172/3988 4173/4173/3989
f 4081/4081/3901 4173/4173/3989 4082/4082/3902
f 3990/3990/3814 4082/4082/3902 4174/4174/3990
f 3990/3990/3814 4174/4174/3990 4083/4083/3903
f 3991/3991/3815 4083/4083/3903 4175/4175/3991
f 3991/3991/3815 4175/4175/3991 4084/4084/3904
f 4085/4085/3905 3992/3992/3816 4084/4084/3904
f 4085/4085/3905 4084/4084/3904 4176/4176/3992
f 4086/4086/3817 4085/4085/3905 4177/4177/3993
f 4086/4086/3817 4177/4177/3993 4178/4178/3906
f 3995/3995/3818 4087/4087/3906 4179/4179/3994
f 3995/3995/3818 4179/4179/3994 4088/4088/3907
f 3996/3996/3819 4088/4088/3907 4180/4180/3995
f 3996/3996/3819 4180/4180/3995 4089/4089/3908
f 4090/4090/3909 3997/3997/3820 4089/4089/3908
f 4090/4090/3909 4089/4089/3908 4181/4181/3996
f 3998/3998/3821 4090/4090/3909 4182/4182/3997
f 3998/3998/3821 4182/4182/3997 4091/4091/3910
f 3999/3999/3822 4091/4091/3910 4183/4183/3998
f 3999/3999/3822 4183/4183/3998 4092/4092/3911
f 4093/4093/3912 4000/4000/3823 4092/4092/3911
f 4093/4093/3912 4092/4092/3911 4184/4184/3999
f 4001/4001/3824 4093/4093/3912 4185/4185/4000
f 4001/4001/3824 4185/4185/4000 4094/4094/3913
f 4002/4002/3825 4094/4094/3913 4186/4186/4001
f 4002/4002/3825 4186/4186/4001 4095/4095/3914
f 4187/4187/4002 4096/4096/3915 4003/4003/3826
f 4187/4187/4002 4003/4003/3826 4095/4095/3914
f 4004/4004/3827 4096/4096/3915 4188/4188/4003
f 4004/4004/3827 4188/4188/4003 4097/4097/3916
f 4005/4005/3828 4097/4097/3916 4189/4189/4004
f 4005/4005/3828 4189/4189/4004 4098/4098/3917
f 4099/4099/3918 4006/4006/3829 4098/4098/3917
f 4099/4099/3918 4098/4098/3917 4190/4190/4005
f 4007/4007/3830 4099/4099/3918 4191/4191/4006
f 4007/4007/3830 4191/4191/4006 4100/4100/3919
f 4101/4101/3920 4008/4008/3831 4100/4100/3919
f 4101/4101/3920 4100/4100/3919 4192/4192/4007
f 4102/4102/3921 4009/4009/3832 4101/4101/3920
f 4102/4102/3921 4101/4101/3920 4193/4193/4008
f 4010/4010/3833 4102/4102/3921 4194/4194/4009
f 4010/4010/3833 4194/4194/4009 4103/4103/3922
f 4103/4103/3922 4195/4195/4010 4104/4104/3923
f 4103/4103/3922 4104/4104/3923 4011/4011/3834
f 4105/4105/3924 4012/4012/3835 4104/4104/3923
f 4105/4105/3924 4104/4104/3923 4196/4196/4011
f 4013/4013/3836 4105/4105/3924 4197/4197/4012
f 4013/4013/3836 4197/4197/4012 4106/4106/3925
f 4014/4014/3837 4106/4106/3925 4198/4198/4013
f 4014/4014/3837 4198/4198/4013 4107/4107/3926
f 4015/4015/3838 4107/4107/3926 4199/4199/4014
f 4015/4015/3838 4199/4199/4014 4108/4108/3927
f 4109/4109/3928 4016/4016/3839 4108/4108/3927
f 4109/4109/3928 4108/4108/3927 4200/4200/4015
f 4017/4017/3840 4109/4109/3928 4201/4201/4016
f 4017/4017/3840 4201/4201/4016 4110/4110/3929
f 4111/4111/3930 4018/4018/3841 4110/4110/3929
f 4111/4111/3930 4110/4110/3929 4202/4202/4017
f 4112/4112/3931 4019/4019/3842 4111/4111/3930
f 4112/4112/3931 4111/4111/3930 4203/4203/4018
f 4113/4113/3932 4020/4020/3843 4112/4112/3931
f 4113/4113/3932 4112/4112/3931 4204/4204/4019
f 4114/4114/3933 4021/4021/3844 4113/4113/3932
f 4114/4114/3933 4113/4113/3932 4205/4205/4020
f 4115/4115/3845 4206/4206/3933 4207/4207/4021
f 4115/4115/3845 4207/4207/4021 4116/4116/3934
f 4024/4024/3846 4116/4116/3934 4208/4208/4022
f 4024/4024/3846 4208/4208/4022 4117/4117/3935
f 4025/4025/3847 4117/4117/3935 4209/4209/4023
f 4025/4025/3847 4209/4209/4023 4118/4118/3936
f 4026/4026/3848 4118/4118/3936 4210/4210/4024
f 4026/4026/3848 4210/4210/4024 4119/4119/3937
f 4120/4120/3938 4027/4027/3849 4119/4119/3937
f 4120/4120/3938 4119/4119/3937 4211/4211/4025
f 4028/4028/3850 4120/4120/3938 4212/4212/4026
f 4028/4028/3850 4212/4212/4026 4121/4121/3939
f 4029/4029/3851 4121/4121/3939 4213/4213/4027
f 4029/4029/3851 4213/4213/4027 4122/4122/3940
f 4030/4030/3852 4122/4122/3940 4214/4214/4028
f 4030/4030/3852 4214/4214/4028 4123/4123/3941
f 4124/4124/3942 4031/4031/3853 4123/4123/3941
f 4124/4124/3942 4123/4123/3941 4215/4215/4029
f 4125/4125/3943 4032/4032/3854 4124/4124/3942
f 4125/4125/3943 4124/4124/3942 4216/4216/4030
f 4126/4126/3944 4033/4033/3855 4125/4125/3943
f 4126/4126/3944 4125/4125/3943 4217/4217/4031
f 4127/4127/3945 4218/4218/3944 4128/4128/3946
f 4127/4127/3945 4128/4128/3946 4036/4036/3858
f 4037/4037/3859 4128/4128/3946 4219/4219/4032
f 4037/4037/3859 4219/4219/4032 4129/4129/3947
f 4129/4129/3947 4220/4220/4033 4130/4130/3948
f 4129/4129/3947 4130/4130/3948 4038/4038/3860
f 4130/4130/3948 4221/4221/4034 4131/4131/3949
f 4130/4130/3948 4131/4131/3949 4039/4039/3861
f 4040/4040/3862 4131/4131/3949 4222/4222/4035
f 4040/4040/3862 4222/4222/4035 4132/4132/3950
f 4041/4041/3863 4132/4132/3950 4223/4223/4036
f 4041/4041/3863 4223/4223/4036 4133/4133/3951
f 4133/4133/3951 4224/4224/4037 4134/4134/3952
f 4133/4133/3951 4134/4134/3952 4042/4042/3864
f 4225/4225/4038 4135/4135/3953 4134/4134/3952
f 4225/4225/4038 4134/4134/3952 4226/4226/4039
f 4225/4225/4038 4136/4136/3954 4044/4044/3866
f 4225/4225/4038 4044/4044/3866 4135/4135/3953
f 4045/4045/3867 4136/4136/3954 4227/4227/4040
f 4045/4045/3867 4227/4227/4040 4137/4137/3955
f 4137/4137/3955 4228/4228/4041 4138/4138/3956
f 4137/4137/3955 4138/4138/3956 4046/4046/3868
f 4138/4138/3956 4229/4229/4042 4139/4139/3957
f 4138/4138/3956 4139/4139/3957 4047/4047/3869
f 4048/4048/3870 4139/4139/3957 4230/4230/4043
f 4048/4048/3870 4230/4230/4043 4140/4140/3958
f 4049/4049/3871 4140/4140/3958 4231/4231/4044
f 4049/4049/3871 4231/4231/4044 4141/4141/3959
f 4050/4050/3872 4141/4141/3959 4232/4232/4045
f 4050/4050/3872 4232/4232/4045 4142/4142/3960
f 4233/4233/4046 4143/4143/3961 4051/4051/3873
f 4233/4233/4046 4051/4051/3873 4142/4142/3960
f 4234/4234/4047 4144/4144/3962 4052/4052/3874
f 4234/4234/4047 4052/4052/3874 4143/4143/3961
f 4053/4053/3875 4144/4144/3962 4235/4235/4048
f 4053/4053/3875 4235/4235/4048 4145/4145/3963
f 4145/4145/3963 4236/4236/4049 4146/4146/3964
f 4145/4145/3963 4146/4146/3964 4054/4054/3876
f 4055/4055/3877 4146/4146/3964 4237/4237/4050
f 4055/4055/3877 4237/4237/4050 4147/4147/3965
f 4148/4148/3966 4056/4056/3878 4147/4147/3965
f 4148/4148/3966 4147/4147/3965 4238/4238/4051
f 4057/4057/3879 4148/4148/3966 4239/4239/4052
f 4057/4057/3879 4239/4239/4052 4149/4149/3967
f 4149/4149/3967 4240/4240/4053 4150/4150/3968
f 4149/4149/3967 4150/4150/3968 4058/4058/3880
f 4059/4059/3881 4150/4150/3968 4241/4241/4054
f 4059/4059/3881 4241/4241/4054 4151/4151/3969
f 4060/4060/3882 4151/4151/3969 4242/4242/4055
f 4060/4060/3882 4242/4242/4055 4152/4152/3970
f 4152/4152/3970 4243/4243/4056 4153/4153/3971
f 4152/4152/3970 4153/4153/3971 4061/4061/3883
f 4062/4062/3884 4153/4153/3971 4244/4244/4057
f 4062/4062/3884 4244/4244/4057 4154/4154/3972
f 4154/4154/3972 4245/4245/4058 4155/4155/3973
f 4154/4154/3972 4155/4155/3973 4063/4063/3885
f 4155/4155/3973 4246/4246/4059 4156/4156/3974
f 4155/4155/3973 4156/4156/3974 4064/4064/3886
f 4156/4156/3974 4247/4247/4060 4157/4157/3975
f 4156/4156/3974 4157/4157/3975 4065/4065/3887
f 4248/4248/4061 4158/4158/3976 4066/4066/3888
f 4248/4248/4061 4066/4066/3888 4157/4157/3975
f 4249/4249/4062 4159/4159/3977 4158/4158/3976
f 4249/4249/4062 4158/4158/3976 4250/4250/4063
f 4068/4068/3890 4159/4159/3977 4249/4249/4062
f 4068/4068/3890 4249/4249/4062 4160/4160/3978
f 4161/4161/3891 4160/4160/3978 4251/4251/4064
f 4161/4161/3891 4251/4251/4064 4252/4252/3979
f 4071/4071/3892 4162/4162/3979 4253/4253/4065
f 4071/4071/3892 4253/4253/4065 4163/4163/3980
f 4163/4163/3980 4254/4254/4066 4164/4164/3981
f 4163/4163/3980 4164/4164/3981 4072/4072/3893
f 4164/4164/3981 4255/4255/4067 4165/4165/3982
f 4164/4164/3981 4165/4165/3982 4073/4073/3894
f 4074/4074/3895 4165/4165/3982 4256/4256/4068
f 4074/4074/3895 4256/4256/4068 4166/4166/3983
f 4166/4166/3983 4257/4257/4069 4167/4167/3984
f 4166/4166/3983 4167/4167/3984 4075/4075/3896
f 4167/4167/3984 4258/4258/4070 4168/4168/3985
f 4167/4167/3984 4168/4168/3985 4076/4076/3897
f 4168/4168/3985 4259/4259/4071 4169/4169/3986
f 4168/4168/3985 4169/4169/3986 4077/4077/3898
f 4078/4078/3899 4169/4169/3986 4260/4260/3987
f 4078/4078/3899 4260/4260/3987 4170/4170/3900
f 4171/4171/3987 4261/4261/4072 4172/4172/3988
f 4171/4171/3987 4172/4172/3988 4081/4081/3901
f 4262/4262/4073 4263/4263/4074 4173/4173/3989
f 4262/4262/4073 4173/4173/3989 4172/4172/3988
f 4174/4174/3990 4082/4082/3902 4173/4173/3989
f 4174/4174/3990 4173/4173/3989 4264/4264/4075
f 4175/4175/3991 4083/4083/3903 4174/4174/3990
f 4175/4175/3991 4174/4174/3990 4265/4265/4076
f 4176/4176/3992 4084/4084/3904 4175/4175/3991
f 4176/4176/3992 4175/4175/3991 4266/4266/4077
f 4177/4177/3993 4085/4085/3905 4176/4176/3992
f 4177/4177/3993 4176/4176/3992 4267/4267/4078
f 4268/4268/3994 4178/4178/3906 4177/4177/3993
f 4268/4268/3994 4177/4177/3993 4269/4269/4079
f 4088/4088/3907 4179/4179/3994 4270/4270/4080
f 4088/4088/3907 4270/4270/4080 4180/4180/3995
f 4180/4180/3995 4271/4271/4081 4181/4181/3996
f 4180/4180/3995 4181/4181/3996 4089/4089/3908
f 4090/4090/3909 4181/4181/3996 4272/4272/4082
f 4090/4090/3909 4272/4272/4082 4182/4182/3997
f 4091/4091/3910 4182/4182/3997 4273/4273/4083
f 4091/4091/3910 4273/4273/4083 4183/4183/3998
f 4092/4092/3911 4183/4183/3998 4274/4274/4084
f 4092/4092/3911 4274/4274/4084 4184/4184/3999
f 4093/4093/3912 4184/4184/3999 4275/4275/4085
f 4093/4093/3912 4275/4275/4085 4185/4185/4000
f 4094/4094/3913 4185/4185/4000 4276/4276/4086
f 4094/4094/3913 4276/4276/4086 4186/4186/4001
f 4187/4187/4002 4095/4095/3914 4186/4186/4001
f 4187/4187/4002 4186/4186/4001 4277/4277/4087
f 4187/4187/4002 4278/4278/4088 4188/4188/4003
f 4187/4187/4002 4188/4188/4003 4096/4096/3915
f 4097/4097/3916 4188/4188/4003 4279/4279/4089
f 4097/4097/3916 4279/4279/4089 4189/4189/4004
f 4190/4190/4005 4098/4098/3917 4189/4189/4004
f 4190/4190/4005 4189/4189/4004 4280/4280/4090
f 4191/4191/4006 4099/4099/3918 4190/4190/4005
f 4191/4191/4006 4190/4190/4005 4281/4281/4091
f 4191/4191/4006 4282/4282/4092 4192/4192/4007
f 4191/4191/4006 4192/4192/4007 4100/4100/3919
f 4101/4101/3920 4192/4192/4007 4283/4283/4093
f 4101/4101/3920 4283/4283/4093 4193/4193/4008
f 4194/4194/4009 4102/4102/3921 4193/4193/4008
f 4194/4194/4009 4193/4193/4008 4284/4284/4094
f 4194/4194/4009 4285/4285/4095 4195/4195/4010
f 4194/4194/4009 4195/4195/4010 4103/4103/3922
f 4196/4196/4011 4104/4104/3923 4195/4195/4010
f 4196/4196/4011 4195/4195/4010 4286/4286/4096
f 4105/4105/3924 4196/4196/4011 4287/4287/4097
f 4105/4105/3924 4287/4287/4097 4197/4197/4012
f 4198/4198/4013 4106/4106/3925 4197/4197/4012
f 4198/4198/4013 4197/4197/4012 4288/4288/4098
f 4199/4199/4014 4107/4107/3926 4198/4198/4013
f 4199/4199/4014 4198/4198/4013 4289/4289/4099
f 4200/4200/4015 4108/4108/3927 4199/4199/4014
f 4200/4200/4015 4199/4199/4014 4290/4290/4100
f 4109/4109/3928 4200/4200/4015 4291/4291/4101
f 4109/4109/3928 4291/4291/4101 4201/4201/4016
f 4110/4110/3929 4201/4201/4016 4292/4292/3305
f 4110/4110/3929 4292/4292/3305 4202/4202/4017
f 4111/4111/3930 4202/4202/4017 4293/4293/4102
f 4111/4111/3930 4293/4293/4102 4203/4203/4018
f 4204/4204/4019 4112/4112/3931 4203/4203/4018
f 4204/4204/4019 4203/4203/4018 4294/4294/4103
f 4113/4113/3932 4204/4204/4019 4295/4295/4104
f 4113/4113/3932 4295/4295/4104 4205/4205/4020
f 4206/4206/3933 4296/4296/4020 4297/4297/4105
f 4206/4206/3933 4297/4297/4105 4207/4207/4021
f 4116/4116/3934 4207/4207/4021 4298/4298/4106
f 4116/4116/3934 4298/4298/4106 4208/4208/4022
f 4299/4299/4107 4209/4209/4023 4117/4117/3935
f 4299/4299/4107 4117/4117/3935 4208/4208/4022
f 4210/4210/4024 4118/4118/3936 4209/4209/4023
f 4210/4210/4024 4209/4209/4023 4300/4300/4108
f 4211/4211/4025 4119/4119/3937 4210/4210/4024
f 4211/4211/4025 4210/4210/4024 4301/4301/4109
f 4120/4120/3938 4211/4211/4025 4302/4302/4110
f 4120/4120/3938 4302/4302/4110 4212/4212/4026
f 4121/4121/3939 4212/4212/4026 4303/4303/4111
f 4121/4121/3939 4303/4303/4111 4213/4213/4027
f 4214/4214/4028 4122/4122/3940 4213/4213/4027
f 4214/4214/4028 4213/4213/4027 4304/4304/4112
f 4123/4123/3941 4214/4214/4028 4305/4305/4113
f 4123/4123/3941 4305/4305/4113 4215/4215/4029
f 4124/4124/3942 4215/4215/4029 4306/4306/4114
f 4124/4124/3942 4306/4306/4114 4216/4216/4030
f 4125/4125/3943 4216/4216/4030 4307/4307/4115
f 4125/4125/3943 4307/4307/4115 4217/4217/4031
f 4128/4128/3946 4218/4218/3944 4308/4308/4031
f 4128/4128/3946 4308/4308/4031 4219/4219/4032
f 4129/4129/3947 4219/4219/4032 4309/4309/4116
f 4129/4129/3947 4309/4309/4116 4220/4220/4033
f 4130/4130/3948 4220/4220/4033 4310/4310/4117
f 4130/4130/3948 4310/4310/4117 4221/4221/4034
f 4131/4131/3949 4221/4221/4034 4311/4311/4118
f 4131/4131/3949 4311/4311/4118 4222/4222/4035
f 4132/4132/3950 4222/4222/4035 4312/4312/4119
f 4132/4132/3950 4312/4312/4119 4223/4223/4036
f 4133/4133/3951 4223/4223/4036 4313/4313/4120
f 4133/4133/3951 4313/4313/4120 4224/4224/4037
f 4224/4224/4037 4314/4314/4121 4226/4226/4039
f 4224/4224/4037 4226/4226/4039 4134/4134/3952
f 4225/4225/4038 4226/4226/4039 4315/4315/4122
f 4225/4225/4038 4315/4315/4122 4316/4316/4123
f 4225/4225/4038 4316/4316/4123 4227/4227/4040
f 4225/4225/4038 4227/4227/4040 4136/4136/3954
f 4137/4137/3955 4227/4227/4040 4317/4317/4124
f 4137/4137/3955 4317/4317/4124 4228/4228/4041
f 4138/4138/3956 4228/4228/4041 4318/4318/4125
f 4138/4138/3956 4318/4318/4125 4229/4229/4042
f 4229/4229/4042 4319/4319/4126 4230/4230/4043
f 4229/4229/4042 4230/4230/4043 4139/4139/3957
f 4230/4230/4043 4320/4320/4127 4231/4231/4044
f 4230/4230/4043 4231/4231/4044 4140/4140/3958
f 4231/4231/4044 4321/4321/4128 4232/4232/4045
f 4231/4231/4044 4232/4232/4045 4141/4141/3959
f 4233/4233/4046 4142/4142/3960 4232/4232/4045
f 4233/4233/4046 4232/4232/4045 4322/4322/4129
f 4233/4233/4046 4323/4323/4130 4234/4234/4047
f 4233/4233/4046 4234/4234/4047 4143/4143/3961
f 4234/4234/4047 4324/4324/4131 4235/4235/4048
f 4234/4234/4047 4235/4235/4048 4144/4144/3962
f 4145/4145/3963 4235/4235/4048 4325/4325/4132
f 4145/4145/3963 4325/4325/4132 4236/4236/4049
f 4236/4236/4049 4326/4326/4133 4237/4237/4050
f 4236/4236/4049 4237/4237/4050 4146/4146/3964
f 4238/4238/4051 4147/4147/3965 4237/4237/4050
f 4238/4238/4051 4237/4237/4050 4327/4327/4134
f 4148/4148/3966 4238/4238/4051 4328/4328/4135
f 4148/4148/3966 4328/4328/4135 4239/4239/4052
f 4239/4239/4052 4329/4329/4136 4240/4240/4053
f 4239/4239/4052 4240/4240/4053 4149/4149/3967
f 4240/4240/4053 4330/4330/4137 4241/4241/4054
f 4240/4240/4053 4241/4241/4054 4150/4150/3968
f 4331/4331/4138 4242/4242/4055 4151/4151/3969
f 4331/4331/4138 4151/4151/3969 4241/4241/4054
f 4152/4152/3970 4242/4242/4055 4332/4332/4139
f 4152/4152/3970 4332/4332/4139 4243/4243/4056
f 4153/4153/3971 4243/4243/4056 4333/4333/4140
f 4153/4153/3971 4333/4333/4140 4244/4244/4057
f 4154/4154/3972 4244/4244/4057 4334/4334/4141
f 4154/4154/3972 4334/4334/4141 4245/4245/4058
f 4155/4155/3973 4245/4245/4058 4335/4335/4142
f 4155/4155/3973 4335/4335/4142 4246/4246/4059
f 4156/4156/3974 4246/4246/4059 4336/4336/4143
f 4156/4156/3974 4336/4336/4143 4247/4247/4060
f 4247/4247/4060 4337/4337/4144 4248/4248/4061
f 4247/4247/4060 4248/4248/4061 4157/4157/3975
f 4248/4248/4061 4338/4338/4145 4250/4250/4063
f 4248/4248/4061 4250/4250/4063 4158/4158/3976
f 4249/4249/4062 4250/4250/4063 4339/4339/4146
f 4249/4249/4062 4339/4339/4146 4340/4340/4147
f 4160/4160/3978 4249/4249/4062 4340/4340/4147
f 4160/4160/3978 4340/4340/4147 4251/4251/4064
f 4251/4251/4064 4341/4341/4148 4342/4342/4065
f 4251/4251/4064 4342/4342/4065 4252/4252/3979
f 4163/4163/3980 4253/4253/4065 4343/4343/4149
f 4163/4163/3980 4343/4343/4149 4254/4254/4066
f 4164/4164/3981 4254/4254/4066 4344/4344/4150
f 4164/4164/3981 4344/4344/4150 4255/4255/4067
f 4165/4165/3982 4255/4255/4067 4345/4345/4151
f 4165/4165/3982 4345/4345/4151 4256/4256/4068
f 4256/4256/4068 4346/4346/4152 4257/4257/4069
f 4256/4256/4068 4257/4257/4069 4166/4166/3983
f 4167/4167/3984 4257/4257/4069 4347/4347/4153
f 4167/4167/3984 4347/4347/4153 4258/4258/4070
f 4168/4168/3985 4258/4258/4070 4348/4348/4154
f 4168/4168/3985 4348/4348/4154 4259/4259/4071
f 4169/4169/3986 4259/4259/4071 4349/4349/4072
f 4169/4169/3986 4349/4349/4072 4260/4260/3987
f 4350/4350/4155 4262/4262/4073 4172/4172/3988
f 4350/4350/4155 4172/4172/3988 4261/4261/4072
f 4351/4351/4156 4352/4352/4157 4263/4263/4074
f 4351/4351/4156 4263/4263/4074 4262/4262/4073
f 4264/4264/4075 4173/4173/3989 4263/4263/4074
f 4264/4264/4075 4263/4263/4074 4353/4353/4158
f 4174/4174/3990 4264/4264/4075 4354/4354/4159
f 4174/4174/3990 4354/4354/4159 4265/4265/4076
f 4175/4175/3991 4265/4265/4076 4355/4355/4160
f 4175/4175/3991 4355/4355/4160 4266/4266/4077
f 4176/4176/3992 4266/4266/4077 4356/4356/4161
f 4176/4176/3992 4356/4356/4161 4267/4267/4078
f 4177/4177/3993 4267/4267/4078 4357/4357/4162
f 4177/4177/3993 4357/4357/4162 4269/4269/4079
f 4358/4358/4080 4268/4268/3994 4269/4269/4079
f 4358/4358/4080 4269/4269/4079 4359/4359/4163
f 4180/4180/3995 4270/4270/4080 4360/4360/4164
f 4180/4180/3995 4360/4360/4164 4271/4271/4081
f 4272/4272/4082 4181/4181/3996 4271/4271/4081
f 4272/4272/4082 4271/4271/4081 4361/4361/4165
f 4182/4182/3997 4272/4272/4082 4362/4362/4166
f 4182/4182/3997 4362/4362/4166 4273/4273/4083
f 4183/4183/3998 4273/4273/4083 4363/4363/4167
f 4183/4183/3998 4363/4363/4167 4274/4274/4084
f 4184/4184/3999 4274/4274/4084 4364/4364/4168
f 4184/4184/3999 4364/4364/4168 4275/4275/4085
f 4185/4185/4000 4275/4275/4085 4365/4365/4169
f 4185/4185/4000 4365/4365/4169 4276/4276/4086
f 4366/4366/4170 4277/4277/4087 4186/4186/4001
f 4366/4366/4170 4186/4186/4001 4276/4276/4086
f 4187/4187/4002 4277/4277/4087 4367/4367/4171
f 4187/4187/4002 4367/4367/4171 4278/4278/4088
f 4279/4279/4089 4188/4188/4003 4278/4278/4088
f 4279/4279/4089 4278/4278/4088 4368/4368/4172
f 4280/4280/4090 4189/4189/4004 4279/4279/4089
f 4280/4280/4090 4279/4279/4089 4369/4369/4173
f 4281/4281/4091 4190/4190/4005 4280/4280/4090
f 4281/4281/4091 4280/4280/4090 4370/4370/4174
f 4191/4191/4006 4281/4281/4091 4371/4371/4175
f 4191/4191/4006 4371/4371/4175 4282/4282/4092
f 4282/4282/4092 4372/4372/4176 4283/4283/4093
f 4282/4282/4092 4283/4283/4093 4192/4192/4007
f 4373/4373/4177 4284/4284/4094 4193/4193/4008
f 4373/4373/4177 4193/4193/4008 4283/4283/4093
f 4194/4194/4009 4284/4284/4094 4374/4374/4178
f 4194/4194/4009 4374/4374/4178 4285/4285/4095
f 4286/4286/4096 4195/4195/4010 4285/4285/4095
f 4286/4286/4096 4285/4285/4095 4375/4375/4179
f 4287/4287/4097 4196/4196/4011 4286/4286/4096
f 4287/4287/4097 4286/4286/4096 4376/4376/4180
f 4288/4288/4098 4197/4197/4012 4287/4287/4097
f 4288/4288/4098 4287/4287/4097 4377/4377/4181
f 4198/4198/4013 4288/4288/4098 4378/4378/4182
f 4198/4198/4013 4378/4378/4182 4289/4289/4099
f 4290/4290/4100 4199/4199/4014 4289/4289/4099
f 4290/4290/4100 4289/4289/4099 4379/4379/4183
f 4200/4200/4015 4290/4290/4100 4380/4380/4184
f 4200/4200/4015 4380/4380/4184 4291/4291/4101
f 4201/4201/4016 4291/4291/4101 4381/4381/4185
f 4201/4201/4016 4381/4381/4185 4292/4292/3305
f 4293/4293/4102 4202/4202/4017 4292/4292/3305
f 4293/4293/4102 4292/4292/3305 4382/4382/4186
f 4294/4294/4103 4203/4203/4018 4293/4293/4102
f 4294/4294/4103 4293/4293/4102 4383/4383/4187
f 4204/4204/4019 4294/4294/4103 4384/4384/4188
f 4204/4204/4019 4384/4384/4188 4295/4295/4104
f 4296/4296/4020 4385/4385/4104 4386/4386/4189
f 4296/4296/4020 4386/4386/4189 4297/4297/4105
f 4207/4207/4021 4297/4297/4105 4387/4387/4190
f 4207/4207/4021 4387/4387/4190 4298/4298/4106
f 4299/4299/4107 4208/4208/4022 4298/4298/4106
f 4299/4299/4107 4298/4298/4106 4388/4388/4191
f 4300/4300/4108 4209/4209/4023 4299/4299/4107
f 4300/4300/4108 4299/4299/4107 4389/4389/4192
f 4210/4210/4024 4300/4300/4108 4390/4390/4193
f 4210/4210/4024 4390/4390/4193 4301/4301/4109
f 4211/4211/4025 4301/4301/4109 4391/4391/4194
f 4211/4211/4025 4391/4391/4194 4302/4302/4110
f 4212/4212/4026 4302/4302/4110 4392/4392/4195
f 4212/4212/4026 4392/4392/4195 4303/4303/4111
f 4213/4213/4027 4303/4303/4111 4393/4393/4196
f 4213/4213/4027 4393/4393/4196 4304/4304/4112
f 4305/4305/4113 4214/4214/4028 4304/4304/4112
f 4305/4305/4113 4304/4304/4112 4394/4394/4197
f 4306/4306/4114 4215/4215/4029 4305/4305/4113
f 4306/4306/4114 4305/4305/4113 4395/4395/4198
f 4307/4307/4115 4216/4216/4030 4306/4306/4114
f 4307/4307/4115 4306/4306/4114 4396/4396/4199
f 4308/4308/4031 4397/4397/4115 4309/4309/4116
f 4308/4308/4031 4309/4309/4116 4219/4219/4032
f 4309/4309/4116 4398/4398/4200 4310/4310/4117
f 4309/4309/4116 4310/4310/4117 4220/4220/4033
f 4310/4310/4117 4399/4399/4201 4311/4311/4118
f 4310/4310/4117 4311/4311/4118 4221/4221/4034
f 4311/4311/4118 4400/4400/4202 4312/4312/4119
f 4311/4311/4118 4312/4312/4119 4222/4222/4035
f 4312/4312/4119 4401/4401/4203 4313/4313/4120
f 4312/4312/4119 4313/4313/4120 4223/4223/4036
f 4224/4224/4037 4313/4313/4120 4402/4402/4204
f 4224/4224/4037 4402/4402/4204 4314/4314/4121
f 4315/4315/4122 4226/4226/4039 4314/4314/4121
f 4315/4315/4122 4314/4314/4121 4403/4403/4205
f 4316/4316/4123 4315/4315/4122 4404/4404/4206
f 4316/4316/4123 4404/4404/4206 4405/4405/4207
f 4316/4316/4123 4405/4405/4207 4317/4317/4124
f 4316/4316/4123 4317/4317/4124 4227/4227/4040
f 4228/4228/4041 4317/4317/4124 4406/4406/4208
f 4228/4228/4041 4406/4406/4208 4318/4318/4125
f 4318/4318/4125 4407/4407/4209 4319/4319/4126
f 4318/4318/4125 4319/4319/4126 4229/4229/4042
f 4230/4230/4043 4319/4319/4126 4408/4408/4210
f 4230/4230/4043 4408/4408/4210 4320/4320/4127
f 4231/4231/4044 4320/4320/4127 4409/4409/4211
f 4231/4231/4044 4409/4409/4211 4321/4321/4128
f 4321/4321/4128 4410/4410/4212 4322/4322/4129
f 4321/4321/4128 4322/4322/4129 4232/4232/4045
f 4233/4233/4046 4322/4322/4129 4411/4411/4213
f 4233/4233/4046 4411/4411/4213 4323/4323/4130
f 4323/4323/4130 4412/4412/4214 4324/4324/4131
f 4323/4323/4130 4324/4324/4131 4234/4234/4047
f 4324/4324/4131 4413/4413/4215 4325/4325/4132
f 4324/4324/4131 4325/4325/4132 4235/4235/4048
f 4325/4325/4132 4414/4414/4216 4326/4326/4133
f 4325/4325/4132 4326/4326/4133 4236/4236/4049
f 4237/4237/4050 4326/4326/4133 4415/4415/4217
f 4237/4237/4050 4415/4415/4217 4327/4327/4134
f 4416/4416/4218 4328/4328/4135 4238/4238/4051
f 4416/4416/4218 4238/4238/4051 4327/4327/4134
f 4239/4239/4052 4328/4328/4135 4417/4417/4219
f 4239/4239/4052 4417/4417/4219 4329/4329/4136
f 4240/4240/4053 4329/4329/4136 4418/4418/4220
f 4240/4240/4053 4418/4418/4220 4330/4330/4137
f 4331/4331/4138 4241/4241/4054 4330/4330/4137
f 4331/4331/4138 4330/4330/4137 4419/4419/4221
f 4331/4331/4138 4420/4420/4222 4332/4332/4139
f 4331/4331/4138 4332/4332/4139 4242/4242/4055
f 4421/4421/3873 4333/4333/4140 4243/4243/4056
f 4421/4421/3873 4243/4243/4056 4332/4332/4139
f 4244/4244/4057 4333/4333/4140 4422/4422/4223
f 4244/4244/4057 4422/4422/4223 4334/4334/4141
f 4334/4334/4141 4423/4423/4224 4335/4335/4142
f 4334/4334/4141 4335/4335/4142 4245/4245/4058
f 4335/4335/4142 4424/4424/4225 4336/4336/4143
f 4335/4335/4142 4336/4336/4143 4246/4246/4059
f 4336/4336/4143 4425/4425/4226 4337/4337/4144
f 4336/4336/4143 4337/4337/4144 4247/4247/4060
f 4337/4337/4144 4426/4426/4227 4338/4338/4145
f 4337/4337/4144 4338/4338/4145 4248/4248/4061
f 4250/4250/4063 4338/4338/4145 4427/4427/4228
f 4250/4250/4063 4427/4427/4228 4339/4339/4146
f 4339/4339/4146 4428/4428/4229 4429/4429/4230
f 4339/4339/4146 4429/4429/4230 4340/4340/4147
f 4251/4251/4064 4340/4340/4147 4429/4429/4230
f 4251/4251/4064 4429/4429/4230 4341/4341/4148
f 4341/4341/4148 4430/4430/4231 4431/4431/4149
f 4341/4341/4148 4431/4431/4149 4342/4342/4065
f 4254/4254/4066 4343/4343/4149 4432/4432/4232
f 4254/4254/4066 4432/4432/4232 4344/4344/4150
f 4255/4255/4067 4344/4344/4150 4433/4433/4233
f 4255/4255/4067 4433/4433/4233 4345/4345/4151
f 4256/4256/4068 4345/4345/4151 4434/4434/4234
f 4256/4256/4068 4434/4434/4234 4346/4346/4152
f 4257/4257/4069 4346/4346/4152 4435/4435/4235
f 4257/4257/4069 4435/4435/4235 4347/4347/4153
f 4347/4347/4153 4436/4436/4236 4348/4348/4154
f 4347/4347/4153 4348/4348/4154 4258/4258/4070
f 4348/4348/4154 4437/4437/4237 4349/4349/4072
f 4348/4348/4154 4349/4349/4072 4259/4259/4071
f 4350/4350/4155 4438/4438/4238 4351/4351/4156
f 4350/4350/4155 4351/4351/4156 4262/4262/4073
f 4351/4351/4156 4439/4439/4239 4440/4440/4240
f 4351/4351/4156 4440/4440/4240 4352/4352/4157
f 4263/4263/4074 4352/4352/4157 4441/4441/4241
f 4263/4263/4074 4441/4441/4241 4353/4353/4158
f 4264/4264/4075 4353/4353/4158 4442/4442/4242
f 4264/4264/4075 4442/4442/4242 4354/4354/4159
f 4265/4265/4076 4354/4354/4159 4443/4443/4243
f 4265/4265/4076 4443/4443/4243 4355/4355/4160
f 4266/4266/4077 4355/4355/4160 4444/4444/4244
f 4266/4266/4077 4444/4444/4244 4356/4356/4161
f 4267/4267/4078 4356/4356/4161 4445/4445/4245
f 4267/4267/4078 4445/4445/4245 4357/4357/4162
f 4269/4269/4079 4357/4357/4162 4446/4446/4246
f 4269/4269/4079 4446/4446/4246 4359/4359/4163
f 4358/4358/4080 4359/4359/4163 4447/4447/4247
f 4358/4358/4080 4447/4447/4247 4448/4448/4164
f 4361/4361/4165 4271/4271/4081 4360/4360/4164
f 4361/4361/4165 4360/4360/4164 4449/4449/4248
f 4272/4272/4082 4361/4361/4165 4450/4450/4249
f 4272/4272/4082 4450/4450/4249 4362/4362/4166
f 4363/4363/4167 4273/4273/4083 4362/4362/4166
f 4363/4363/4167 4362/4362/4166 4451/4451/4250
f 4363/4363/4167 4452/4452/4251 4364/4364/4168
f 4363/4363/4167 4364/4364/4168 4274/4274/4084
f 4365/4365/4169 4275/4275/4085 4364/4364/4168
f 4365/4365/4169 4364/4364/4168 4453/4453/4252
f 4365/4365/4169 4454/4454/4253 4366/4366/4170
f 4365/4365/4169 4366/4366/4170 4276/4276/4086
f 4367/4367/4171 4277/4277/4087 4366/4366/4170
f 4367/4367/4171 4366/4366/4170 4455/4455/4254
f 4367/4367/4171 4456/4456/4255 4368/4368/4172
f 4367/4367/4171 4368/4368/4172 4278/4278/4088
f 4279/4279/4089 4368/4368/4172 4457/4457/4256
f 4279/4279/4089 4457/4457/4256 4369/4369/4173
f 4280/4280/4090 4369/4369/4173 4458/4458/4257
f 4280/4280/4090 4458/4458/4257 4370/4370/4174
f 4371/4371/4175 4281/4281/4091 4370/4370/4174
f 4371/4371/4175 4370/4370/4174 4459/4459/4258
f 4282/4282/4092 4371/4371/4175 4460/4460/4259
f 4282/4282/4092 4460/4460/4259 4372/4372/4176
f 4373/4373/4177 4283/4283/4093 4372/4372/4176
f 4373/4373/4177 4372/4372/4176 4461/4461/4260
f 4373/4373/4177 4462/4462/4261 4374/4374/4178
f 4373/4373/4177 4374/4374/4178 4284/4284/4094
f 4285/4285/4095 4374/4374/4178 4463/4463/4262
f 4285/4285/4095 4463/4463/4262 4375/4375/4179
f 4376/4376/4180 4286/4286/4096 4375/4375/4179
f 4376/4376/4180 4375/4375/4179 4464/4464/4263
f 4377/4377/4181 4287/4287/4097 4376/4376/4180
f 4377/4377/4181 4376/4376/4180 4465/4465/4264
f 4288/4288/4098 4377/4377/4181 4466/4466/4265
f 4288/4288/4098 4466/4466/4265 4378/4378/4182
f 4289/4289/4099 4378/4378/4182 4467/4467/4266
f 4289/4289/4099 4467/4467/4266 4379/4379/4183
f 4290/4290/4100 4379/4379/4183 4468/4468/4267
f 4290/4290/4100 4468/4468/4267 4380/4380/4184
f 4381/4381/4185 4291/4291/4101 4380/4380/4184
f 4381/4381/4185 4380/4380/4184 4469/4469/4268
f 4381/4381/4185 4470/4470/4269 4382/4382/4186
f 4381/4381/4185 4382/4382/4186 4292/4292/3305
f 4383/4383/4187 4293/4293/4102 4382/4382/4186
f 4383/4383/4187 4382/4382/4186 4471/4471/4270
f 4294/4294/4103 4383/4383/4187 4472/4472/4271
f 4294/4294/4103 4472/4472/4271 4384/4384/4188
f 4385/4385/4104 4473/4473/4188 4474/4474/4272
f 4385/4385/4104 4474/4474/4272 4386/4386/4189
f 4387/4387/4190 4297/4297/4105 4386/4386/4189
f 4387/4387/4190 4386/4386/4189 4475/4475/4273
f 4388/4388/4191 4298/4298/4106 4387/4387/4190
f 4388/4388/4191 4387/4387/4190 4476/4476/4274
f 4299/4299/4107 4388/4388/4191 4477/4477/4275
f 4299/4299/4107 4477/4477/4275 4389/4389/4192
f 4390/4390/4193 4300/4300/4108 4389/4389/4192
f 4390/4390/4193 4389/4389/4192 4478/4478/4276
f 4391/4391/4194 4301/4301/4109 4390/4390/4193
f 4391/4391/4194 4390/4390/4193 4479/4479/4277
f 4392/4392/4195 4302/4302/4110 4391/4391/4194
f 4392/4392/4195 4391/4391/4194 4480/4480/4278
f 4393/4393/4196 4303/4303/4111 4392/4392/4195
f 4393/4393/4196 4392/4392/4195 4481/4481/4279
f 4394/4394/4197 4304/4304/4112 4393/4393/4196
f 4394/4394/4197 4393/4393/4196 4482/4482/4280
f 4305/4305/4113 4394/4394/4197 4483/4483/4281
f 4305/4305/4113 4483/4483/4281 4395/4395/4198
f 4396/4396/4199 4306/4306/4114 4395/4395/4198
f 4396/4396/4199 4395/4395/4198 4484/4484/4282
f 4309/4309/4116 4397/4397/4115 4485/4485/4199
f 4309/4309/4116 4485/4485/4199 4398/4398/4200
f 4310/4310/4117 4398/4398/4200 4486/4486/4283
f 4310/4310/4117 4486/4486/4283 4399/4399/4201
f 4399/4399/4201 4487/4487/4284 4400/4400/4202
f 4399/4399/4201 4400/4400/4202 4311/4311/4118
f 4400/4400/4202 4488/4488/4285 4401/4401/4203
f 4400/4400/4202 4401/4401/4203 4312/4312/4119
f 4401/4401/4203 4489/4489/4286 4402/4402/4204
f 4401/4401/4203 4402/4402/4204 4313/4313/4120
f 4490/4490/4287 4403/4403/4205 4314/4314/4121
f 4490/4490/4287 4314/4314/4121 4402/4402/4204
f 4491/4491/4288 4404/4404/4206 4315/4315/4122
f 4491/4491/4288 4315/4315/4122 4403/4403/4205
f 4405/4405/4207 4404/4404/4206 4492/4492/4289
f 4405/4405/4207 4492/4492/4289 4493/4493/4290
f 4405/4405/4207 4493/4493/4290 4406/4406/4208
f 4405/4405/4207 4406/4406/4208 4317/4317/4124
f 4318/4318/4125 4406/4406/4208 4494/4494/4291
f 4318/4318/4125 4494/4494/4291 4407/4407/4209
f 4407/4407/4209 4495/4495/4292 4408/4408/4210
f 4407/4407/4209 4408/4408/4210 4319/4319/4126
f 4320/4320/4127 4408/4408/4210 4496/4496/4293
f 4320/4320/4127 4496/4496/4293 4409/4409/4211
f 4321/4321/4128 4409/4409/4211 4497/4497/4294
f 4321/4321/4128 4497/4497/4294 4410/4410/4212
f 4411/4411/4213 4322/4322/4129 4410/4410/4212
f 4411/4411/4213 4410/4410/4212 4498/4498/4295
f 4323/4323/4130 4411/4411/4213 4499/4499/4296
f 4323/4323/4130 4499/4499/4296 4412/4412/4214
f 4324/4324/4131 4412/4412/4214 4500/4500/4297
f 4324/4324/4131 4500/4500/4297 4413/4413/4215
f 4413/4413/4215 4501/4501/4298 4414/4414/4216
f 4413/4413/4215 4414/4414/4216 4325/4325/4132
f 4414/4414/4216 4502/4502/4299 4415/4415/4217
f 4414/4414/4216 4415/4415/4217 4326/4326/4133
f 4416/4416/4218 4327/4327/4134 4415/4415/4217
f 4416/4416/4218 4415/4415/4217 4503/4503/4300
f 4417/4417/4219 4328/4328/4135 4416/4416/4218
f 4417/4417/4219 4416/4416/4218 4504/4504/4301
f 4417/4417/4219 4505/4505/4302 4418/4418/4220
f 4417/4417/4219 4418/4418/4220 4329/4329/4136
f 4418/4418/4220 4506/4506/4303 4419/4419/4221
f 4418/4418/4220 4419/4419/4221 4330/4330/4137
f 4331/4331/4138 4419/4419/4221 4507/4507/4304
f 4331/4331/4138 4507/4507/4304 4420/4420/4222
f 4508/4508/4305 4421/4421/3873 4332/4332/4139
f 4508/4508/4305 4332/4332/4139 4420/4420/4222
f 4422/4422/4223 4333/4333/4140 4421/4421/3873
f 4422/4422/4223 4421/4421/3873 4509/4509/4306
f 4334/4334/4141 4422/4422/4223 4510/4510/4307
f 4334/4334/4141 4510/4510/4307 4423/4423/4224
f 4423/4423/4224 4511/4511/4308 4424/4424/4225
f 4423/4423/4224 4424/4424/4225 4335/4335/4142
f 4336/4336/4143 4424/4424/4225 4512/4512/4309
f 4336/4336/4143 4512/4512/4309 4425/4425/4226
f 4425/4425/4226 4513/4513/4310 4426/4426/4227
f 4425/4425/4226 4426/4426/4227 4337/4337/4144
f 4426/4426/4227 4514/4514/4311 4427/4427/4228
f 4426/4426/4227 4427/4427/4228 4338/4338/4145
f 4427/4427/4228 4515/4515/4312 4428/4428/4229
f 4427/4427/4228 4428/4428/4229 4339/4339/4146
f 4428/4428/4229 4516/4516/4313 4517/4517/4314
f 4428/4428/4229 4517/4517/4314 4429/4429/4230
f 4341/4341/4148 4429/4429/4230 4517/4517/4314
f 4341/4341/4148 4517/4517/4314 4430/4430/4231
f 4431/4431/4149 4430/4430/4231 4518/4518/4315
f 4431/4431/4149 4518/4518/4315 4519/4519/4232
f 4344/4344/4150 4432/4432/4232 4520/4520/4316
f 4344/4344/4150 4520/4520/4316 4433/4433/4233
f 4433/4433/4233 4521/4521/4317 4434/4434/4234
f 4433/4433/4233 4434/4434/4234 4345/4345/4151
f 4346/4346/4152 4434/4434/4234 4522/4522/4318
f 4346/4346/4152 4522/4522/4318 4435/4435/4235
f 4347/4347/4153 4435/4435/4235 4523/4523/4319
f 4347/4347/4153 4523/4523/4319 4436/4436/4236
f 4348/4348/4154 4436/4436/4236 4524/4524/4238
f 4348/4348/4154 4524/4524/4238 4437/4437/4237
f 4525/4525/4320 4439/4439/4239 4351/4351/4156
f 4525/4525/4320 4351/4351/4156 4438/4438/4238
f 4439/4439/4239 4526/4526/4321 4527/4527/4322
f 4439/4439/4239 4527/4527/4322 4440/4440/4240
f 4352/4352/4157 4440/4440/4240 4528/4528/4323
f 4352/4352/4157 4528/4528/4323 4441/4441/4241
f 4442/4442/4242 4353/4353/4158 4441/4441/4241
f 4442/4442/4242 4441/4441/4241 4529/4529/4324
f 4354/4354/4159 4442/4442/4242 4530/4530/4325
f 4354/4354/4159 4530/4530/4325 4443/4443/4243
f 4444/4444/4244 4355/4355/4160 4443/4443/4243
f 4444/4444/4244 4443/4443/4243 4531/4531/4326
f 4445/4445/4245 4356/4356/4161 4444/4444/4244
f 4445/4445/4245 4444/4444/4244 4532/4532/4327
f 4357/4357/4162 4445/4445/4245 4533/4533/4328
f 4357/4357/4162 4533/4533/4328 4446/4446/4246
f 4359/4359/4163 4446/4446/4246 4534/4534/4329
f 4359/4359/4163 4534/4534/4329 4447/4447/4247
f 4448/4448/4164 4447/4447/4247 4535/4535/4330
f 4448/4448/4164 4535/4535/4330 4536/4536/4248
f 4361/4361/4165 4449/4449/4248 4537/4537/4331
f 4361/4361/4165 4537/4537/4331 4450/4450/4249
f 4362/4362/4166 4450/4450/4249 4538/4538/4332
f 4362/4362/4166 4538/4538/4332 4451/4451/4250
f 4363/4363/4167 4451/4451/4250 4539/4539/4333
f 4363/4363/4167 4539/4539/4333 4452/4452/4251
f 4540/4540/4334 4453/4453/4252 4364/4364/4168
f 4540/4540/4334 4364/4364/4168 4452/4452/4251
f 4365/4365/4169 4453/4453/4252 4541/4541/4335
f 4365/4365/4169 4541/4541/4335 4454/4454/4253
f 4455/4455/4254 4366/4366/4170 4454/4454/4253
f 4455/4455/4254 4454/4454/4253 4542/4542/4336
f 4367/4367/4171 4455/4455/4254 4543/4543/4337
f 4367/4367/4171 4543/4543/4337 4456/4456/4255
f 4457/4457/4256 4368/4368/4172 4456/4456/4255
f 4457/4457/4256 4456/4456/4255 4544/4544/4338
f 4369/4369/4173 4457/4457/4256 4545/4545/4339
f 4369/4369/4173 4545/4545/4339 4458/4458/4257
f 4458/4458/4257 4546/4546/4340 4459/4459/4258
f 4458/4458/4257 4459/4459/4258 4370/4370/4174
f 4371/4371/4175 4459/4459/4258 4547/4547/4341
f 4371/4371/4175 4547/4547/4341 4460/4460/4259
f 4372/4372/4176 4460/4460/4259 4548/4548/4342
f 4372/4372/4176 4548/4548/4342 4461/4461/4260
f 4373/4373/4177 4461/4461/4260 4549/4549/4343
f 4373/4373/4177 4549/4549/4343 4462/4462/4261
f 4463/4463/4262 4374/4374/4178 4462/4462/4261
f 4463/4463/4262 4462/4462/4261 4550/4550/4344
f 4464/4464/4263 4375/4375/4179 4463/4463/4262
f 4464/4464/4263 4463/4463/4262 4551/4551/4345
f 4376/4376/4180 4464/4464/4263 4552/4552/4346
f 4376/4376/4180 4552/4552/4346 4465/4465/4264
f 4377/4377/4181 4465/4465/4264 4553/4553/4347
f 4377/4377/4181 4553/4553/4347 4466/4466/4265
f 4466/4466/4265 4554/4554/4348 4467/4467/4266
f 4466/4466/4265 4467/4467/4266 4378/4378/4182
f 4379/4379/4183 4467/4467/4266 4555/4555/4349
f 4379/4379/4183 4555/4555/4349 4468/4468/4267
f 4380/4380/4184 4468/4468/4267 4556/4556/4350
f 4380/4380/4184 4556/4556/4350 4469/4469/4268
f 4381/4381/4185 4469/4469/4268 4557/4557/4351
f 4381/4381/4185 4557/4557/4351 4470/4470/4269
f 4470/4470/4269 4558/4558/4352 4471/4471/4270
f 4470/4470/4269 4471/4471/4270 4382/4382/4186
f 4472/4472/4271 4383/4383/4187 4471/4471/4270
f 4472/4472/4271 4471/4471/4270 4559/4559/4353
f 4474/4474/4272 4473/4473/4188 4560/4560/4271
f 4474/4474/4272 4560/4560/4271 4561/4561/4354
f 4475/4475/4273 4386/4386/4189 4474/4474/4272
f 4475/4475/4273 4474/4474/4272 4562/4562/4355
f 4387/4387/4190 4475/4475/4273 4563/4563/4356
f 4387/4387/4190 4563/4563/4356 4476/4476/4274
f 4388/4388/4191 4476/4476/4274 4564/4564/4357
f 4388/4388/4191 4564/4564/4357 4477/4477/4275
f 4389/4389/4192 4477/4477/4275 4565/4565/4358
f 4389/4389/4192 4565/4565/4358 4478/4478/4276
f 4479/4479/4277 4390/4390/4193 4478/4478/4276
f 4479/4479/4277 4478/4478/4276 4566/4566/4359
f 4391/4391/4194 4479/4479/4277 4567/4567/4360
f 4391/4391/4194 4567/4567/4360 4480/4480/4278
f 4392/4392/4195 4480/4480/4278 4568/4568/4361
f 4392/4392/4195 4568/4568/4361 4481/4481/4279
f 4482/4482/4280 4393/4393/4196 4481/4481/4279
f 4482/4482/4280 4481/4481/4279 4569/4569/4362
f 4483/4483/4281 4394/4394/4197 4482/4482/4280
f 4483/4483/4281 4482/4482/4280 4570/4570/4363
f 4395/4395/4198 4483/4483/4281 4571/4571/4364
f 4395/4395/4198 4571/4571/4364 4484/4484/4282
f 4398/4398/4200 4485/4485/4199 4572/4572/4365
f 4398/4398/4200 4572/4572/4365 4486/4486/4283
f 4399/4399/4201 4486/4486/4283 4573/4573/4366
f 4399/4399/4201 4573/4573/4366 4487/4487/4284
f 4400/4400/4202 4487/4487/4284 4574/4574/4367
f 4400/4400/4202 4574/4574/4367 4488/4488/4285
f 4401/4401/4203 4488/4488/4285 4575/4575/4368
f 4401/4401/4203 4575/4575/4368 4489/4489/4286
f 4489/4489/4286 4576/4576/4369 4490/4490/4287
f 4489/4489/4286 4490/4490/4287 4402/4402/4204
f 4490/4490/4287 4577/4577/4370 4491/4491/4288
f 4490/4490/4287 4491/4491/4288 4403/4403/4205
f 4491/4491/4288 4578/4578/4371 4492/4492/4289
f 4491/4491/4288 4492/4492/4289 4404/4404/4206
f 4579/4579/4372 4493/4493/4290 4492/4492/4289
f 4579/4579/4372 4492/4492/4289 4580/4580/4373
f 4579/4579/4372 4494/4494/4291 4406/4406/4208
f 4579/4579/4372 4406/4406/4208 4493/4493/4290
f 4407/4407/4209 4494/4494/4291 4581/4581/4374
f 4407/4407/4209 4581/4581/4374 4495/4495/4292
f 4495/4495/4292 4582/4582/4375 4496/4496/4293
f 4495/4495/4292 4496/4496/4293 4408/4408/4210
f 4497/4497/4294 4409/4409/4211 4496/4496/4293
f 4497/4497/4294 4496/4496/4293 4583/4583/4376
f 4497/4497/4294 4584/4584/4377 4498/4498/4295
f 4497/4497/4294 4498/4498/4295 4410/4410/4212
f 4411/4411/4213 4498/4498/4295 4585/4585/4378
f 4411/4411/4213 4585/4585/4378 4499/4499/4296
f 4499/4499/4296 4586/4586/4379 4500/4500/4297
f 4499/4499/4296 4500/4500/4297 4412/4412/4214
f 4500/4500/4297 4587/4587/4380 4501/4501/4298
f 4500/4500/4297 4501/4501/4298 4413/4413/4215
f 4414/4414/4216 4501/4501/4298 4588/4588/4381
f 4414/4414/4216 4588/4588/4381 4502/4502/4299
f 4415/4415/4217 4502/4502/4299 4589/4589/4382
f 4415/4415/4217 4589/4589/4382 4503/4503/4300
f 4590/4590/4383 4504/4504/4301 4416/4416/4218
f 4590/4590/4383 4416/4416/4218 4503/4503/4300
f 4417/4417/4219 4504/4504/4301 4591/4591/4384
f 4417/4417/4219 4591/4591/4384 4505/4505/4302
f 4418/4418/4220 4505/4505/4302 4592/4592/4385
f 4418/4418/4220 4592/4592/4385 4506/4506/4303
f 4506/4506/4303 4593/4593/4386 4507/4507/4304
f 4506/4506/4303 4507/4507/4304 4419/4419/4221
f 4508/4508/4305 4420/4420/4222 4507/4507/4304
f 4508/4508/4305 4507/4507/4304 4594/4594/4387
f 4508/4508/4305 4595/4595/4388 4509/4509/4306
f 4508/4508/4305 4509/4509/4306 4421/4421/3873
f 4422/4422/4223 4509/4509/4306 4596/4596/4389
f 4422/4422/4223 4596/4596/4389 4510/4510/4307
f 4423/4423/4224 4510/4510/4307 4597/4597/4390
f 4423/4423/4224 4597/4597/4390 4511/4511/4308
f 4598/4598/4391 4512/4512/4309 4424/4424/4225
f 4598/4598/4391 4424/4424/4225 4511/4511/4308
f 4425/4425/4226 4512/4512/4309 4599/4599/4392
f 4425/4425/4226 4599/4599/4392 4513/4513/4310
f 4513/4513/4310 4600/4600/4393 4514/4514/4311
f 4513/4513/4310 4514/4514/4311 4426/4426/4227
f 4514/4514/4311 4601/4601/4394 4515/4515/4312
f 4514/4514/4311 4515/4515/4312 4427/4427/4228
f 4428/4428/4229 4515/4515/4312 4602/4602/4395
f 4428/4428/4229 4602/4602/4395 4516/4516/4313
f 4517/4517/4314 4516/4516/4313 4603/4603/4396
f 4517/4517/4314 4603/4603/4396 4604/4604/4397
f 4517/4517/4314 4604/4604/4397 4518/4518/4315
f 4517/4517/4314 4518/4518/4315 4430/4430/4231
f 4519/4519/4232 4518/4518/4315 4605/4605/4398
f 4519/4519/4232 4605/4605/4398 4606/4606/4316
f 4433/4433/4233 4520/4520/4316 4607/4607/4399
f 4433/4433/4233 4607/4607/4399 4521/4521/4317
f 4521/4521/4317 4608/4608/4400 4522/4522/4318
f 4521/4521/4317 4522/4522/4318 4434/4434/4234
f 4522/4522/4318 4609/4609/4401 4523/4523/4319
f 4522/4522/4318 4523/4523/4319 4435/4435/4235
f 4523/4523/4319 4610/4610/4320 4524/4524/4238
f 4523/4523/4319 4524/4524/4238 4436/4436/4236
f 4525/4525/4320 4611/4611/4402 4526/4526/4321
f 4525/4525/4320 4526/4526/4321 4439/4439/4239
f 4526/4526/4321 4612/4612/4403 4613/4613/4404
f 4526/4526/4321 4613/4613/4404 4527/4527/4322
f 4440/4440/4240 4527/4527/4322 4614/4614/4405
f 4440/4440/4240 4614/4614/4405 4528/4528/4323
f 4529/4529/4324 4441/4441/4241 4528/4528/4323
f 4529/4529/4324 4528/4528/4323 4615/4615/4406
f 4530/4530/4325 4442/4442/4242 4529/4529/4324
f 4530/4530/4325 4529/4529/4324 4616/4616/4407
f 4443/4443/4243 4530/4530/4325 4617/4617/4408
f 4443/4443/4243 4617/4617/4408 4531/4531/4326
f 4444/4444/4244 4531/4531/4326 4618/4618/4409
f 4444/4444/4244 4618/4618/4409 4532/4532/4327
f 4445/4445/4245 4532/4532/4327 4619/4619/4410
f 4445/4445/4245 4619/4619/4410 4533/4533/4328
f 4620/4620/4411 4534/4534/4329 4446/4446/4246
f 4620/4620/4411 4446/4446/4246 4533/4533/4328
f 4447/4447/4247 4534/4534/4329 4621/4621/4412
f 4447/4447/4247 4621/4621/4412 4535/4535/4330
f 4622/4622/4413 4536/4536/4248 4535/4535/4330
f 4622/4622/4413 4535/4535/4330 4623/4623/4414
f 4538/4538/4332 4450/4450/4249 4537/4537/4331
f 4538/4538/4332 4537/4537/4331 4624/4624/4415
f 4451/4451/4250 4538/4538/4332 4625/4625/4416
f 4451/4451/4250 4625/4625/4416 4539/4539/4333
f 4540/4540/4334 4452/4452/4251 4539/4539/4333
f 4540/4540/4334 4539/4539/4333 4626/4626/4417
f 4541/4541/4335 4453/4453/4252 4540/4540/4334
f 4541/4541/4335 4540/4540/4334 4627/4627/4418
f 4542/4542/4336 4454/4454/4253 4541/4541/4335
f 4542/4542/4336 4541/4541/4335 4628/4628/4419
f 4455/4455/4254 4542/4542/4336 4629/4629/4420
f 4455/4455/4254 4629/4629/4420 4543/4543/4337
f 4544/4544/4338 4456/4456/4255 4543/4543/4337
f 4544/4544/4338 4543/4543/4337 4630/4630/4421
f 4457/4457/4256 4544/4544/4338 4631/4631/4422
f 4457/4457/4256 4631/4631/4422 4545/4545/4339
f 4458/4458/4257 4545/4545/4339 4632/4632/4423
f 4458/4458/4257 4632/4632/4423 4546/4546/4340
f 4547/4547/4341 4459/4459/4258 4546/4546/4340
f 4547/4547/4341 4546/4546/4340 4633/4633/4424
f 4548/4548/4342 4460/4460/4259 4547/4547/4341
f 4548/4548/4342 4547/4547/4341 4634/4634/4425
f 4549/4549/4343 4461/4461/4260 4548/4548/4342
f 4549/4549/4343 4548/4548/4342 4635/4635/4426
f 4550/4550/4344 4462/4462/4261 4549/4549/4343
f 4550/4550/4344 4549/4549/4343 4636/4636/4427
f 4463/4463/4262 4550/4550/4344 4637/4637/4428
f 4463/4463/4262 4637/4637/4428 4551/4551/4345
f 4464/4464/4263 4551/4551/4345 4638/4638/4429
f 4464/4464/4263 4638/4638/4429 4552/4552/4346
f 4552/4552/4346 4639/4639/4430 4553/4553/4347
f 4552/4552/4346 4553/4553/4347 4465/4465/4264
f 4466/4466/4265 4553/4553/4347 4640/4640/4431
f 4466/4466/4265 4640/4640/4431 4554/4554/4348
f 4554/4554/4348 4641/4641/4432 4555/4555/4349
f 4554/4554/4348 4555/4555/4349 4467/4467/4266
f 4642/4642/4433 4556/4556/4350 4468/4468/4267
f 4642/4642/4433 4468/4468/4267 4555/4555/4349
f 4557/4557/4351 4469/4469/4268 4556/4556/4350
f 4557/4557/4351 4556/4556/4350 4643/4643/4434
f 4470/4470/4269 4557/4557/4351 4644/4644/4435
f 4470/4470/4269 4644/4644/4435 4558/4558/4352
f 4559/4559/4353 4471/4471/4270 4558/4558/4352
f 4559/4559/4353 4558/4558/4352 4645/4645/4436
f 4560/4560/4271 4646/4646/4353 4647/4647/4437
f 4560/4560/4271 4647/4647/4437 4561/4561/4354
f 4474/4474/4272 4561/4561/4354 4648/4648/4438
f 4474/4474/4272 4648/4648/4438 4562/4562/4355
f 4475/4475/4273 4562/4562/4355 4649/4649/4439
f 4475/4475/4273 4649/4649/4439 4563/4563/4356
f 4564/4564/4357 4476/4476/4274 4563/4563/4356
f 4564/4564/4357 4563/4563/4356 4650/4650/4440
f 4477/4477/4275 4564/4564/4357 4651/4651/4441
f 4477/4477/4275 4651/4651/4441 4565/4565/4358
f 4566/4566/4359 4478/4478/4276 4565/4565/4358
f 4566/4566/4359 4565/4565/4358 4652/4652/4442
f 4479/4479/4277 4566/4566/4359 4653/4653/4443
f 4479/4479/4277 4653/4653/4443 4567/4567/4360
f 4568/4568/4361 4480/4480/4278 4567/4567/4360
f 4568/4568/4361 4567/4567/4360 4654/4654/4444
f 4569/4569/4362 4481/4481/4279 4568/4568/4361
f 4569/4569/4362 4568/4568/4361 4655/4655/4445
f 4482/4482/4280 4569/4569/4362 4656/4656/4446
f 4482/4482/4280 4656/4656/4446 4570/4570/4363
f 4483/4483/4281 4570/4570/4363 4657/4657/4447
f 4483/4483/4281 4657/4657/4447 4571/4571/4364
f 4486/4486/4283 4572/4572/4365 4658/4658/4448
f 4486/4486/4283 4658/4658/4448 4573/4573/4366
f 4487/4487/4284 4573/4573/4366 4659/4659/4449
f 4487/4487/4284 4659/4659/4449 4574/4574/4367
f 4488/4488/4285 4574/4574/4367 4660/4660/4450
f 4488/4488/4285 4660/4660/4450 4575/4575/4368
f 4489/4489/4286 4575/4575/4368 4661/4661/4451
f 4489/4489/4286 4661/4661/4451 4576/4576/4369
f 4576/4576/4369 4662/4662/4452 4577/4577/4370
f 4576/4576/4369 4577/4577/4370 4490/4490/4287
f 4491/4491/4288 4577/4577/4370 4663/4663/4453
f 4491/4491/4288 4663/4663/4453 4578/4578/4371
f 4578/4578/4371 4664/4664/4454 4580/4580/4373
f 4578/4578/4371 4580/4580/4373 4492/4492/4289
f 4579/4579/4372 4580/4580/4373 4665/4665/4455
f 4579/4579/4372 4665/4665/4455 4666/4666/4456
f 4579/4579/4372 4666/4666/4456 4581/4581/4374
f 4579/4579/4372 4581/4581/4374 4494/4494/4291
f 4495/4495/4292 4581/4581/4374 4667/4667/4457
f 4495/4495/4292 4667/4667/4457 4582/4582/4375
f 4582/4582/4375 4668/4668/4458 4583/4583/4376
f 4582/4582/4375 4583/4583/4376 4496/4496/4293
f 4497/4497/4294 4583/4583/4376 4669/4669/4459
f 4497/4497/4294 4669/4669/4459 4584/4584/4377
f 4498/4498/4295 4584/4584/4377 4670/4670/4460
f 4498/4498/4295 4670/4670/4460 4585/4585/4378
f 4499/4499/4296 4585/4585/4378 4671/4671/4461
f 4499/4499/4296 4671/4671/4461 4586/4586/4379
f 4586/4586/4379 4672/4672/4462 4587/4587/4380
f 4586/4586/4379 4587/4587/4380 4500/4500/4297
f 4673/4673/4463 4588/4588/4381 4501/4501/4298
f 4673/4673/4463 4501/4501/4298 4587/4587/4380
f 4589/4589/4382 4502/4502/4299 4588/4588/4381
f 4589/4589/4382 4588/4588/4381 4674/4674/4464
f 4590/4590/4383 4503/4503/4300 4589/4589/4382
f 4590/4590/4383 4589/4589/4382 4675/4675/4465
f 4590/4590/4383 4676/4676/4466 4591/4591/4384
f 4590/4590/4383 4591/4591/4384 4504/4504/4301
f 4591/4591/4384 4677/4677/4467 4592/4592/4385
f 4591/4591/4384 4592/4592/4385 4505/4505/4302
f 4592/4592/4385 4678/4678/2080 4593/4593/4386
f 4592/4592/4385 4593/4593/4386 4506/4506/4303
f 4594/4594/4387 4507/4507/4304 4593/4593/4386
f 4594/4594/4387 4593/4593/4386 4679/4679/4468
f 4508/4508/4305 4594/4594/4387 4680/4680/4469
f 4508/4508/4305 4680/4680/4469 4595/4595/4388
f 4509/4509/4306 4595/4595/4388 4681/4681/4470
f 4509/4509/4306 4681/4681/4470 4596/4596/4389
f 4596/4596/4389 4682/4682/4471 4597/4597/4390
f 4596/4596/4389 4597/4597/4390 4510/4510/4307
f 4597/4597/4390 4683/4683/4472 4598/4598/4391
f 4597/4597/4390 4598/4598/4391 4511/4511/4308
f 4598/4598/4391 4684/4684/4473 4599/4599/4392
f 4598/4598/4391 4599/4599/4392 4512/4512/4309
f 4513/4513/4310 4599/4599/4392 4685/4685/4474
f 4513/4513/4310 4685/4685/4474 4600/4600/4393
f 4514/4514/4311 4600/4600/4393 4686/4686/4475
f 4514/4514/4311 4686/4686/4475 4601/4601/4394
f 4601/4601/4394 4687/4687/4476 4602/4602/4395
f 4601/4601/4394 4602/4602/4395 4515/4515/4312
f 4602/4602/4395 4688/4688/4477 4603/4603/4396
f 4602/4602/4395 4603/4603/4396 4516/4516/4313
f 4604/4604/4397 4603/4603/4396 4689/4689/4478
f 4604/4604/4397 4689/4689/4478 4690/4690/4479
f 4604/4604/4397 4690/4690/4479 4605/4605/4398
f 4604/4604/4397 4605/4605/4398 4518/4518/4315
f 4606/4606/4316 4605/4605/4398 4691/4691/4480
f 4606/4606/4316 4691/4691/4480 4692/4692/4399
f 4521/4521/4317 4607/4607/4399 4693/4693/4481
f 4521/4521/4317 4693/4693/4481 4608/4608/4400
f 4522/4522/4318 4608/4608/4400 4694/4694/4482
f 4522/4522/4318 4694/4694/4482 4609/4609/4401
f 4523/4523/4319 4609/4609/4401 4695/4695/4402
f 4523/4523/4319 4695/4695/4402 4610/4610/4320
f 4611/4611/4402 4696/4696/4483 4612/4612/4403
f 4611/4611/4402 4612/4612/4403 4526/4526/4321
f 4697/4697/4484 4698/4698/4485 4613/4613/4404
f 4697/4697/4484 4613/4613/4404 4612/4612/4403
f 4527/4527/4322 4613/4613/4404 4699/4699/4486
f 4527/4527/4322 4699/4699/4486 4614/4614/4405
f 4528/4528/4323 4614/4614/4405 4700/4700/4487
f 4528/4528/4323 4700/4700/4487 4615/4615/4406
f 4529/4529/4324 4615/4615/4406 4701/4701/4488
f 4529/4529/4324 4701/4701/4488 4616/4616/4407
f 4617/4617/4408 4530/4530/4325 4616/4616/4407
f 4617/4617/4408 4616/4616/4407 4702/4702/4489
f 4531/4531/4326 4617/4617/4408 4703/4703/4490
f 4531/4531/4326 4703/4703/4490 4618/4618/4409
f 4532/4532/4327 4618/4618/4409 4704/4704/4491
f 4532/4532/4327 4704/4704/4491 4619/4619/4410
f 4620/4620/4411 4533/4533/4328 4619/4619/4410
f 4620/4620/4411 4619/4619/4410 4705/4705/4492
f 4621/4621/4412 4534/4534/4329 4620/4620/4411
f 4621/4621/4412 4620/4620/4411 4706/4706/4493
f 4535/4535/4330 4621/4621/4412 4707/4707/4494
f 4535/4535/4330 4707/4707/4494 4623/4623/4414
f 4708/4708/4415 4622/4622/4413 4623/4623/4414
f 4708/4708/4415 4623/4623/4414 4709/4709/4495
f 4625/4625/4416 4538/4538/4332 4624/4624/4415
f 4625/4625/4416 4624/4624/4415 4710/4710/4496
f 4626/4626/4417 4539/4539/4333 4625/4625/4416
f 4626/4626/4417 4625/4625/4416 4711/4711/4497
f 4540/4540/4334 4626/4626/4417 4712/4712/4498
f 4540/4540/4334 4712/4712/4498 4627/4627/4418
f 4628/4628/4419 4541/4541/4335 4627/4627/4418
f 4628/4628/4419 4627/4627/4418 4713/4713/4499
f 4542/4542/4336 4628/4628/4419 4714/4714/4500
f 4542/4542/4336 4714/4714/4500 4629/4629/4420
f 4630/4630/4421 4543/4543/4337 4629/4629/4420
f 4630/4630/4421 4629/4629/4420 4715/4715/4501
f 4544/4544/4338 4630/4630/4421 4716/4716/4502
f 4544/4544/4338 4716/4716/4502 4631/4631/4422
f 4632/4632/4423 4545/4545/4339 4631/4631/4422
f 4632/4632/4423 4631/4631/4422 4717/4717/4503
f 4546/4546/4340 4632/4632/4423 4718/4718/4504
f 4546/4546/4340 4718/4718/4504 4633/4633/4424
f 4547/4547/4341 4633/4633/4424 4719/4719/4505
f 4547/4547/4341 4719/4719/4505 4634/4634/4425
f 4548/4548/4342 4634/4634/4425 4720/4720/4506
f 4548/4548/4342 4720/4720/4506 4635/4635/4426
f 4549/4549/4343 4635/4635/4426 4721/4721/4507
f 4549/4549/4343 4721/4721/4507 4636/4636/4427
f 4550/4550/4344 4636/4636/4427 4722/4722/4508
f 4550/4550/4344 4722/4722/4508 4637/4637/4428
f 4638/4638/4429 4551/4551/4345 4637/4637/4428
f 4638/4638/4429 4637/4637/4428 4723/4723/4509
f 4552/4552/4346 4638/4638/4429 4724/4724/4510
f 4552/4552/4346 4724/4724/4510 4639/4639/4430
f 4725/4725/4511 4640/4640/4431 4553/4553/4347
f 4725/4725/4511 4553/4553/4347 4639/4639/4430
f 4726/4726/4512 4641/4641/4432 4554/4554/4348
f 4726/4726/4512 4554/4554/4348 4640/4640/4431
f 4642/4642/4433 4555/4555/4349 4641/4641/4432
f 4642/4642/4433 4641/4641/4432 4727/4727/4513
f 4642/4642/4433 4728/4728/4514 4643/4643/4434
f 4642/4642/4433 4643/4643/4434 4556/4556/4350
f 4644/4644/4435 4557/4557/4351 4643/4643/4434
f 4644/4644/4435 4643/4643/4434 4729/4729/4515
f 4645/4645/4436 4558/4558/4352 4644/4644/4435
f 4645/4645/4436 4644/4644/4435 4730/4730/4516
f 4646/4646/4353 4731/4731/4436 4732/4732/4517
f 4646/4646/4353 4732/4732/4517 4647/4647/4437
f 4561/4561/4354 4647/4647/4437 4733/4733/4518
f 4561/4561/4354 4733/4733/4518 4648/4648/4438
f 4562/4562/4355 4648/4648/4438 4734/4734/4519
f 4562/4562/4355 4734/4734/4519 4649/4649/4439
f 4650/4650/4440 4563/4563/4356 4649/4649/4439
f 4650/4650/4440 4649/4649/4439 4735/4735/4520
f 4564/4564/4357 4650/4650/4440 4736/4736/4521
f 4564/4564/4357 4736/4736/4521 4651/4651/4441
f 4652/4652/4442 4565/4565/4358 4651/4651/4441
f 4652/4652/4442 4651/4651/4441 4737/4737/4522
f 4566/4566/4359 4652/4652/4442 4738/4738/4523
f 4566/4566/4359 4738/4738/4523 4653/4653/4443
f 4654/4654/4444 4567/4567/4360 4653/4653/4443
f 4654/4654/4444 4653/4653/4443 4739/4739/4524
f 4568/4568/4361 4654/4654/4444 4740/4740/4525
f 4568/4568/4361 4740/4740/4525 4655/4655/4445
f 4569/4569/4362 4655/4655/4445 4741/4741/4526
f 4569/4569/4362 4741/4741/4526 4656/4656/4446
f 4657/4657/4447 4570/4570/4363 4656/4656/4446
f 4657/4657/4447 4656/4656/4446 4742/4742/4527
f 4658/4658/4448 4743/4743/4447 4659/4659/4449
f 4658/4658/4448 4659/4659/4449 4573/4573/4366
f 4659/4659/4449 4744/4744/4528 4660/4660/4450
f 4659/4659/4449 4660/4660/4450 4574/4574/4367
f 4575/4575/4368 4660/4660/4450 4745/4745/4529
f 4575/4575/4368 4745/4745/4529 4661/4661/4451
f 4576/4576/4369 4661/4661/4451 4746/4746/4530
f 4576/4576/4369 4746/4746/4530 4662/4662/4452
f 4747/4747/4531 4663/4663/4453 4577/4577/4370
f 4747/4747/4531 4577/4577/4370 4662/4662/4452
f 4578/4578/4371 4663/4663/4453 4748/4748/4532
f 4578/4578/4371 4748/4748/4532 4664/4664/4454
f 4580/4580/4373 4664/4664/4454 4749/4749/4533
f 4580/4580/4373 4749/4749/4533 4665/4665/4455
f 4666/4666/4456 4665/4665/4455 4750/4750/4534
f 4666/4666/4456 4750/4750/4534 4751/4751/4535
f 4581/4581/4374 4666/4666/4456 4751/4751/4535
f 4581/4581/4374 4751/4751/4535 4667/4667/4457
f 4667/4667/4457 4752/4752/4536 4668/4668/4458
f 4667/4667/4457 4668/4668/4458 4582/4582/4375
f 4583/4583/4376 4668/4668/4458 4753/4753/4537
f 4583/4583/4376 4753/4753/4537 4669/4669/4459
f 4669/4669/4459 4754/4754/4538 4670/4670/4460
f 4669/4669/4459 4670/4670/4460 4584/4584/4377
f 4755/4755/4539 4671/4671/4461 4585/4585/4378
f 4755/4755/4539 4585/4585/4378 4670/4670/4460
f 4586/4586/4379 4671/4671/4461 4756/4756/4540
f 4586/4586/4379 4756/4756/4540 4672/4672/4462
f 4673/4673/4463 4587/4587/4380 4672/4672/4462
f 4673/4673/4463 4672/4672/4462 4757/4757/4541
f 4673/4673/4463 4758/4758/4542 4674/4674/4464
f 4673/4673/4463 4674/4674/4464 4588/4588/4381
f 4675/4675/4465 4589/4589/4382 4674/4674/4464
f 4675/4675/4465 4674/4674/4464 4759/4759/4543
f 4590/4590/4383 4675/4675/4465 4760/4760/4544
f 4590/4590/4383 4760/4760/4544 4676/4676/4466
f 4591/4591/4384 4676/4676/4466 4761/4761/4545
f 4591/4591/4384 4761/4761/4545 4677/4677/4467
f 4592/4592/4385 4677/4677/4467 4762/4762/4546
f 4592/4592/4385 4762/4762/4546 4678/4678/2080
f 4678/4678/2080 4763/4763/4547 4679/4679/4468
f 4678/4678/2080 4679/4679/4468 4593/4593/4386
f 4594/4594/4387 4679/4679/4468 4764/4764/4548
f 4594/4594/4387 4764/4764/4548 4680/4680/4469
f 4595/4595/4388 4680/4680/4469 4765/4765/4549
f 4595/4595/4388 4765/4765/4549 4681/4681/4470
f 4596/4596/4389 4681/4681/4470 4766/4766/4550
f 4596/4596/4389 4766/4766/4550 4682/4682/4471
f 4597/4597/4390 4682/4682/4471 4767/4767/4551
f 4597/4597/4390 4767/4767/4551 4683/4683/4472
f 4598/4598/4391 4683/4683/4472 4768/4768/4552
f 4598/4598/4391 4768/4768/4552 4684/4684/4473
f 4684/4684/4473 4769/4769/4553 4685/4685/4474
f 4684/4684/4473 4685/4685/4474 4599/4599/4392
f 4600/4600/4393 4685/4685/4474 4770/4770/4554
f 4600/4600/4393 4770/4770/4554 4686/4686/4475
f 4601/4601/4394 4686/4686/4475 4771/4771/4555
f 4601/4601/4394 4771/4771/4555 4687/4687/4476
f 4602/4602/4395 4687/4687/4476 4772/4772/4556
f 4602/4602/4395 4772/4772/4556 4688/4688/4477
f 4688/4688/4477 4773/4773/4557 4689/4689/4478
f 4688/4688/4477 4689/4689/4478 4603/4603/4396
f 4690/4690/4479 4689/4689/4478 4774/4774/4558
f 4690/4690/4479 4774/4774/4558 4775/4775/4559
f 4690/4690/4479 4775/4775/4559 4691/4691/4480
f 4690/4690/4479 4691/4691/4480 4605/4605/4398
f 4691/4691/4480 4776/4776/4560 4777/4777/4561
f 4691/4691/4480 4777/4777/4561 4692/4692/4399
f 4608/4608/4400 4693/4693/4481 4778/4778/19
f 4608/4608/4400 4778/4778/19 4694/4694/4482
f 4609/4609/4401 4694/4694/4482 4779/4779/4562
f 4609/4609/4401 4779/4779/4562 4695/4695/4402
f 4696/4696/4483 4780/4780/21 4697/4697/4484
f 4696/4696/4483 4697/4697/4484 4612/4612/4403
f 4781/4781/4563 4782/4782/4564 4783/4783/4485
f 4781/4781/4563 4783/4783/4485 4784/4784/4484
f 4698/4698/4485 4785/4785/4565 4699/4699/4486
f 4698/4698/4485 4699/4699/4486 4613/4613/4404
f 4614/4614/4405 4699/4699/4486 4786/4786/4566
f 4614/4614/4405 4786/4786/4566 4700/4700/4487
f 4701/4701/4488 4615/4615/4406 4700/4700/4487
f 4701/4701/4488 4700/4700/4487 4787/4787/4567
f 4616/4616/4407 4701/4701/4488 4788/4788/4568
f 4616/4616/4407 4788/4788/4568 4702/4702/4489
f 4617/4617/4408 4702/4702/4489 4789/4789/4569
f 4617/4617/4408 4789/4789/4569 4703/4703/4490
f 4618/4618/4409 4703/4703/4490 4790/4790/4570
f 4618/4618/4409 4790/4790/4570 4704/4704/4491
f 4619/4619/4410 4704/4704/4491 4791/4791/4571
f 4619/4619/4410 4791/4791/4571 4705/4705/4492
f 4620/4620/4411 4705/4705/4492 4792/4792/4572
f 4620/4620/4411 4792/4792/4572 4706/4706/4493
f 4621/4621/4412 4706/4706/4493 4793/4793/4573
f 4621/4621/4412 4793/4793/4573 4707/4707/4494
f 4623/4623/4414 4707/4707/4494 4794/4794/4574
f 4623/4623/4414 4794/4794/4574 4709/4709/4495
f 4795/4795/4496 4708/4708/4415 4709/4709/4495
f 4795/4795/4496 4709/4709/4495 4796/4796/4575
f 4625/4625/4416 4710/4710/4496 4797/4797/4576
f 4625/4625/4416 4797/4797/4576 4711/4711/4497
f 4626/4626/4417 4711/4711/4497 4798/4798/4577
f 4626/4626/4417 4798/4798/4577 4712/4712/4498
f 4627/4627/4418 4712/4712/4498 4799/4799/4578
f 4627/4627/4418 4799/4799/4578 4713/4713/4499
f 4628/4628/4419 4713/4713/4499 4800/4800/4579
f 4628/4628/4419 4800/4800/4579 4714/4714/4500
f 4629/4629/4420 4714/4714/4500 4801/4801/4580
f 4629/4629/4420 4801/4801/4580 4715/4715/4501
f 4630/4630/4421 4715/4715/4501 4802/4802/4581
f 4630/4630/4421 4802/4802/4581 4716/4716/4502
f 4717/4717/4503 4631/4631/4422 4716/4716/4502
f 4717/4717/4503 4716/4716/4502 4803/4803/4582
f 4632/4632/4423 4717/4717/4503 4804/4804/4583
f 4632/4632/4423 4804/4804/4583 4718/4718/4504
f 4719/4719/4505 4633/4633/4424 4718/4718/4504
f 4719/4719/4505 4718/4718/4504 4805/4805/4584
f 4634/4634/4425 4719/4719/4505 4806/4806/4585
f 4634/4634/4425 4806/4806/4585 4720/4720/4506
f 4721/4721/4507 4635/4635/4426 4720/4720/4506
f 4721/4721/4507 4720/4720/4506 4807/4807/4586
f 4722/4722/4508 4636/4636/4427 4721/4721/4507
f 4722/4722/4508 4721/4721/4507 4808/4808/4587
f 4723/4723/4509 4637/4637/4428 4722/4722/4508
f 4723/4723/4509 4722/4722/4508 4809/4809/4588
f 4638/4638/4429 4723/4723/4509 4810/4810/4589
f 4638/4638/4429 4810/4810/4589 4724/4724/4510
f 4725/4725/4511 4639/4639/4430 4724/4724/4510
f 4725/4725/4511 4724/4724/4510 4811/4811/4590
f 4726/4726/4512 4640/4640/4431 4725/4725/4511
f 4726/4726/4512 4725/4725/4511 4812/4812/4591
f 4813/4813/4592 4727/4727/4513 4641/4641/4432
f 4813/4813/4592 4641/4641/4432 4726/4726/4512
f 4642/4642/4433 4727/4727/4513 4814/4814/4593
f 4642/4642/4433 4814/4814/4593 4728/4728/4514
f 4729/4729/4515 4643/4643/4434 4728/4728/4514
f 4729/4729/4515 4728/4728/4514 4815/4815/4594
f 4644/4644/4435 4729/4729/4515 4816/4816/4595
f 4644/4644/4435 4816/4816/4595 4730/4730/4516
f 4731/4731/4436 4817/4817/4516 4818/4818/4596
f 4731/4731/4436 4818/4818/4596 4732/4732/4517
f 4733/4733/4518 4647/4647/4437 4732/4732/4517
f 4733/4733/4518 4732/4732/4517 4819/4819/4597
f 4648/4648/4438 4733/4733/4518 4820/4820/4598
f 4648/4648/4438 4820/4820/4598 4734/4734/4519
f 4735/4735/4520 4649/4649/4439 4734/4734/4519
f 4735/4735/4520 4734/4734/4519 4821/4821/4599
f 4650/4650/4440 4735/4735/4520 4822/4822/4600
f 4650/4650/4440 4822/4822/4600 4736/4736/4521
f 4651/4651/4441 4736/4736/4521 4823/4823/4601
f 4651/4651/4441 4823/4823/4601 4737/4737/4522
f 4652/4652/4442 4737/4737/4522 4824/4824/4602
f 4652/4652/4442 4824/4824/4602 4738/4738/4523
f 4653/4653/4443 4738/4738/4523 4825/4825/4603
f 4653/4653/4443 4825/4825/4603 4739/4739/4524
f 4654/4654/4444 4739/4739/4524 4826/4826/4604
f 4654/4654/4444 4826/4826/4604 4740/4740/4525
f 4741/4741/4526 4655/4655/4445 4740/4740/4525
f 4741/4741/4526 4740/4740/4525 4827/4827/4605
f 4656/4656/4446 4741/4741/4526 4828/4828/4606
f 4656/4656/4446 4828/4828/4606 4742/4742/4527
f 4743/4743/4447 4829/4829/4607 4744/4744/4528
f 4743/4743/4447 4744/4744/4528 4659/4659/4449
f 4744/4744/4528 4830/4830/4608 4745/4745/4529
f 4744/4744/4528 4745/4745/4529 4660/4660/4450
f 4745/4745/4529 4831/4831/4609 4746/4746/4530
f 4745/4745/4529 4746/4746/4530 4661/4661/4451
f 4746/4746/4530 4832/4832/4610 4747/4747/4531
f 4746/4746/4530 4747/4747/4531 4662/4662/4452
f 4747/4747/4531 4833/4833/4611 4748/4748/4532
f 4747/4747/4531 4748/4748/4532 4663/4663/4453
f 4748/4748/4532 4834/4834/4612 4749/4749/4533
f 4748/4748/4532 4749/4749/4533 4664/4664/4454
f 4749/4749/4533 4835/4835/4613 4750/4750/4534
f 4749/4749/4533 4750/4750/4534 4665/4665/4455
f 4751/4751/4535 4750/4750/4534 4836/4836/4614
f 4751/4751/4535 4836/4836/4614 4837/4837/4615
f 4667/4667/4457 4751/4751/4535 4837/4837/4615
f 4667/4667/4457 4837/4837/4615 4752/4752/4536
f 4752/4752/4536 4838/4838/4616 4753/4753/4537
f 4752/4752/4536 4753/4753/4537 4668/4668/4458
f 4669/4669/4459 4753/4753/4537 4839/4839/4617
f 4669/4669/4459 4839/4839/4617 4754/4754/4538
f 4754/4754/4538 4840/4840/4618 4755/4755/4539
f 4754/4754/4538 4755/4755/4539 4670/4670/4460
f 4755/4755/4539 4841/4841/4619 4756/4756/4540
f 4755/4755/4539 4756/4756/4540 4671/4671/4461
f 4756/4756/4540 4842/4842/4620 4757/4757/4541
f 4756/4756/4540 4757/4757/4541 4672/4672/4462
f 4673/4673/4463 4757/4757/4541 4843/4843/4621
f 4673/4673/4463 4843/4843/4621 4758/4758/4542
f 4844/4844/4622 4759/4759/4543 4674/4674/4464
f 4844/4844/4622 4674/4674/4464 4758/4758/4542
f 4760/4760/4544 4675/4675/4465 4759/4759/4543
f 4760/4760/4544 4759/4759/4543 4845/4845/4623
f 4760/4760/4544 4846/4846/4624 4761/4761/4545
f 4760/4760/4544 4761/4761/4545 4676/4676/4466
f 4677/4677/4467 4761/4761/4545 4847/4847/4625
f 4677/4677/4467 4847/4847/4625 4762/4762/4546
f 4678/4678/2080 4762/4762/4546 4848/4848/4626
f 4678/4678/2080 4848/4848/4626 4763/4763/4547
f 4679/4679/4468 4763/4763/4547 4849/4849/4627
f 4679/4679/4468 4849/4849/4627 4764/4764/4548
f 4764/4764/4548 4850/4850/4628 4765/4765/4549
f 4764/4764/4548 4765/4765/4549 4680/4680/4469
f 4765/4765/4549 4851/4851/4629 4766/4766/4550
f 4765/4765/4549 4766/4766/4550 4681/4681/4470
f 4682/4682/4471 4766/4766/4550 4852/4852/4630
f 4682/4682/4471 4852/4852/4630 4767/4767/4551
f 4767/4767/4551 4853/4853/4631 4768/4768/4552
f 4767/4767/4551 4768/4768/4552 4683/4683/4472
f 4684/4684/4473 4768/4768/4552 4854/4854/4632
f 4684/4684/4473 4854/4854/4632 4769/4769/4553
f 4685/4685/4474 4769/4769/4553 4855/4855/4633
f 4685/4685/4474 4855/4855/4633 4770/4770/4554
f 4686/4686/4475 4770/4770/4554 4856/4856/4634
f 4686/4686/4475 4856/4856/4634 4771/4771/4555
f 4687/4687/4476 4771/4771/4555 4857/4857/4635
f 4687/4687/4476 4857/4857/4635 4772/4772/4556
f 4688/4688/4477 4772/4772/4556 4858/4858/4636
f 4688/4688/4477 4858/4858/4636 4773/4773/4557
f 4773/4773/4557 4859/4859/4637 4774/4774/4558
f 4773/4773/4557 4774/4774/4558 4689/4689/4478
f 4775/4775/4559 4774/4774/4558 4860/4860/4638
f 4775/4775/4559 4860/4860/4638 4861/4861/4639
f 4775/4775/4559 4861/4861/4639 4776/4776/4560
f 4775/4775/4559 4776/4776/4560 4691/4691/4480
f 4777/4777/4561 4776/4776/4560 20/20/20
f 4777/4777/4561 20/20/20 19/19/19
f 4778/4778/19 4862/4862/4640 4779/4779/4562
f 4778/4778/19 4779/4779/4562 4694/4694/4482
f 20/20/20 4781/4781/4563 4784/4784/4484
f 20/20/20 4784/4784/4484 21/21/21
f 4860/4860/4638 4782/4782/4564 4781/4781/4563
f 4860/4860/4638 4781/4781/4563 4861/4861/4639
f 4863/4863/4641 4864/4864/4565 4783/4783/4485
f 4863/4863/4641 4783/4783/4485 4782/4782/4564
f 4785/4785/4565 4865/4865/4642 4786/4786/4566
f 4785/4785/4565 4786/4786/4566 4699/4699/4486
f 4700/4700/4487 4786/4786/4566 4866/4866/4643
f 4700/4700/4487 4866/4866/4643 4787/4787/4567
f 4788/4788/4568 4701/4701/4488 4787/4787/4567
f 4788/4788/4568 4787/4787/4567 4867/4867/4644
f 4702/4702/4489 4788/4788/4568 4868/4868/4645
f 4702/4702/4489 4868/4868/4645 4789/4789/4569
f 4703/4703/4490 4789/4789/4569 4869/4869/4646
f 4703/4703/4490 4869/4869/4646 4790/4790/4570
f 4704/4704/4491 4790/4790/4570 4870/4870/4647
f 4704/4704/4491 4870/4870/4647 4791/4791/4571
f 4705/4705/4492 4791/4791/4571 4871/4871/4648
f 4705/4705/4492 4871/4871/4648 4792/4792/4572
f 4706/4706/4493 4792/4792/4572 4872/4872/4649
f 4706/4706/4493 4872/4872/4649 4793/4793/4573
f 4794/4794/4574 4707/4707/4494 4793/4793/4573
f 4794/4794/4574 4793/4793/4573 4873/4873/4650
f 4709/4709/4495 4794/4794/4574 4874/4874/4651
f 4709/4709/4495 4874/4874/4651 4796/4796/4575
f 4795/4795/4496 4796/4796/4575 4875/4875/4652
f 4795/4795/4496 4875/4875/4652 4876/4876/4576
f 4797/4797/4576 4877/4877/4653 4798/4798/4577
f 4797/4797/4576 4798/4798/4577 4711/4711/4497
f 4799/4799/4578 4712/4712/4498 4798/4798/4577
f 4799/4799/4578 4798/4798/4577 4878/4878/4654
f 4800/4800/4579 4713/4713/4499 4799/4799/4578
f 4800/4800/4579 4799/4799/4578 4879/4879/4655
f 4801/4801/4580 4714/4714/4500 4800/4800/4579
f 4801/4801/4580 4800/4800/4579 4880/4880/4656
f 4715/4715/4501 4801/4801/4580 4881/4881/4657
f 4715/4715/4501 4881/4881/4657 4802/4802/4581
f 4803/4803/4582 4716/4716/4502 4802/4802/4581
f 4803/4803/4582 4802/4802/4581 4882/4882/4658
f 4717/4717/4503 4803/4803/4582 4883/4883/4659
f 4717/4717/4503 4883/4883/4659 4804/4804/4583
f 4804/4804/4583 4884/4884/4660 4805/4805/4584
f 4804/4804/4583 4805/4805/4584 4718/4718/4504
f 4806/4806/4585 4719/4719/4505 4805/4805/4584
f 4806/4806/4585 4805/4805/4584 4885/4885/4661
f 4720/4720/4506 4806/4806/4585 4886/4886/4662
f 4720/4720/4506 4886/4886/4662 4807/4807/4586
f 4808/4808/4587 4721/4721/4507 4807/4807/4586
f 4808/4808/4587 4807/4807/4586 4887/4887/4663
f 4722/4722/4508 4808/4808/4587 4888/4888/4664
f 4722/4722/4508 4888/4888/4664 4809/4809/4588
f 4723/4723/4509 4809/4809/4588 4889/4889/4665
f 4723/4723/4509 4889/4889/4665 4810/4810/4589
f 4811/4811/4590 4724/4724/4510 4810/4810/4589
f 4811/4811/4590 4810/4810/4589 4890/4890/4666
f 4725/4725/4511 4811/4811/4590 4891/4891/4667
f 4725/4725/4511 4891/4891/4667 4812/4812/4591
f 4813/4813/4592 4726/4726/4512 4812/4812/4591
f 4813/4813/4592 4812/4812/4591 4892/4892/4668
f 4813/4813/4592 4893/4893/4669 4814/4814/4593
f 4813/4813/4592 4814/4814/4593 4727/4727/4513
f 4894/4894/4670 4815/4815/4594 4728/4728/4514
f 4894/4894/4670 4728/4728/4514 4814/4814/4593
f 4729/4729/4515 4815/4815/4594 4895/4895/4671
f 4729/4729/4515 4895/4895/4671 4816/4816/4595
f 4817/4817/4516 4896/4896/4595 4897/4897/4672
f 4817/4817/4516 4897/4897/4672 4818/4818/4596
f 4732/4732/4517 4818/4818/4596 4898/4898/4673
f 4732/4732/4517 4898/4898/4673 4819/4819/4597
f 4733/4733/4518 4819/4819/4597 4899/4899/4674
f 4733/4733/4518 4899/4899/4674 4820/4820/4598
f 4734/4734/4519 4820/4820/4598 4900/4900/4675
f 4734/4734/4519 4900/4900/4675 4821/4821/4599
f 4735/4735/4520 4821/4821/4599 4901/4901/4676
f 4735/4735/4520 4901/4901/4676 4822/4822/4600
f 4823/4823/4601 4736/4736/4521 4822/4822/4600
f 4823/4823/4601 4822/4822/4600 4902/4902/4677
f 4824/4824/4602 4737/4737/4522 4823/4823/4601
f 4824/4824/4602 4823/4823/4601 4903/4903/4678
f 4738/4738/4523 4824/4824/4602 4904/4904/4679
f 4738/4738/4523 4904/4904/4679 4825/4825/4603
f 4739/4739/4524 4825/4825/4603 4905/4905/4680
f 4739/4739/4524 4905/4905/4680 4826/4826/4604
f 4827/4827/4605 4740/4740/4525 4826/4826/4604
f 4827/4827/4605 4826/4826/4604 4906/4906/4681
f 4741/4741/4526 4827/4827/4605 4907/4907/4682
f 4741/4741/4526 4907/4907/4682 4828/4828/4606
f 4744/4744/4528 4829/4829/4607 4908/4908/4683
f 4744/4744/4528 4908/4908/4683 4830/4830/4608
f 4745/4745/4529 4830/4830/4608 4909/4909/4684
f 4745/4745/4529 4909/4909/4684 4831/4831/4609
f 4746/4746/4530 4831/4831/4609 4910/4910/4685
f 4746/4746/4530 4910/4910/4685 4832/4832/4610
f 4747/4747/4531 4832/4832/4610 4911/4911/4686
f 4747/4747/4531 4911/4911/4686 4833/4833/4611
f 4748/4748/4532 4833/4833/4611 4912/4912/4687
f 4748/4748/4532 4912/4912/4687 4834/4834/4612
f 4834/4834/4612 4913/4913/4688 4835/4835/4613
f 4834/4834/4612 4835/4835/4613 4749/4749/4533
f 4750/4750/4534 4835/4835/4613 4914/4914/4689
f 4750/4750/4534 4914/4914/4689 4836/4836/4614
f 4837/4837/4615 4836/4836/4614 4915/4915/4690
f 4837/4837/4615 4915/4915/4690 4916/4916/4691
f 4837/4837/4615 4916/4916/4691 4838/4838/4616
f 4837/4837/4615 4838/4838/4616 4752/4752/4536
f 4838/4838/4616 4917/4917/4692 4839/4839/4617
f 4838/4838/4616 4839/4839/4617 4753/4753/4537
f 4839/4839/4617 4918/4918/4693 4840/4840/4618
f 4839/4839/4617 4840/4840/4618 4754/4754/4538
f 4755/4755/4539 4840/4840/4618 4919/4919/4694
f 4755/4755/4539 4919/4919/4694 4841/4841/4619
f 4841/4841/4619 4920/4920/4695 4842/4842/4620
f 4841/4841/4619 4842/4842/4620 4756/4756/4540
f 4757/4757/4541 4842/4842/4620 4921/4921/4696
f 4757/4757/4541 4921/4921/4696 4843/4843/4621
f 4844/4844/4622 4758/4758/4542 4843/4843/4621
f 4844/4844/4622 4843/4843/4621 4922/4922/4697
f 4844/4844/4622 4923/4923/4698 4845/4845/4623
f 4844/4844/4622 4845/4845/4623 4759/4759/4543
f 4760/4760/4544 4845/4845/4623 4924/4924/4699
f 4760/4760/4544 4924/4924/4699 4846/4846/4624
f 4761/4761/4545 4846/4846/4624 4925/4925/4700
f 4761/4761/4545 4925/4925/4700 4847/4847/4625
f 4762/4762/4546 4847/4847/4625 4926/4926/4701
f 4762/4762/4546 4926/4926/4701 4848/4848/4626
f 4848/4848/4626 4927/4927/4702 4849/4849/4627
f 4848/4848/4626 4849/4849/4627 4763/4763/4547
f 4764/4764/4548 4849/4849/4627 4928/4928/4703
f 4764/4764/4548 4928/4928/4703 4850/4850/4628
f 4765/4765/4549 4850/4850/4628 4929/4929/4704
f 4765/4765/4549 4929/4929/4704 4851/4851/4629
f 4766/4766/4550 4851/4851/4629 4930/4930/4705
f 4766/4766/4550 4930/4930/4705 4852/4852/4630
f 4767/4767/4551 4852/4852/4630 4931/4931/4706
f 4767/4767/4551 4931/4931/4706 4853/4853/4631
f 4853/4853/4631 4932/4932/4707 4854/4854/4632
f 4853/4853/4631 4854/4854/4632 4768/4768/4552
f 4855/4855/4633 4769/4769/4553 4854/4854/4632
f 4855/4855/4633 4854/4854/4632 4933/4933/4708
f 4855/4855/4633 4934/4934/4709 4856/4856/4634
f 4855/4855/4633 4856/4856/4634 4770/4770/4554
f 4856/4856/4634 4935/4935/4710 4857/4857/4635
f 4856/4856/4634 4857/4857/4635 4771/4771/4555
f 4858/4858/4636 4772/4772/4556 4857/4857/4635
f 4858/4858/4636 4857/4857/4635 4936/4936/4711
f 4773/4773/4557 4858/4858/4636 4937/4937/4712
f 4773/4773/4557 4937/4937/4712 4859/4859/4637
f 4859/4859/4637 4938/4938/4713 4860/4860/4638
f 4859/4859/4637 4860/4860/4638 4774/4774/4558
f 4776/4776/4560 4861/4861/4639 4781/4781/4563
f 4776/4776/4560 4781/4781/4563 20/20/20
f 4938/4938/4713 4863/4863/4641 4782/4782/4564
f 4938/4938/4713 4782/4782/4564 4860/4860/4638
f 4863/4863/4641 4939/4939/4714 4940/4940/4642
f 4863/4863/4641 4940/4940/4642 4864/4864/4565
f 4786/4786/4566 4865/4865/4642 4941/4941/4715
f 4786/4786/4566 4941/4941/4715 4866/4866/4643
f 4787/4787/4567 4866/4866/4643 4942/4942/4716
f 4787/4787/4567 4942/4942/4716 4867/4867/4644
f 4788/4788/4568 4867/4867/4644 4943/4943/4717
f 4788/4788/4568 4943/4943/4717 4868/4868/4645
f 4789/4789/4569 4868/4868/4645 4944/4944/4718
f 4789/4789/4569 4944/4944/4718 4869/4869/4646
f 4870/4870/4647 4790/4790/4570 4869/4869/4646
f 4870/4870/4647 4869/4869/4646 4945/4945/4719
f 4871/4871/4648 4791/4791/4571 4870/4870/4647
f 4871/4871/4648 4870/4870/4647 4946/4946/4720
f 4792/4792/4572 4871/4871/4648 4947/4947/4721
f 4792/4792/4572 4947/4947/4721 4872/4872/4649
f 4793/4793/4573 4872/4872/4649 4948/4948/4722
f 4793/4793/4573 4948/4948/4722 4873/4873/4650
f 4794/4794/4574 4873/4873/4650 4949/4949/4723
f 4794/4794/4574 4949/4949/4723 4874/4874/4651
f 4796/4796/4575 4874/4874/4651 4950/4950/4724
f 4796/4796/4575 4950/4950/4724 4875/4875/4652
f 4876/4876/4576 4875/4875/4652 4951/4951/4725
f 4876/4876/4576 4951/4951/4725 4952/4952/4653
f 4878/4878/4654 4798/4798/4577 4877/4877/4653
f 4878/4878/4654 4877/4877/4653 4953/4953/4726
f 4799/4799/4578 4878/4878/4654 4954/4954/4727
f 4799/4799/4578 4954/4954/4727 4879/4879/4655
f 4800/4800/4579 4879/4879/4655 4955/4955/4728
f 4800/4800/4579 4955/4955/4728 4880/4880/4656
f 4881/4881/4657 4801/4801/4580 4880/4880/4656
f 4881/4881/4657 4880/4880/4656 4956/4956/4729
f 4802/4802/4581 4881/4881/4657 4957/4957/4730
f 4802/4802/4581 4957/4957/4730 4882/4882/4658
f 4803/4803/4582 4882/4882/4658 4958/4958/4731
f 4803/4803/4582 4958/4958/4731 4883/4883/4659
f 4804/4804/4583 4883/4883/4659 4959/4959/4732
f 4804/4804/4583 4959/4959/4732 4884/4884/4660
f 4885/4885/4661 4805/4805/4584 4884/4884/4660
f 4885/4885/4661 4884/4884/4660 4960/4960/4733
f 4806/4806/4585 4885/4885/4661 4961/4961/4734
f 4806/4806/4585 4961/4961/4734 4886/4886/4662
f 4887/4887/4663 4807/4807/4586 4886/4886/4662
f 4887/4887/4663 4886/4886/4662 4962/4962/4735
f 4808/4808/4587 4887/4887/4663 4963/4963/4736
f 4808/4808/4587 4963/4963/4736 4888/4888/4664
f 4809/4809/4588 4888/4888/4664 4964/4964/4737
f 4809/4809/4588 4964/4964/4737 4889/4889/4665
f 4810/4810/4589 4889/4889/4665 4965/4965/4738
f 4810/4810/4589 4965/4965/4738 4890/4890/4666
f 4811/4811/4590 4890/4890/4666 4966/4966/4739
f 4811/4811/4590 4966/4966/4739 4891/4891/4667
f 4812/4812/4591 4891/4891/4667 4967/4967/4740
f 4812/4812/4591 4967/4967/4740 4892/4892/4668
f 4813/4813/4592 4892/4892/4668 4968/4968/4741
f 4813/4813/4592 4968/4968/4741 4893/4893/4669
f 4894/4894/4670 4814/4814/4593 4893/4893/4669
f 4894/4894/4670 4893/4893/4669 4969/4969/4742
f 4895/4895/4671 4815/4815/4594 4894/4894/4670
f 4895/4895/4671 4894/4894/4670 4970/4970/4743
f 4897/4897/4672 4896/4896/4595 4971/4971/4671
f 4897/4897/4672 4971/4971/4671 4972/4972/4744
f 4818/4818/4596 4897/4897/4672 4973/4973/4745
f 4818/4818/4596 4973/4973/4745 4898/4898/4673
f 4819/4819/4597 4898/4898/4673 4974/4974/4746
f 4819/4819/4597 4974/4974/4746 4899/4899/4674
f 4820/4820/4598 4899/4899/4674 4975/4975/4747
f 4820/4820/4598 4975/4975/4747 4900/4900/4675
f 4821/4821/4599 4900/4900/4675 4976/4976/4748
f 4821/4821/4599 4976/4976/4748 4901/4901/4676
f 4902/4902/4677 4822/4822/4600 4901/4901/4676
f 4902/4902/4677 4901/4901/4676 4977/4977/4749
f 4823/4823/4601 4902/4902/4677 4978/4978/4750
f 4823/4823/4601 4978/4978/4750 4903/4903/4678
f 4824/4824/4602 4903/4903/4678 4979/4979/4751
f 4824/4824/4602 4979/4979/4751 4904/4904/4679
f 4825/4825/4603 4904/4904/4679 4980/4980/4752
f 4825/4825/4603 4980/4980/4752 4905/4905/4680
f 4826/4826/4604 4905/4905/4680 4981/4981/4753
f 4826/4826/4604 4981/4981/4753 4906/4906/4681
f 4827/4827/4605 4906/4906/4681 4982/4982/4754
f 4827/4827/4605 4982/4982/4754 4907/4907/4682
f 4908/4908/4683 4983/4983/4682 4909/4909/4684
f 4908/4908/4683 4909/4909/4684 4830/4830/4608
f 4909/4909/4684 4984/4984/4755 4910/4910/4685
f 4909/4909/4684 4910/4910/4685 4831/4831/4609
f 4832/4832/4610 4910/4910/4685 4985/4985/4756
f 4832/4832/4610 4985/4985/4756 4911/4911/4686
f 4911/4911/4686 4986/4986/4757 4912/4912/4687
f 4911/4911/4686 4912/4912/4687 4833/4833/4611
f 4912/4912/4687 4987/4987/4758 4913/4913/4688
f 4912/4912/4687 4913/4913/4688 4834/4834/4612
f 4988/4988/4759 4914/4914/4689 4835/4835/4613
f 4988/4988/4759 4835/4835/4613 4913/4913/4688
f 4989/4989/4760 4915/4915/4690 4836/4836/4614
f 4989/4989/4760 4836/4836/4614 4914/4914/4689
f 4915/4915/4690 4990/4990/4761 4991/4991/4762
f 4915/4915/4690 4991/4991/4762 4916/4916/4691
f 4838/4838/4616 4916/4916/4691 4991/4991/4762
f 4838/4838/4616 4991/4991/4762 4917/4917/4692
f 4839/4839/4617 4917/4917/4692 4992/4992/4763
f 4839/4839/4617 4992/4992/4763 4918/4918/4693
f 4918/4918/4693 4993/4993/4764 4919/4919/4694
f 4918/4918/4693 4919/4919/4694 4840/4840/4618
f 4841/4841/4619 4919/4919/4694 4994/4994/4765
f 4841/4841/4619 4994/4994/4765 4920/4920/4695
f 4921/4921/4696 4842/4842/4620 4920/4920/4695
f 4921/4921/4696 4920/4920/4695 4995/4995/4766
f 4921/4921/4696 4996/4996/4767 4922/4922/4697
f 4921/4921/4696 4922/4922/4697 4843/4843/4621
f 4844/4844/4622 4922/4922/4697 4997/4997/4768
f 4844/4844/4622 4997/4997/4768 4923/4923/4698
f 4923/4923/4698 4998/4998/4769 4924/4924/4699
f 4923/4923/4698 4924/4924/4699 4845/4845/4623
f 4924/4924/4699 4999/4999/4770 4925/4925/4700
f 4924/4924/4699 4925/4925/4700 4846/4846/4624
f 4925/4925/4700 5000/5000/4771 4926/4926/4701
f 4925/4925/4700 4926/4926/4701 4847/4847/4625
f 4848/4848/4626 4926/4926/4701 5001/5001/4772
f 4848/4848/4626 5001/5001/4772 4927/4927/4702
f 4927/4927/4702 5002/5002/4773 4928/4928/4703
f 4927/4927/4702 4928/4928/4703 4849/4849/4627
f 4850/4850/4628 4928/4928/4703 5003/5003/4774
f 4850/4850/4628 5003/5003/4774 4929/4929/4704
f 5004/5004/4775 4930/4930/4705 4851/4851/4629
f 5004/5004/4775 4851/4851/4629 4929/4929/4704
f 5005/5005/4776 4931/4931/4706 4852/4852/4630
f 5005/5005/4776 4852/4852/4630 4930/4930/4705
f 4853/4853/4631 4931/4931/4706 5006/5006/4777
f 4853/4853/4631 5006/5006/4777 4932/4932/4707
f 4933/4933/4708 4854/4854/4632 4932/4932/4707
f 4933/4933/4708 4932/4932/4707 5007/5007/4778
f 4855/4855/4633 4933/4933/4708 5008/5008/4779
f 4855/4855/4633 5008/5008/4779 4934/4934/4709
f 4856/4856/4634 4934/4934/4709 5009/5009/4780
f 4856/4856/4634 5009/5009/4780 4935/4935/4710
f 4936/4936/4711 4857/4857/4635 4935/4935/4710
f 4936/4936/4711 4935/4935/4710 5010/5010/4781
f 4858/4858/4636 4936/4936/4711 5011/5011/4782
f 4858/4858/4636 5011/5011/4782 4937/4937/4712
f 4859/4859/4637 4937/4937/4712 5012/5012/4783
f 4859/4859/4637 5012/5012/4783 4938/4938/4713
f 4938/4938/4713 5012/5012/4783 4939/4939/4714
f 4938/4938/4713 4939/4939/4714 4863/4863/4641
f 5013/5013/4784 5014/5014/4715 4940/4940/4642
f 5013/5013/4784 4940/4940/4642 4939/4939/4714
f 5015/5015/4785 4942/4942/4716 4866/4866/4643
f 5015/5015/4785 4866/4866/4643 4941/4941/4715
f 4867/4867/4644 4942/4942/4716 5016/5016/4786
f 4867/4867/4644 5016/5016/4786 4943/4943/4717
f 4868/4868/4645 4943/4943/4717 5017/5017/4787
f 4868/4868/4645 5017/5017/4787 4944/4944/4718
f 4945/4945/4719 4869/4869/4646 4944/4944/4718
f 4945/4945/4719 4944/4944/4718 5018/5018/4788
f 4870/4870/4647 4945/4945/4719 5019/5019/4789
f 4870/4870/4647 5019/5019/4789 4946/4946/4720
f 4871/4871/4648 4946/4946/4720 5020/5020/4790
f 4871/4871/4648 5020/5020/4790 4947/4947/4721
f 4872/4872/4649 4947/4947/4721 5021/5021/4791
f 4872/4872/4649 5021/5021/4791 4948/4948/4722
f 4873/4873/4650 4948/4948/4722 5022/5022/4792
f 4873/4873/4650 5022/5022/4792 4949/4949/4723
f 4874/4874/4651 4949/4949/4723 5023/5023/4793
f 4874/4874/4651 5023/5023/4793 4950/4950/4724
f 4875/4875/4652 4950/4950/4724 5024/5024/4794
f 4875/4875/4652 5024/5024/4794 4951/4951/4725
f 4952/4952/4653 4951/4951/4725 5025/5025/4795
f 4952/4952/4653 5025/5025/4795 5026/5026/4726
f 4878/4878/4654 4953/4953/4726 5027/5027/4796
f 4878/4878/4654 5027/5027/4796 4954/4954/4727
f 4955/4955/4728 4879/4879/4655 4954/4954/4727
f 4955/4955/4728 4954/4954/4727 5028/5028/4797
f 4880/4880/4656 4955/4955/4728 5029/5029/4798
f 4880/4880/4656 5029/5029/4798 4956/4956/4729
f 4881/4881/4657 4956/4956/4729 5030/5030/4799
f 4881/4881/4657 5030/5030/4799 4957/4957/4730
f 4882/4882/4658 4957/4957/4730 5031/5031/4800
f 4882/4882/4658 5031/5031/4800 4958/4958/4731
f 4959/4959/4732 4883/4883/4659 4958/4958/4731
f 4959/4959/4732 4958/4958/4731 5032/5032/4801
f 4884/4884/4660 4959/4959/4732 5033/5033/4802
f 4884/4884/4660 5033/5033/4802 4960/4960/4733
f 4885/4885/4661 4960/4960/4733 5034/5034/4803
f 4885/4885/4661 5034/5034/4803 4961/4961/4734
f 4886/4886/4662 4961/4961/4734 5035/5035/4804
f 4886/4886/4662 5035/5035/4804 4962/4962/4735
f 4963/4963/4736 4887/4887/4663 4962/4962/4735
f 4963/4963/4736 4962/4962/4735 5036/5036/4805
f 4964/4964/4737 4888/4888/4664 4963/4963/4736
f 4964/4964/4737 4963/4963/4736 5037/5037/4806
f 4965/4965/4738 4889/4889/4665 4964/4964/4737
f 4965/4965/4738 4964/4964/4737 5038/5038/4807
f 4966/4966/4739 4890/4890/4666 4965/4965/4738
f 4966/4966/4739 4965/4965/4738 5039/5039/4808
f 4967/4967/4740 4891/4891/4667 4966/4966/4739
f 4967/4967/4740 4966/4966/4739 5040/5040/4809
f 4892/4892/4668 4967/4967/4740 5041/5041/4810
f 4892/4892/4668 5041/5041/4810 4968/4968/4741
f 4969/4969/4742 4893/4893/4669 4968/4968/4741
f 4969/4969/4742 4968/4968/4741 5042/5042/4811
f 4970/4970/4743 4894/4894/4670 4969/4969/4742
f 4970/4970/4743 4969/4969/4742 5043/5043/4812
f 4971/4971/4671 5044/5044/4743 5045/5045/4813
f 4971/4971/4671 5045/5045/4813 4972/4972/4744
f 4897/4897/4672 4972/4972/4744 5046/5046/4814
f 4897/4897/4672 5046/5046/4814 4973/4973/4745
f 4898/4898/4673 4973/4973/4745 5047/5047/4815
f 4898/4898/4673 5047/5047/4815 4974/4974/4746
f 4899/4899/4674 4974/4974/4746 5048/5048/4816
f 4899/4899/4674 5048/5048/4816 4975/4975/4747
f 4976/4976/4748 4900/4900/4675 4975/4975/4747
f 4976/4976/4748 4975/4975/4747 5049/5049/4817
f 4901/4901/4676 4976/4976/4748 5050/5050/4818
f 4901/4901/4676 5050/5050/4818 4977/4977/4749
f 4902/4902/4677 4977/4977/4749 5051/5051/4819
f 4902/4902/4677 5051/5051/4819 4978/4978/4750
f 4903/4903/4678 4978/4978/4750 5052/5052/4820
f 4903/4903/4678 5052/5052/4820 4979/4979/4751
f 4980/4980/4752 4904/4904/4679 4979/4979/4751
f 4980/4980/4752 4979/4979/4751 5053/5053/4821
f 4905/4905/4680 4980/4980/4752 5054/5054/4822
f 4905/4905/4680 5054/5054/4822 4981/4981/4753
f 4982/4982/4754 4906/4906/4681 4981/4981/4753
f 4982/4982/4754 4981/4981/4753 5055/5055/4823
f 4983/4983/4682 5056/5056/4824 4984/4984/4755
f 4983/4983/4682 4984/4984/4755 4909/4909/4684
f 4984/4984/4755 5057/5057/4825 4985/4985/4756
f 4984/4984/4755 4985/4985/4756 4910/4910/4685
f 4985/4985/4756 5058/5058/4826 4986/4986/4757
f 4985/4985/4756 4986/4986/4757 4911/4911/4686
f 4912/4912/4687 4986/4986/4757 5059/5059/4827
f 4912/4912/4687 5059/5059/4827 4987/4987/4758
f 4988/4988/4759 4913/4913/4688 4987/4987/4758
f 4988/4988/4759 4987/4987/4758 5060/5060/4828
f 4988/4988/4759 5061/5061/4829 4989/4989/4760
f 4988/4988/4759 4989/4989/4760 4914/4914/4689
f 4989/4989/4760 5062/5062/4830 4990/4990/4761
f 4989/4989/4760 4990/4990/4761 4915/4915/4690
f 4990/4990/4761 5063/5063/4831 5064/5064/4832
f 4990/4990/4761 5064/5064/4832 4991/4991/4762
f 4991/4991/4762 5064/5064/4832 4992/4992/4763
f 4991/4991/4762 4992/4992/4763 4917/4917/4692
f 4918/4918/4693 4992/4992/4763 5065/5065/4833
f 4918/4918/4693 5065/5065/4833 4993/4993/4764
f 4993/4993/4764 5066/5066/4834 4994/4994/4765
f 4993/4993/4764 4994/4994/4765 4919/4919/4694
f 5067/5067/4835 4995/4995/4766 4920/4920/4695
f 5067/5067/4835 4920/4920/4695 4994/4994/4765
f 4921/4921/4696 4995/4995/4766 5068/5068/4836
f 4921/4921/4696 5068/5068/4836 4996/4996/4767
f 4922/4922/4697 4996/4996/4767 5069/5069/4837
f 4922/4922/4697 5069/5069/4837 4997/4997/4768
f 4923/4923/4698 4997/4997/4768 5070/5070/4838
f 4923/4923/4698 5070/5070/4838 4998/4998/4769
f 4924/4924/4699 4998/4998/4769 5071/5071/4839
f 4924/4924/4699 5071/5071/4839 4999/4999/4770
f 4925/4925/4700 4999/4999/4770 5072/5072/4840
f 4925/4925/4700 5072/5072/4840 5000/5000/4771
f 5073/5073/4841 5001/5001/4772 4926/4926/4701
f 5073/5073/4841 4926/4926/4701 5000/5000/4771
f 4927/4927/4702 5001/5001/4772 5074/5074/4842
f 4927/4927/4702 5074/5074/4842 5002/5002/4773
f 5003/5003/4774 4928/4928/4703 5002/5002/4773
f 5003/5003/4774 5002/5002/4773 5075/5075/4843
f 5003/5003/4774 5076/5076/4844 5004/5004/4775
f 5003/5003/4774 5004/5004/4775 4929/4929/4704
f 5004/5004/4775 5077/5077/4845 5005/5005/4776
f 5004/5004/4775 5005/5005/4776 4930/4930/4705
f 5005/5005/4776 5078/5078/4846 5006/5006/4777
f 5005/5005/4776 5006/5006/4777 4931/4931/4706
f 5079/5079/4847 5007/5007/4778 4932/4932/4707
f 5079/5079/4847 4932/4932/4707 5006/5006/4777
f 4933/4933/4708 5007/5007/4778 5080/5080/4848
f 4933/4933/4708 5080/5080/4848 5008/5008/4779
f 4934/4934/4709 5008/5008/4779 5081/5081/4849
f 4934/4934/4709 5081/5081/4849 5009/5009/4780
f 4935/4935/4710 5009/5009/4780 5082/5082/4850
f 4935/4935/4710 5082/5082/4850 5010/5010/4781
f 4936/4936/4711 5010/5010/4781 5083/5083/4851
f 4936/4936/4711 5083/5083/4851 5011/5011/4782
f 4937/4937/4712 5011/5011/4782 5084/5084/4852
f 4937/4937/4712 5084/5084/4852 5012/5012/4783
f 5084/5084/4852 5013/5013/4784 4939/4939/4714
f 5084/5084/4852 4939/4939/4714 5012/5012/4783
f 5085/5085/4853 5086/5086/4785 5014/5014/4715
f 5085/5085/4853 5014/5014/4715 5013/5013/4784
f 5015/5015/4785 5087/5087/4854 5016/5016/4786
f 5015/5015/4785 5016/5016/4786 4942/4942/4716
f 5017/5017/4787 4943/4943/4717 5016/5016/4786
f 5017/5017/4787 5016/5016/4786 5088/5088/4855
f 5018/5018/4788 4944/4944/4718 5017/5017/4787
f 5018/5018/4788 5017/5017/4787 5089/5089/4856
f 4945/4945/4719 5018/5018/4788 5090/5090/4857
f 4945/4945/4719 5090/5090/4857 5019/5019/4789
f 5019/5019/4789 5091/5091/4858 5020/5020/4790
f 5019/5019/4789 5020/5020/4790 4946/4946/4720
f 4947/4947/4721 5020/5020/4790 5092/5092/4859
f 4947/4947/4721 5092/5092/4859 5021/5021/4791
f 4948/4948/4722 5021/5021/4791 5093/5093/4860
f 4948/4948/4722 5093/5093/4860 5022/5022/4792
f 5023/5023/4793 4949/4949/4723 5022/5022/4792
f 5023/5023/4793 5022/5022/4792 5094/5094/4861
f 4950/4950/4724 5023/5023/4793 5095/5095/4862
f 4950/4950/4724 5095/5095/4862 5024/5024/4794
f 5025/5025/4795 4951/4951/4725 5024/5024/4794
f 5025/5025/4795 5024/5024/4794 5096/5096/4863
f 5026/5026/4726 5025/5025/4795 5097/5097/4864
f 5026/5026/4726 5097/5097/4864 5098/5098/4796
f 5028/5028/4797 4954/4954/4727 5027/5027/4796
f 5028/5028/4797 5027/5027/4796 5099/5099/4865
f 4955/4955/4728 5028/5028/4797 5100/5100/4866
f 4955/4955/4728 5100/5100/4866 5029/5029/4798
f 4956/4956/4729 5029/5029/4798 5101/5101/4867
f 4956/4956/4729 5101/5101/4867 5030/5030/4799
f 5102/5102/4868 5031/5031/4800 4957/4957/4730
f 5102/5102/4868 4957/4957/4730 5030/5030/4799
f 4958/4958/4731 5031/5031/4800 5103/5103/4869
f 4958/4958/4731 5103/5103/4869 5032/5032/4801
f 4959/4959/4732 5032/5032/4801 5104/5104/4870
f 4959/4959/4732 5104/5104/4870 5033/5033/4802
f 5034/5034/4803 4960/4960/4733 5033/5033/4802
f 5034/5034/4803 5033/5033/4802 5105/5105/4871
f 4961/4961/4734 5034/5034/4803 5106/5106/4872
f 4961/4961/4734 5106/5106/4872 5035/5035/4804
f 4962/4962/4735 5035/5035/4804 5107/5107/4873
f 4962/4962/4735 5107/5107/4873 5036/5036/4805
f 4963/4963/4736 5036/5036/4805 5108/5108/4874
f 4963/4963/4736 5108/5108/4874 5037/5037/4806
f 5038/5038/4807 4964/4964/4737 5037/5037/4806
f 5038/5038/4807 5037/5037/4806 5109/5109/4875
f 5039/5039/4808 4965/4965/4738 5038/5038/4807
f 5039/5039/4808 5038/5038/4807 5110/5110/4876
f 4966/4966/4739 5039/5039/4808 5111/5111/4877
f 4966/4966/4739 5111/5111/4877 5040/5040/4809
f 4967/4967/4740 5040/5040/4809 5112/5112/4878
f 4967/4967/4740 5112/5112/4878 5041/5041/4810
f 5113/5113/4879 5042/5042/4811 4968/4968/4741
f 5113/5113/4879 4968/4968/4741 5041/5041/4810
f 5043/5043/4812 4969/4969/4742 5042/5042/4811
f 5043/5043/4812 5042/5042/4811 5114/5114/4880
f 5045/5045/4813 5044/5044/4743 5115/5115/4812
f 5045/5045/4813 5115/5115/4812 5116/5116/4881
f 5046/5046/4814 4972/4972/4744 5045/5045/4813
f 5046/5046/4814 5045/5045/4813 5117/5117/4882
f 4973/4973/4745 5046/5046/4814 5118/5118/4883
f 4973/4973/4745 5118/5118/4883 5047/5047/4815
f 5048/5048/4816 4974/4974/4746 5047/5047/4815
f 5048/5048/4816 5047/5047/4815 5119/5119/4884
f 5049/5049/4817 4975/4975/4747 5048/5048/4816
f 5049/5049/4817 5048/5048/4816 5120/5120/4885
f 4976/4976/4748 5049/5049/4817 5121/5121/4886
f 4976/4976/4748 5121/5121/4886 5050/5050/4818
f 5051/5051/4819 4977/4977/4749 5050/5050/4818
f 5051/5051/4819 5050/5050/4818 5122/5122/4887
f 4978/4978/4750 5051/5051/4819 5123/5123/4888
f 4978/4978/4750 5123/5123/4888 5052/5052/4820
f 4979/4979/4751 5052/5052/4820 5124/5124/4889
f 4979/4979/4751 5124/5124/4889 5053/5053/4821
f 4980/4980/4752 5053/5053/4821 5125/5125/4890
f 4980/4980/4752 5125/5125/4890 5054/5054/4822
f 4981/4981/4753 5054/5054/4822 5126/5126/4891
f 4981/4981/4753 5126/5126/4891 5055/5055/4823
f 4984/4984/4755 5056/5056/4824 5127/5127/4823
f 4984/4984/4755 5127/5127/4823 5057/5057/4825
f 4985/4985/4756 5057/5057/4825 5128/5128/4892
f 4985/4985/4756 5128/5128/4892 5058/5058/4826
f 5058/5058/4826 5129/5129/4893 5059/5059/4827
f 5058/5058/4826 5059/5059/4827 4986/4986/4757
f 5060/5060/4828 4987/4987/4758 5059/5059/4827
f 5060/5060/4828 5059/5059/4827 5130/5130/4894
f 4988/4988/4759 5060/5060/4828 5131/5131/4895
f 4988/4988/4759 5131/5131/4895 5061/5061/4829
f 4989/4989/4760 5061/5061/4829 5132/5132/4896
f 4989/4989/4760 5132/5132/4896 5062/5062/4830
f 4990/4990/4761 5062/5062/4830 5133/5133/4897
f 4990/4990/4761 5133/5133/4897 5063/5063/4831
f 5134/5134/4898 5064/5064/4832 5063/5063/4831
f 5134/5134/4898 5063/5063/4831 5135/5135/4899
f 4992/4992/4763 5064/5064/4832 5134/5134/4898
f 4992/4992/4763 5134/5134/4898 5065/5065/4833
f 4993/4993/4764 5065/5065/4833 5136/5136/4900
f 4993/4993/4764 5136/5136/4900 5066/5066/4834
f 5066/5066/4834 5137/5137/4901 5067/5067/4835
f 5066/5066/4834 5067/5067/4835 4994/4994/4765
f 5067/5067/4835 5138/5138/4902 5068/5068/4836
f 5067/5067/4835 5068/5068/4836 4995/4995/4766
f 5068/5068/4836 5139/5139/4903 5069/5069/4837
f 5068/5068/4836 5069/5069/4837 4996/4996/4767
f 5070/5070/4838 4997/4997/4768 5069/5069/4837
f 5070/5070/4838 5069/5069/4837 5140/5140/4904
f 5070/5070/4838 5141/5141/4905 5071/5071/4839
f 5070/5070/4838 5071/5071/4839 4998/4998/4769
f 5071/5071/4839 5142/5142/4906 5072/5072/4840
f 5071/5071/4839 5072/5072/4840 4999/4999/4770
f 5073/5073/4841 5000/5000/4771 5072/5072/4840
f 5073/5073/4841 5072/5072/4840 5143/5143/4907
f 5073/5073/4841 5144/5144/4908 5074/5074/4842
f 5073/5073/4841 5074/5074/4842 5001/5001/4772
f 5145/5145/4137 5075/5075/4843 5002/5002/4773
f 5145/5145/4137 5002/5002/4773 5074/5074/4842
f 5003/5003/4774 5075/5075/4843 5146/5146/4909
f 5003/5003/4774 5146/5146/4909 5076/5076/4844
f 5076/5076/4844 5147/5147/4910 5077/5077/4845
f 5076/5076/4844 5077/5077/4845 5004/5004/4775
f 5005/5005/4776 5077/5077/4845 5148/5148/4911
f 5005/5005/4776 5148/5148/4911 5078/5078/4846
f 5079/5079/4847 5006/5006/4777 5078/5078/4846
f 5079/5079/4847 5078/5078/4846 5149/5149/4912
f 5079/5079/4847 5150/5150/4913 5080/5080/4848
f 5079/5079/4847 5080/5080/4848 5007/5007/4778
f 5080/5080/4848 5151/5151/4914 5081/5081/4849
f 5080/5080/4848 5081/5081/4849 5008/5008/4779
f 5082/5082/4850 5009/5009/4780 5081/5081/4849
f 5082/5082/4850 5081/5081/4849 5152/5152/4915
f 5153/5153/4916 5083/5083/4851 5010/5010/4781
f 5153/5153/4916 5010/5010/4781 5082/5082/4850
f 5083/5083/4851 5154/5154/4917 5084/5084/4852
f 5083/5083/4851 5084/5084/4852 5011/5011/4782
f 5154/5154/4917 5085/5085/4853 5013/5013/4784
f 5154/5154/4917 5013/5013/4784 5084/5084/4852
f 5155/5155/4918 5156/5156/4854 5086/5086/4785
f 5155/5155/4918 5086/5086/4785 5085/5085/4853
f 5087/5087/4854 5157/5157/4919 5088/5088/4855
f 5087/5087/4854 5088/5088/4855 5016/5016/4786
f 5017/5017/4787 5088/5088/4855 5158/5158/4920
f 5017/5017/4787 5158/5158/4920 5089/5089/4856
f 5018/5018/4788 5089/5089/4856 5159/5159/4921
f 5018/5018/4788 5159/5159/4921 5090/5090/4857
f 5019/5019/4789 5090/5090/4857 5160/5160/4922
f 5019/5019/4789 5160/5160/4922 5091/5091/4858
f 5092/5092/4859 5020/5020/4790 5091/5091/4858
f 5092/5092/4859 5091/5091/4858 5161/5161/4923
f 5021/5021/4791 5092/5092/4859 5162/5162/4924
f 5021/5021/4791 5162/5162/4924 5093/5093/4860
f 5022/5022/4792 5093/5093/4860 5163/5163/4925
f 5022/5022/4792 5163/5163/4925 5094/5094/4861
f 5023/5023/4793 5094/5094/4861 5164/5164/4926
f 5023/5023/4793 5164/5164/4926 5095/5095/4862
f 5024/5024/4794 5095/5095/4862 5165/5165/4927
f 5024/5024/4794 5165/5165/4927 5096/5096/4863
f 5025/5025/4795 5096/5096/4863 5166/5166/4928
f 5025/5025/4795 5166/5166/4928 5097/5097/4864
f 5167/5167/4865 5098/5098/4796 5097/5097/4864
f 5167/5167/4865 5097/5097/4864 5168/5168/4929
f 5028/5028/4797 5099/5099/4865 5169/5169/4930
f 5028/5028/4797 5169/5169/4930 5100/5100/4866
f 5101/5101/4867 5029/5029/4798 5100/5100/4866
f 5101/5101/4867 5100/5100/4866 5170/5170/4931
f 5102/5102/4868 5030/5030/4799 5101/5101/4867
f 5102/5102/4868 5101/5101/4867 5171/5171/4932
f 5102/5102/4868 5172/5172/4933 5103/5103/4869
f 5102/5102/4868 5103/5103/4869 5031/5031/4800
f 5103/5103/4869 5173/5173/4934 5104/5104/4870
f 5103/5103/4869 5104/5104/4870 5032/5032/4801
f 5105/5105/4871 5033/5033/4802 5104/5104/4870
f 5105/5105/4871 5104/5104/4870 5174/5174/4935
f 5034/5034/4803 5105/5105/4871 5175/5175/4936
f 5034/5034/4803 5175/5175/4936 5106/5106/4872
f 5107/5107/4873 5035/5035/4804 5106/5106/4872
f 5107/5107/4873 5106/5106/4872 5176/5176/4937
f 5107/5107/4873 5177/5177/4938 5108/5108/4874
f 5107/5107/4873 5108/5108/4874 5036/5036/4805
f 5037/5037/4806 5108/5108/4874 5178/5178/4939
f 5037/5037/4806 5178/5178/4939 5109/5109/4875
f 5038/5038/4807 5109/5109/4875 5179/5179/4940
f 5038/5038/4807 5179/5179/4940 5110/5110/4876
f 5039/5039/4808 5110/5110/4876 5180/5180/4941
f 5039/5039/4808 5180/5180/4941 5111/5111/4877
f 5040/5040/4809 5111/5111/4877 5181/5181/4942
f 5040/5040/4809 5181/5181/4942 5112/5112/4878
f 5113/5113/4879 5041/5041/4810 5112/5112/4878
f 5113/5113/4879 5112/5112/4878 5182/5182/4943
f 5114/5114/4880 5042/5042/4811 5113/5113/4879
f 5114/5114/4880 5113/5113/4879 5183/5183/4944
f 5116/5116/4881 5115/5115/4812 5184/5184/4880
f 5116/5116/4881 5184/5184/4880 5185/5185/4945
f 5045/5045/4813 5116/5116/4881 5186/5186/4946
f 5045/5045/4813 5186/5186/4946 5117/5117/4882
f 5046/5046/4814 5117/5117/4882 5187/5187/4947
f 5046/5046/4814 5187/5187/4947 5118/5118/4883
f 5119/5119/4884 5047/5047/4815 5118/5118/4883
f 5119/5119/4884 5118/5118/4883 5188/5188/4948
f 5048/5048/4816 5119/5119/4884 5189/5189/4949
f 5048/5048/4816 5189/5189/4949 5120/5120/4885
f 5049/5049/4817 5120/5120/4885 5190/5190/4950
f 5049/5049/4817 5190/5190/4950 5121/5121/4886
f 5122/5122/4887 5050/5050/4818 5121/5121/4886
f 5122/5122/4887 5121/5121/4886 5191/5191/4951
f 5051/5051/4819 5122/5122/4887 5192/5192/4952
f 5051/5051/4819 5192/5192/4952 5123/5123/4888
f 5052/5052/4820 5123/5123/4888 5193/5193/4953
f 5052/5052/4820 5193/5193/4953 5124/5124/4889
f 5125/5125/4890 5053/5053/4821 5124/5124/4889
f 5125/5125/4890 5124/5124/4889 5194/5194/4954
f 5054/5054/4822 5125/5125/4890 5195/5195/4955
f 5054/5054/4822 5195/5195/4955 5126/5126/4891
f 5057/5057/4825 5127/5127/4823 5196/5196/4891
f 5057/5057/4825 5196/5196/4891 5128/5128/4892
f 5058/5058/4826 5128/5128/4892 5197/5197/4956
f 5058/5058/4826 5197/5197/4956 5129/5129/4893
f 5129/5129/4893 5198/5198/4957 5130/5130/4894
f 5129/5129/4893 5130/5130/4894 5059/5059/4827
f 5060/5060/4828 5130/5130/4894 5199/5199/4958
f 5060/5060/4828 5199/5199/4958 5131/5131/4895
f 5131/5131/4895 5200/5200/4959 5132/5132/4896
f 5131/5131/4895 5132/5132/4896 5061/5061/4829
f 5132/5132/4896 5201/5201/4960 5133/5133/4897
f 5132/5132/4896 5133/5133/4897 5062/5062/4830
f 5133/5133/4897 5202/5202/4961 5135/5135/4899
f 5133/5133/4897 5135/5135/4899 5063/5063/4831
f 5134/5134/4898 5135/5135/4899 5203/5203/4962
f 5134/5134/4898 5203/5203/4962 5204/5204/4963
f 5134/5134/4898 5204/5204/4963 5136/5136/4900
f 5134/5134/4898 5136/5136/4900 5065/5065/4833
f 5066/5066/4834 5136/5136/4900 5205/5205/4964
f 5066/5066/4834 5205/5205/4964 5137/5137/4901
f 5137/5137/4901 5206/5206/4965 5138/5138/4902
f 5137/5137/4901 5138/5138/4902 5067/5067/4835
f 5068/5068/4836 5138/5138/4902 5207/5207/4966
f 5068/5068/4836 5207/5207/4966 5139/5139/4903
f 5139/5139/4903 5208/5208/4967 5140/5140/4904
f 5139/5139/4903 5140/5140/4904 5069/5069/4837
f 5070/5070/4838 5140/5140/4904 5209/5209/4968
f 5070/5070/4838 5209/5209/4968 5141/5141/4905
f 5071/5071/4839 5141/5141/4905 5210/5210/4969
f 5071/5071/4839 5210/5210/4969 5142/5142/4906
f 5142/5142/4906 5211/5211/4970 5143/5143/4907
f 5142/5142/4906 5143/5143/4907 5072/5072/4840
f 5073/5073/4841 5143/5143/4907 5212/5212/4971
f 5073/5073/4841 5212/5212/4971 5144/5144/4908
f 5145/5145/4137 5074/5074/4842 5144/5144/4908
f 5145/5145/4137 5144/5144/4908 5213/5213/4972
f 5145/5145/4137 5214/5214/4973 5146/5146/4909
f 5145/5145/4137 5146/5146/4909 5075/5075/4843
f 5076/5076/4844 5146/5146/4909 5215/5215/4974
f 5076/5076/4844 5215/5215/4974 5147/5147/4910
f 5147/5147/4910 5216/5216/4975 5148/5148/4911
f 5147/5147/4910 5148/5148/4911 5077/5077/4845
f 5148/5148/4911 5217/5217/4976 5149/5149/4912
f 5148/5148/4911 5149/5149/4912 5078/5078/4846
f 5079/5079/4847 5149/5149/4912 5218/5218/4977
f 5079/5079/4847 5218/5218/4977 5150/5150/4913
f 5150/5150/4913 5219/5219/4978 5151/5151/4914
f 5150/5150/4913 5151/5151/4914 5080/5080/4848
f 5220/5220/4979 5152/5152/4915 5081/5081/4849
f 5220/5220/4979 5081/5081/4849 5151/5151/4914
f 5153/5153/4916 5082/5082/4850 5152/5152/4915
f 5153/5153/4916 5152/5152/4915 5221/5221/4980
f 5153/5153/4916 5222/5222/4981 5154/5154/4917
f 5153/5153/4916 5154/5154/4917 5083/5083/4851
f 5154/5154/4917 5222/5222/4981 5155/5155/4918
f 5154/5154/4917 5155/5155/4918 5085/5085/4853
f 5223/5223/4982 5224/5224/4983 5156/5156/4854
f 5223/5223/4982 5156/5156/4854 5155/5155/4918
f 5225/5225/4984 5158/5158/4920 5088/5088/4855
f 5225/5225/4984 5088/5088/4855 5157/5157/4919
f 5159/5159/4921 5089/5089/4856 5158/5158/4920
f 5159/5159/4921 5158/5158/4920 5226/5226/4985
f 5159/5159/4921 5227/5227/4986 5160/5160/4922
f 5159/5159/4921 5160/5160/4922 5090/5090/4857
f 5091/5091/4858 5160/5160/4922 5228/5228/4987
f 5091/5091/4858 5228/5228/4987 5161/5161/4923
f 5092/5092/4859 5161/5161/4923 5229/5229/4988
f 5092/5092/4859 5229/5229/4988 5162/5162/4924
f 5163/5163/4925 5093/5093/4860 5162/5162/4924
f 5163/5163/4925 5162/5162/4924 5230/5230/4989
f 5094/5094/4861 5163/5163/4925 5231/5231/4990
f 5094/5094/4861 5231/5231/4990 5164/5164/4926
f 5165/5165/4927 5095/5095/4862 5164/5164/4926
f 5165/5165/4927 5164/5164/4926 5232/5232/4991
f 5096/5096/4863 5165/5165/4927 5233/5233/4992
f 5096/5096/4863 5233/5233/4992 5166/5166/4928
f 5097/5097/4864 5166/5166/4928 5234/5234/4993
f 5097/5097/4864 5234/5234/4993 5168/5168/4929
f 5167/5167/4865 5168/5168/4929 5235/5235/4994
f 5167/5167/4865 5235/5235/4994 5236/5236/4930
f 5170/5170/4931 5100/5100/4866 5169/5169/4930
f 5170/5170/4931 5169/5169/4930 5237/5237/4995
f 5101/5101/4867 5170/5170/4931 5238/5238/4996
f 5101/5101/4867 5238/5238/4996 5171/5171/4932
f 5102/5102/4868 5171/5171/4932 5239/5239/4997
f 5102/5102/4868 5239/5239/4997 5172/5172/4933
f 5240/5240/4998 5173/5173/4934 5103/5103/4869
f 5240/5240/4998 5103/5103/4869 5172/5172/4933
f 5241/5241/4999 5174/5174/4935 5104/5104/4870
f 5241/5241/4999 5104/5104/4870 5173/5173/4934
f 5105/5105/4871 5174/5174/4935 5242/5242/5000
f 5105/5105/4871 5242/5242/5000 5175/5175/4936
f 5106/5106/4872 5175/5175/4936 5243/5243/5001
f 5106/5106/4872 5243/5243/5001 5176/5176/4937
f 5107/5107/4873 5176/5176/4937 5244/5244/5002
f 5107/5107/4873 5244/5244/5002 5177/5177/4938
f 5178/5178/4939 5108/5108/4874 5177/5177/4938
f 5178/5178/4939 5177/5177/4938 5245/5245/5003
f 5178/5178/4939 5246/5246/5004 5179/5179/4940
f 5178/5178/4939 5179/5179/4940 5109/5109/4875
f 5110/5110/4876 5179/5179/4940 5247/5247/5005
f 5110/5110/4876 5247/5247/5005 5180/5180/4941
f 5111/5111/4877 5180/5180/4941 5248/5248/5006
f 5111/5111/4877 5248/5248/5006 5181/5181/4942
f 5249/5249/5007 5182/5182/4943 5112/5112/4878
f 5249/5249/5007 5112/5112/4878 5181/5181/4942
f 5183/5183/4944 5113/5113/4879 5182/5182/4943
f 5183/5183/4944 5182/5182/4943 5250/5250/5008
f 5185/5185/4945 5184/5184/4880 5251/5251/5009
f 5185/5185/4945 5251/5251/5009 5252/5252/5010
f 5116/5116/4881 5185/5185/4945 5253/5253/5011
f 5116/5116/4881 5253/5253/5011 5186/5186/4946
f 5187/5187/4947 5117/5117/4882 5186/5186/4946
f 5187/5187/4947 5186/5186/4946 5254/5254/5012
f 5187/5187/4947 5255/5255/5013 5188/5188/4948
f 5187/5187/4947 5188/5188/4948 5118/5118/4883
f 5189/5189/4949 5119/5119/4884 5188/5188/4948
f 5189/5189/4949 5188/5188/4948 5256/5256/5014
f 5190/5190/4950 5120/5120/4885 5189/5189/4949
f 5190/5190/4950 5189/5189/4949 5257/5257/5015
f 5191/5191/4951 5121/5121/4886 5190/5190/4950
f 5191/5191/4951 5190/5190/4950 5258/5258/5016
f 5192/5192/4952 5122/5122/4887 5191/5191/4951
f 5192/5192/4952 5191/5191/4951 5259/5259/5017
f 5193/5193/4953 5123/5123/4888 5192/5192/4952
f 5193/5193/4953 5192/5192/4952 5260/5260/5018
f 5194/5194/4954 5124/5124/4889 5193/5193/4953
f 5194/5194/4954 5193/5193/4953 5261/5261/5019
f 5125/5125/4890 5194/5194/4954 5262/5262/5020
f 5125/5125/4890 5262/5262/5020 5195/5195/4955
f 5196/5196/4891 5263/5263/5021 5197/5197/4956
f 5196/5196/4891 5197/5197/4956 5128/5128/4892
f 5197/5197/4956 5264/5264/5022 5198/5198/4957
f 5197/5197/4956 5198/5198/4957 5129/5129/4893
f 5198/5198/4957 5265/5265/5023 5199/5199/4958
f 5198/5198/4957 5199/5199/4958 5130/5130/4894
f 5131/5131/4895 5199/5199/4958 5266/5266/5024
f 5131/5131/4895 5266/5266/5024 5200/5200/4959
f 5132/5132/4896 5200/5200/4959 5267/5267/5025
f 5132/5132/4896 5267/5267/5025 5201/5201/4960
f 5133/5133/4897 5201/5201/4960 5268/5268/5026
f 5133/5133/4897 5268/5268/5026 5202/5202/4961
f 5135/5135/4899 5202/5202/4961 5269/5269/5027
f 5135/5135/4899 5269/5269/5027 5203/5203/4962
f 5204/5204/4963 5203/5203/4962 5270/5270/5028
f 5204/5204/4963 5270/5270/5028 5271/5271/5029
f 5204/5204/4963 5271/5271/5029 5205/5205/4964
f 5204/5204/4963 5205/5205/4964 5136/5136/4900
f 5137/5137/4901 5205/5205/4964 5272/5272/5030
f 5137/5137/4901 5272/5272/5030 5206/5206/4965
f 5206/5206/4965 5273/5273/5031 5207/5207/4966
f 5206/5206/4965 5207/5207/4966 5138/5138/4902
f 5139/5139/4903 5207/5207/4966 5274/5274/5032
f 5139/5139/4903 5274/5274/5032 5208/5208/4967
f 5140/5140/4904 5208/5208/4967 5275/5275/5033
f 5140/5140/4904 5275/5275/5033 5209/5209/4968
f 5209/5209/4968 5276/5276/5034 5210/5210/4969
f 5209/5209/4968 5210/5210/4969 5141/5141/4905
f 5142/5142/4906 5210/5210/4969 5277/5277/5035
f 5142/5142/4906 5277/5277/5035 5211/5211/4970
f 5211/5211/4970 5278/5278/5036 5212/5212/4971
f 5211/5211/4970 5212/5212/4971 5143/5143/4907
f 5212/5212/4971 5279/5279/5037 5213/5213/4972
f 5212/5212/4971 5213/5213/4972 5144/5144/4908
f 5145/5145/4137 5213/5213/4972 5280/5280/5038
f 5145/5145/4137 5280/5280/5038 5214/5214/4973
f 5215/5215/4974 5146/5146/4909 5214/5214/4973
f 5215/5215/4974 5214/5214/4973 5281/5281/5039
f 5215/5215/4974 5282/5282/5040 5216/5216/4975
f 5215/5215/4974 5216/5216/4975 5147/5147/4910
f 5148/5148/4911 5216/5216/4975 5283/5283/5041
f 5148/5148/4911 5283/5283/5041 5217/5217/4976
f 5149/5149/4912 5217/5217/4976 5284/5284/5042
f 5149/5149/4912 5284/5284/5042 5218/5218/4977
f 5285/5285/5043 5219/5219/4978 5150/5150/4913
f 5285/5285/5043 5150/5150/4913 5218/5218/4977
f 5220/5220/4979 5151/5151/4914 5219/5219/4978
f 5220/5220/4979 5219/5219/4978 5286/5286/5044
f 5287/5287/5045 5221/5221/4980 5152/5152/4915
f 5287/5287/5045 5152/5152/4915 5220/5220/4979
f 5153/5153/4916 5221/5221/4980 5288/5288/5046
f 5153/5153/4916 5288/5288/5046 5222/5222/4981
f 5222/5222/4981 5288/5288/5046 5223/5223/4982
f 5222/5222/4981 5223/5223/4982 5155/5155/4918
f 5223/5223/4982 5289/5289/5047 5290/5290/4984
f 5223/5223/4982 5290/5290/4984 5224/5224/4983
f 5225/5225/4984 5291/5291/5048 5226/5226/4985
f 5225/5225/4984 5226/5226/4985 5158/5158/4920
f 5159/5159/4921 5226/5226/4985 5292/5292/5049
f 5159/5159/4921 5292/5292/5049 5227/5227/4986
f 5228/5228/4987 5160/5160/4922 5227/5227/4986
f 5228/5228/4987 5227/5227/4986 5293/5293/5050
f 5161/5161/4923 5228/5228/4987 5294/5294/5051
f 5161/5161/4923 5294/5294/5051 5229/5229/4988
f 5162/5162/4924 5229/5229/4988 5295/5295/5052
f 5162/5162/4924 5295/5295/5052 5230/5230/4989
f 5163/5163/4925 5230/5230/4989 5296/5296/5053
f 5163/5163/4925 5296/5296/5053 5231/5231/4990
f 5164/5164/4926 5231/5231/4990 5297/5297/5054
f 5164/5164/4926 5297/5297/5054 5232/5232/4991
f 5165/5165/4927 5232/5232/4991 5298/5298/5055
f 5165/5165/4927 5298/5298/5055 5233/5233/4992
f 5166/5166/4928 5233/5233/4992 5299/5299/5056
f 5166/5166/4928 5299/5299/5056 5234/5234/4993
f 5168/5168/4929 5234/5234/4993 5300/5300/5057
f 5168/5168/4929 5300/5300/5057 5235/5235/4994
f 5236/5236/4930 5235/5235/4994 5301/5301/5058
f 5236/5236/4930 5301/5301/5058 5302/5302/4995
f 5170/5170/4931 5237/5237/4995 5303/5303/5059
f 5170/5170/4931 5303/5303/5059 5238/5238/4996
f 5171/5171/4932 5238/5238/4996 5304/5304/5060
f 5171/5171/4932 5304/5304/5060 5239/5239/4997
f 5305/5305/5061 5240/5240/4998 5172/5172/4933
f 5305/5305/5061 5172/5172/4933 5239/5239/4997
f 5241/5241/4999 5173/5173/4934 5240/5240/4998
f 5241/5241/4999 5240/5240/4998 5306/5306/5062
f 5242/5242/5000 5174/5174/4935 5241/5241/4999
f 5242/5242/5000 5241/5241/4999 5307/5307/5063
f 5242/5242/5000 5308/5308/5064 5243/5243/5001
f 5242/5242/5000 5243/5243/5001 5175/5175/4936
f 5176/5176/4937 5243/5243/5001 5309/5309/5065
f 5176/5176/4937 5309/5309/5065 5244/5244/5002
f 5245/5245/5003 5177/5177/4938 5244/5244/5002
f 5245/5245/5003 5244/5244/5002 5310/5310/5066
f 5178/5178/4939 5245/5245/5003 5311/5311/5067
f 5178/5178/4939 5311/5311/5067 5246/5246/5004
f 5247/5247/5005 5179/5179/4940 5246/5246/5004
f 5247/5247/5005 5246/5246/5004 5312/5312/5068
f 5248/5248/5006 5180/5180/4941 5247/5247/5005
f 5248/5248/5006 5247/5247/5005 5313/5313/5069
f 5249/5249/5007 5181/5181/4942 5248/5248/5006
f 5249/5249/5007 5248/5248/5006 5314/5314/5070
f 5250/5250/5008 5182/5182/4943 5249/5249/5007
f 5250/5250/5008 5249/5249/5007 5315/5315/5071
f 5251/5251/5009 5316/5316/5008 5317/5317/5072
f 5251/5251/5009 5317/5317/5072 5252/5252/5010
f 5185/5185/4945 5252/5252/5010 5318/5318/5073
f 5185/5185/4945 5318/5318/5073 5253/5253/5011
f 5186/5186/4946 5253/5253/5011 5319/5319/5074
f 5186/5186/4946 5319/5319/5074 5254/5254/5012
f 5187/5187/4947 5254/5254/5012 5320/5320/5075
f 5187/5187/4947 5320/5320/5075 5255/5255/5013
f 5256/5256/5014 5188/5188/4948 5255/5255/5013
f 5256/5256/5014 5255/5255/5013 5321/5321/5076
f 5257/5257/5015 5189/5189/4949 5256/5256/5014
f 5257/5257/5015 5256/5256/5014 5322/5322/5077
f 5258/5258/5016 5190/5190/4950 5257/5257/5015
f 5258/5258/5016 5257/5257/5015 5323/5323/5078
f 5191/5191/4951 5258/5258/5016 5324/5324/5079
f 5191/5191/4951 5324/5324/5079 5259/5259/5017
f 5260/5260/5018 5192/5192/4952 5259/5259/5017
f 5260/5260/5018 5259/5259/5017 5325/5325/5080
f 5193/5193/4953 5260/5260/5018 5326/5326/5081
f 5193/5193/4953 5326/5326/5081 5261/5261/5019
f 5262/5262/5020 5194/5194/4954 5261/5261/5019
f 5262/5262/5020 5261/5261/5019 5327/5327/5082
f 5197/5197/4956 5263/5263/5021 5328/5328/5083
f 5197/5197/4956 5328/5328/5083 5264/5264/5022
f 5198/5198/4957 5264/5264/5022 5329/5329/5084
f 5198/5198/4957 5329/5329/5084 5265/5265/5023
f 5199/5199/4958 5265/5265/5023 5330/5330/5085
f 5199/5199/4958 5330/5330/5085 5266/5266/5024
f 5266/5266/5024 5331/5331/5086 5267/5267/5025
f 5266/5266/5024 5267/5267/5025 5200/5200/4959
f 5267/5267/5025 5332/5332/5087 5268/5268/5026
f 5267/5267/5025 5268/5268/5026 5201/5201/4960
f 5268/5268/5026 5333/5333/5088 5269/5269/5027
f 5268/5268/5026 5269/5269/5027 5202/5202/4961
f 5269/5269/5027 5334/5334/5089 5270/5270/5028
f 5269/5269/5027 5270/5270/5028 5203/5203/4962
f 5271/5271/5029 5270/5270/5028 5335/5335/5090
f 5271/5271/5029 5335/5335/5090 5336/5336/5091
f 5271/5271/5029 5336/5336/5091 5272/5272/5030
f 5271/5271/5029 5272/5272/5030 5205/5205/4964
f 5206/5206/4965 5272/5272/5030 5337/5337/5092
f 5206/5206/4965 5337/5337/5092 5273/5273/5031
f 5273/5273/5031 5338/5338/5093 5274/5274/5032
f 5273/5273/5031 5274/5274/5032 5207/5207/4966
f 5274/5274/5032 5339/5339/5094 5275/5275/5033
f 5274/5274/5032 5275/5275/5033 5208/5208/4967
f 5275/5275/5033 5340/5340/5095 5276/5276/5034
f 5275/5275/5033 5276/5276/5034 5209/5209/4968
f 5341/5341/5096 5277/5277/5035 5210/5210/4969
f 5341/5341/5096 5210/5210/4969 5276/5276/5034
f 5211/5211/4970 5277/5277/5035 5342/5342/5097
f 5211/5211/4970 5342/5342/5097 5278/5278/5036
f 5212/5212/4971 5278/5278/5036 5343/5343/5098
f 5212/5212/4971 5343/5343/5098 5279/5279/5037
f 5344/5344/5099 5280/5280/5038 5213/5213/4972
f 5344/5344/5099 5213/5213/4972 5279/5279/5037
f 5281/5281/5039 5214/5214/4973 5280/5280/5038
f 5281/5281/5039 5280/5280/5038 5345/5345/5100
f 5215/5215/4974 5281/5281/5039 5346/5346/5101
f 5215/5215/4974 5346/5346/5101 5282/5282/5040
f 5282/5282/5040 5347/5347/5102 5283/5283/5041
f 5282/5282/5040 5283/5283/5041 5216/5216/4975
f 5283/5283/5041 5348/5348/5103 5284/5284/5042
f 5283/5283/5041 5284/5284/5042 5217/5217/4976
f 5285/5285/5043 5218/5218/4977 5284/5284/5042
f 5285/5285/5043 5284/5284/5042 5349/5349/5104
f 5285/5285/5043 5350/5350/5105 5286/5286/5044
f 5285/5285/5043 5286/5286/5044 5219/5219/4978
f 5351/5351/5106 5287/5287/5045 5220/5220/4979
f 5351/5351/5106 5220/5220/4979 5286/5286/5044
f 5287/5287/5045 5352/5352/5107 5288/5288/5046
f 5287/5287/5045 5288/5288/5046 5221/5221/4980
f 5352/5352/5107 5289/5289/5047 5223/5223/4982
f 5352/5352/5107 5223/5223/4982 5288/5288/5046
f 5353/5353/5108 5354/5354/5048 5290/5290/4984
f 5353/5353/5108 5290/5290/4984 5289/5289/5047
f 5355/5355/5109 5292/5292/5049 5226/5226/4985
f 5355/5355/5109 5226/5226/4985 5291/5291/5048
f 5227/5227/4986 5292/5292/5049 5356/5356/5110
f 5227/5227/4986 5356/5356/5110 5293/5293/5050
f 5228/5228/4987 5293/5293/5050 5357/5357/5111
f 5228/5228/4987 5357/5357/5111 5294/5294/5051
f 5229/5229/4988 5294/5294/5051 5358/5358/5112
f 5229/5229/4988 5358/5358/5112 5295/5295/5052
f 5295/5295/5052 5359/5359/5113 5296/5296/5053
f 5295/5295/5052 5296/5296/5053 5230/5230/4989
f 5231/5231/4990 5296/5296/5053 5360/5360/5114
f 5231/5231/4990 5360/5360/5114 5297/5297/5054
f 5232/5232/4991 5297/5297/5054 5361/5361/5115
f 5232/5232/4991 5361/5361/5115 5298/5298/5055
f 5233/5233/4992 5298/5298/5055 5362/5362/5116
f 5233/5233/4992 5362/5362/5116 5299/5299/5056
f 5300/5300/5057 5234/5234/4993 5299/5299/5056
f 5300/5300/5057 5299/5299/5056 5363/5363/5117
f 5235/5235/4994 5300/5300/5057 5364/5364/5118
f 5235/5235/4994 5364/5364/5118 5301/5301/5058
f 5365/5365/5059 5302/5302/4995 5301/5301/5058
f 5365/5365/5059 5301/5301/5058 5366/5366/5119
f 5238/5238/4996 5303/5303/5059 5367/5367/5120
f 5238/5238/4996 5367/5367/5120 5304/5304/5060
f 5305/5305/5061 5239/5239/4997 5304/5304/5060
f 5305/5305/5061 5304/5304/5060 5368/5368/5121
f 5306/5306/5062 5240/5240/4998 5305/5305/5061
f 5306/5306/5062 5305/5305/5061 5369/5369/5122
f 5307/5307/5063 5241/5241/4999 5306/5306/5062
f 5307/5307/5063 5306/5306/5062 5370/5370/5123
f 5242/5242/5000 5307/5307/5063 5371/5371/5124
f 5242/5242/5000 5371/5371/5124 5308/5308/5064
f 5309/5309/5065 5243/5243/5001 5308/5308/5064
f 5309/5309/5065 5308/5308/5064 5372/5372/5125
f 5310/5310/5066 5244/5244/5002 5309/5309/5065
f 5310/5310/5066 5309/5309/5065 5373/5373/5126
f 5245/5245/5003 5310/5310/5066 5374/5374/5127
f 5245/5245/5003 5374/5374/5127 5311/5311/5067
f 5246/5246/5004 5311/5311/5067 5375/5375/5128
f 5246/5246/5004 5375/5375/5128 5312/5312/5068
f 5247/5247/5005 5312/5312/5068 5376/5376/5129
f 5247/5247/5005 5376/5376/5129 5313/5313/5069
f 5314/5314/5070 5248/5248/5006 5313/5313/5069
f 5314/5314/5070 5313/5313/5069 5377/5377/5130
f 5315/5315/5071 5249/5249/5007 5314/5314/5070
f 5315/5315/5071 5314/5314/5070 5378/5378/5131
f 5317/5317/5072 5316/5316/5008 5379/5379/5071
f 5317/5317/5072 5379/5379/5071 5380/5380/5132
f 5252/5252/5010 5317/5317/5072 5381/5381/5133
f 5252/5252/5010 5381/5381/5133 5318/5318/5073
f 5253/5253/5011 5318/5318/5073 5382/5382/5134
f 5253/5253/5011 5382/5382/5134 5319/5319/5074
f 5254/5254/5012 5319/5319/5074 5383/5383/5135
f 5254/5254/5012 5383/5383/5135 5320/5320/5075
f 5255/5255/5013 5320/5320/5075 5384/5384/5136
f 5255/5255/5013 5384/5384/5136 5321/5321/5076
f 5256/5256/5014 5321/5321/5076 5385/5385/5137
f 5256/5256/5014 5385/5385/5137 5322/5322/5077
f 5257/5257/5015 5322/5322/5077 5386/5386/5138
f 5257/5257/5015 5386/5386/5138 5323/5323/5078
f 5258/5258/5016 5323/5323/5078 5387/5387/5139
f 5258/5258/5016 5387/5387/5139 5324/5324/5079
f 5259/5259/5017 5324/5324/5079 5388/5388/5140
f 5259/5259/5017 5388/5388/5140 5325/5325/5080
f 5260/5260/5018 5325/5325/5080 5389/5389/5141
f 5260/5260/5018 5389/5389/5141 5326/5326/5081
f 5327/5327/5082 5261/5261/5019 5326/5326/5081
f 5327/5327/5082 5326/5326/5081 5390/5390/5142
f 5328/5328/5083 5391/5391/5143 5329/5329/5084
f 5328/5328/5083 5329/5329/5084 5264/5264/5022
f 5329/5329/5084 5392/5392/5144 5330/5330/5085
f 5329/5329/5084 5330/5330/5085 5265/5265/5023
f 5266/5266/5024 5330/5330/5085 5393/5393/5145
f 5266/5266/5024 5393/5393/5145 5331/5331/5086
f 5267/5267/5025 5331/5331/5086 5394/5394/5146
f 5267/5267/5025 5394/5394/5146 5332/5332/5087
f 5268/5268/5026 5332/5332/5087 5395/5395/5147
f 5268/5268/5026 5395/5395/5147 5333/5333/5088
f 5269/5269/5027 5333/5333/5088 5396/5396/5148
f 5269/5269/5027 5396/5396/5148 5334/5334/5089
f 5334/5334/5089 5397/5397/5149 5335/5335/5090
f 5334/5334/5089 5335/5335/5090 5270/5270/5028
f 5336/5336/5091 5335/5335/5090 5398/5398/5150
f 5336/5336/5091 5398/5398/5150 5399/5399/5151
f 5272/5272/5030 5336/5336/5091 5399/5399/5151
f 5272/5272/5030 5399/5399/5151 5337/5337/5092
f 5273/5273/5031 5337/5337/5092 5400/5400/5152
f 5273/5273/5031 5400/5400/5152 5338/5338/5093
f 5274/5274/5032 5338/5338/5093 5401/5401/5153
f 5274/5274/5032 5401/5401/5153 5339/5339/5094
f 5275/5275/5033 5339/5339/5094 5402/5402/5154
f 5275/5275/5033 5402/5402/5154 5340/5340/5095
f 5340/5340/5095 5403/5403/5155 5341/5341/5096
f 5340/5340/5095 5341/5341/5096 5276/5276/5034
f 5341/5341/5096 5404/5404/5156 5342/5342/5097
f 5341/5341/5096 5342/5342/5097 5277/5277/5035
f 5343/5343/5098 5278/5278/5036 5342/5342/5097
f 5343/5343/5098 5342/5342/5097 5405/5405/5157
f 5343/5343/5098 5406/5406/5158 5344/5344/5099
f 5343/5343/5098 5344/5344/5099 5279/5279/5037
f 5344/5344/5099 5407/5407/5159 5345/5345/5100
f 5344/5344/5099 5345/5345/5100 5280/5280/5038
f 5281/5281/5039 5345/5345/5100 5408/5408/5160
f 5281/5281/5039 5408/5408/5160 5346/5346/5101
f 5282/5282/5040 5346/5346/5101 5409/5409/5161
f 5282/5282/5040 5409/5409/5161 5347/5347/5102
f 5283/5283/5041 5347/5347/5102 5410/5410/5162
f 5283/5283/5041 5410/5410/5162 5348/5348/5103
f 5348/5348/5103 5411/5411/5163 5349/5349/5104
f 5348/5348/5103 5349/5349/5104 5284/5284/5042
f 5285/5285/5043 5349/5349/5104 5412/5412/5164
f 5285/5285/5043 5412/5412/5164 5350/5350/5105
f 5350/5350/5105 5413/5413/5165 5351/5351/5106
f 5350/5350/5105 5351/5351/5106 5286/5286/5044
f 5351/5351/5106 5414/5414/5166 5352/5352/5107
f 5351/5351/5106 5352/5352/5107 5287/5287/5045
f 5352/5352/5107 5414/5414/5166 5353/5353/5108
f 5352/5352/5107 5353/5353/5108 5289/5289/5047
f 5353/5353/5108 5415/5415/5167 5416/5416/5109
f 5353/5353/5108 5416/5416/5109 5354/5354/5048
f 5355/5355/5109 5417/5417/5168 5356/5356/5110
f 5355/5355/5109 5356/5356/5110 5292/5292/5049
f 5357/5357/5111 5293/5293/5050 5356/5356/5110
f 5357/5357/5111 5356/5356/5110 5418/5418/5169
f 5294/5294/5051 5357/5357/5111 5419/5419/5170
f 5294/5294/5051 5419/5419/5170 5358/5358/5112
f 5295/5295/5052 5358/5358/5112 5420/5420/5171
f 5295/5295/5052 5420/5420/5171 5359/5359/5113
f 5296/5296/5053 5359/5359/5113 5421/5421/5172
f 5296/5296/5053 5421/5421/5172 5360/5360/5114
f 5297/5297/5054 5360/5360/5114 5422/5422/5173
f 5297/5297/5054 5422/5422/5173 5361/5361/5115
f 5362/5362/5116 5298/5298/5055 5361/5361/5115
f 5362/5362/5116 5361/5361/5115 5423/5423/5174
f 5299/5299/5056 5362/5362/5116 5424/5424/5175
f 5299/5299/5056 5424/5424/5175 5363/5363/5117
f 5300/5300/5057 5363/5363/5117 5425/5425/5176
f 5300/5300/5057 5425/5425/5176 5364/5364/5118
f 5301/5301/5058 5364/5364/5118 5426/5426/5177
f 5301/5301/5058 5426/5426/5177 5366/5366/5119
f 5427/5427/5120 5365/5365/5059 5366/5366/5119
f 5427/5427/5120 5366/5366/5119 5428/5428/5178
f 5367/5367/5120 5429/5429/5179 5368/5368/5121
f 5367/5367/5120 5368/5368/5121 5304/5304/5060
f 5305/5305/5061 5368/5368/5121 5430/5430/5180
f 5305/5305/5061 5430/5430/5180 5369/5369/5122
f 5306/5306/5062 5369/5369/5122 5431/5431/5181
f 5306/5306/5062 5431/5431/5181 5370/5370/5123
f 5371/5371/5124 5307/5307/5063 5370/5370/5123
f 5371/5371/5124 5370/5370/5123 5432/5432/5182
f 5308/5308/5064 5371/5371/5124 5433/5433/5183
f 5308/5308/5064 5433/5433/5183 5372/5372/5125
f 5309/5309/5065 5372/5372/5125 5434/5434/5184
f 5309/5309/5065 5434/5434/5184 5373/5373/5126
f 5310/5310/5066 5373/5373/5126 5435/5435/5185
f 5310/5310/5066 5435/5435/5185 5374/5374/5127
f 5375/5375/5128 5311/5311/5067 5374/5374/5127
f 5375/5375/5128 5374/5374/5127 5436/5436/5186
f 5312/5312/5068 5375/5375/5128 5437/5437/5187
f 5312/5312/5068 5437/5437/5187 5376/5376/5129
f 5438/5438/5188 5377/5377/5130 5313/5313/5069
f 5438/5438/5188 5313/5313/5069 5376/5376/5129
f 5314/5314/5070 5377/5377/5130 5439/5439/5189
f 5314/5314/5070 5439/5439/5189 5378/5378/5131
f 5380/5380/5132 5379/5379/5071 5440/5440/5131
f 5380/5380/5132 5440/5440/5131 5441/5441/5190
f 5317/5317/5072 5380/5380/5132 5442/5442/5191
f 5317/5317/5072 5442/5442/5191 5381/5381/5133
f 5382/5382/5134 5318/5318/5073 5381/5381/5133
f 5382/5382/5134 5381/5381/5133 5443/5443/5192
f 5319/5319/5074 5382/5382/5134 5444/5444/5193
f 5319/5319/5074 5444/5444/5193 5383/5383/5135
f 5384/5384/5136 5320/5320/5075 5383/5383/5135
f 5384/5384/5136 5383/5383/5135 5445/5445/5194
f 5321/5321/5076 5384/5384/5136 5446/5446/5195
f 5321/5321/5076 5446/5446/5195 5385/5385/5137
f 5322/5322/5077 5385/5385/5137 5447/5447/5196
f 5322/5322/5077 5447/5447/5196 5386/5386/5138
f 5387/5387/5139 5323/5323/5078 5386/5386/5138
f 5387/5387/5139 5386/5386/5138 5448/5448/5197
f 5388/5388/5140 5324/5324/5079 5387/5387/5139
f 5388/5388/5140 5387/5387/5139 5449/5449/5198
f 5325/5325/5080 5388/5388/5140 5450/5450/5199
f 5325/5325/5080 5450/5450/5199 5389/5389/5141
f 5390/5390/5142 5326/5326/5081 5389/5389/5141
f 5390/5390/5142 5389/5389/5141 5451/5451/5200
f 5329/5329/5084 5391/5391/5143 5452/5452/5142
f 5329/5329/5084 5452/5452/5142 5392/5392/5144
f 5330/5330/5085 5392/5392/5144 5453/5453/5201
f 5330/5330/5085 5453/5453/5201 5393/5393/5145
f 5331/5331/5086 5393/5393/5145 5454/5454/5202
f 5331/5331/5086 5454/5454/5202 5394/5394/5146
f 5332/5332/5087 5394/5394/5146 5455/5455/5203
f 5332/5332/5087 5455/5455/5203 5395/5395/5147
f 5395/5395/5147 5456/5456/5204 5396/5396/5148
f 5395/5395/5147 5396/5396/5148 5333/5333/5088
f 5396/5396/5148 5457/5457/5205 5397/5397/5149
f 5396/5396/5148 5397/5397/5149 5334/5334/5089
f 5335/5335/5090 5397/5397/5149 5458/5458/5206
f 5335/5335/5090 5458/5458/5206 5398/5398/5150
f 5399/5399/5151 5398/5398/5150 5459/5459/5207
f 5399/5399/5151 5459/5459/5207 5460/5460/5208
f 5399/5399/5151 5460/5460/5208 5400/5400/5152
f 5399/5399/5151 5400/5400/5152 5337/5337/5092
f 5400/5400/5152 5461/5461/5209 5401/5401/5153
f 5400/5400/5152 5401/5401/5153 5338/5338/5093
f 5339/5339/5094 5401/5401/5153 5462/5462/5210
f 5339/5339/5094 5462/5462/5210 5402/5402/5154
f 5340/5340/5095 5402/5402/5154 5463/5463/5211
f 5340/5340/5095 5463/5463/5211 5403/5403/5155
f 5341/5341/5096 5403/5403/5155 5464/5464/5212
f 5341/5341/5096 5464/5464/5212 5404/5404/5156
f 5404/5404/5156 5465/5465/5213 5405/5405/5157
f 5404/5404/5156 5405/5405/5157 5342/5342/5097
f 5343/5343/5098 5405/5405/5157 5466/5466/5214
f 5343/5343/5098 5466/5466/5214 5406/5406/5158
f 5344/5344/5099 5406/5406/5158 5467/5467/5215
f 5344/5344/5099 5467/5467/5215 5407/5407/5159
f 5345/5345/5100 5407/5407/5159 5468/5468/5216
f 5345/5345/5100 5468/5468/5216 5408/5408/5160
f 5346/5346/5101 5408/5408/5160 5469/5469/5217
f 5346/5346/5101 5469/5469/5217 5409/5409/5161
f 5470/5470/5218 5410/5410/5162 5347/5347/5102
f 5470/5470/5218 5347/5347/5102 5409/5409/5161
f 5348/5348/5103 5410/5410/5162 5471/5471/5219
f 5348/5348/5103 5471/5471/5219 5411/5411/5163
f 5411/5411/5163 5472/5472/5220 5412/5412/5164
f 5411/5411/5163 5412/5412/5164 5349/5349/5104
f 5350/5350/5105 5412/5412/5164 5473/5473/5221
f 5350/5350/5105 5473/5473/5221 5413/5413/5165
f 5351/5351/5106 5413/5413/5165 5474/5474/5222
f 5351/5351/5106 5474/5474/5222 5414/5414/5166
f 5414/5414/5166 5474/5474/5222 5415/5415/5167
f 5414/5414/5166 5415/5415/5167 5353/5353/5108
f 5475/5475/5223 5476/5476/5168 5416/5416/5109
f 5475/5475/5223 5416/5416/5109 5415/5415/5167
f 5356/5356/5110 5417/5417/5168 5477/5477/5224
f 5356/5356/5110 5477/5477/5224 5418/5418/5169
f 5357/5357/5111 5418/5418/5169 5478/5478/5225
f 5357/5357/5111 5478/5478/5225 5419/5419/5170
f 5358/5358/5112 5419/5419/5170 5479/5479/5226
f 5358/5358/5112 5479/5479/5226 5420/5420/5171
f 5421/5421/5172 5359/5359/5113 5420/5420/5171
f 5421/5421/5172 5420/5420/5171 5480/5480/5227
f 5360/5360/5114 5421/5421/5172 5481/5481/5228
f 5360/5360/5114 5481/5481/5228 5422/5422/5173
f 5361/5361/5115 5422/5422/5173 5482/5482/5229
f 5361/5361/5115 5482/5482/5229 5423/5423/5174
f 5362/5362/5116 5423/5423/5174 5483/5483/5230
f 5362/5362/5116 5483/5483/5230 5424/5424/5175
f 5363/5363/5117 5424/5424/5175 5484/5484/5231
f 5363/5363/5117 5484/5484/5231 5425/5425/5176
f 5364/5364/5118 5425/5425/5176 5485/5485/5232
f 5364/5364/5118 5485/5485/5232 5426/5426/5177
f 5366/5366/5119 5426/5426/5177 5486/5486/5233
f 5366/5366/5119 5486/5486/5233 5428/5428/5178
f 5427/5427/5120 5428/5428/5178 5487/5487/5234
f 5427/5427/5120 5487/5487/5234 5488/5488/5235
f 5430/5430/5180 5368/5368/5121 5429/5429/5179
f 5430/5430/5180 5429/5429/5179 5489/5489/5236
f 5431/5431/5181 5369/5369/5122 5430/5430/5180
f 5431/5431/5181 5430/5430/5180 5490/5490/5237
f 5431/5431/5181 5491/5491/5238 5432/5432/5182
f 5431/5431/5181 5432/5432/5182 5370/5370/5123
f 5371/5371/5124 5432/5432/5182 5492/5492/5239
f 5371/5371/5124 5492/5492/5239 5433/5433/5183
f 5434/5434/5184 5372/5372/5125 5433/5433/5183
f 5434/5434/5184 5433/5433/5183 5493/5493/5240
f 5435/5435/5185 5373/5373/5126 5434/5434/5184
f 5435/5435/5185 5434/5434/5184 5494/5494/5241
f 5435/5435/5185 5495/5495/5242 5436/5436/5186
f 5435/5435/5185 5436/5436/5186 5374/5374/5127
f 5375/5375/5128 5436/5436/5186 5496/5496/5243
f 5375/5375/5128 5496/5496/5243 5437/5437/5187
f 5438/5438/5188 5376/5376/5129 5437/5437/5187
f 5438/5438/5188 5437/5437/5187 5497/5497/5244
f 5439/5439/5189 5377/5377/5130 5438/5438/5188
f 5439/5439/5189 5438/5438/5188 5498/5498/5245
f 5440/5440/5131 5499/5499/5189 5500/5500/5246
f 5440/5440/5131 5500/5500/5246 5441/5441/5190
f 5380/5380/5132 5441/5441/5190 5501/5501/5247
f 5380/5380/5132 5501/5501/5247 5442/5442/5191
f 5381/5381/5133 5442/5442/5191 5502/5502/5248
f 5381/5381/5133 5502/5502/5248 5443/5443/5192
f 5382/5382/5134 5443/5443/5192 5503/5503/5249
f 5382/5382/5134 5503/5503/5249 5444/5444/5193
f 5445/5445/5194 5383/5383/5135 5444/5444/5193
f 5445/5445/5194 5444/5444/5193 5504/5504/5250
f 5384/5384/5136 5445/5445/5194 5505/5505/5251
f 5384/5384/5136 5505/5505/5251 5446/5446/5195
f 5385/5385/5137 5446/5446/5195 5506/5506/5252
f 5385/5385/5137 5506/5506/5252 5447/5447/5196
f 5448/5448/5197 5386/5386/5138 5447/5447/5196
f 5448/5448/5197 5447/5447/5196 5507/5507/5253
f 5387/5387/5139 5448/5448/5197 5508/5508/5254
f 5387/5387/5139 5508/5508/5254 5449/5449/5198
f 5388/5388/5140 5449/5449/5198 5509/5509/5255
f 5388/5388/5140 5509/5509/5255 5450/5450/5199
f 5451/5451/5200 5389/5389/5141 5450/5450/5199
f 5451/5451/5200 5450/5450/5199 5510/5510/5256
f 5452/5452/5142 5511/5511/5200 5453/5453/5201
f 5452/5452/5142 5453/5453/5201 5392/5392/5144
f 5453/5453/5201 5512/5512/5257 5454/5454/5202
f 5453/5453/5201 5454/5454/5202 5393/5393/5145
f 5454/5454/5202 5513/5513/5258 5455/5455/5203
f 5454/5454/5202 5455/5455/5203 5394/5394/5146
f 5455/5455/5203 5514/5514/5259 5456/5456/5204
f 5455/5455/5203 5456/5456/5204 5395/5395/5147
f 5396/5396/5148 5456/5456/5204 5515/5515/5260
f 5396/5396/5148 5515/5515/5260 5457/5457/5205
f 5457/5457/5205 5516/5516/5261 5458/5458/5206
f 5457/5457/5205 5458/5458/5206 5397/5397/5149
f 5458/5458/5206 5517/5517/5262 5459/5459/5207
f 5458/5458/5206 5459/5459/5207 5398/5398/5150
f 5460/5460/5208 5459/5459/5207 5518/5518/5263
f 5460/5460/5208 5518/5518/5263 5519/5519/5264
f 5400/5400/5152 5460/5460/5208 5519/5519/5264
f 5400/5400/5152 5519/5519/5264 5461/5461/5209
f 5401/5401/5153 5461/5461/5209 5520/5520/5265
f 5401/5401/5153 5520/5520/5265 5462/5462/5210
f 5402/5402/5154 5462/5462/5210 5521/5521/5266
f 5402/5402/5154 5521/5521/5266 5463/5463/5211
f 5403/5403/5155 5463/5463/5211 5522/5522/5267
f 5403/5403/5155 5522/5522/5267 5464/5464/5212
f 5464/5464/5212 5523/5523/5268 5465/5465/5213
f 5464/5464/5212 5465/5465/5213 5404/5404/5156
f 5465/5465/5213 5524/5524/5269 5466/5466/5214
f 5465/5465/5213 5466/5466/5214 5405/5405/5157
f 5406/5406/5158 5466/5466/5214 5525/5525/5270
f 5406/5406/5158 5525/5525/5270 5467/5467/5215
f 5467/5467/5215 5526/5526/5271 5468/5468/5216
f 5467/5467/5215 5468/5468/5216 5407/5407/5159
f 5469/5469/5217 5408/5408/5160 5468/5468/5216
f 5469/5469/5217 5468/5468/5216 5527/5527/5272
f 5469/5469/5217 5528/5528/5273 5470/5470/5218
f 5469/5469/5217 5470/5470/5218 5409/5409/5161
f 5470/5470/5218 5529/5529/5274 5471/5471/5219
f 5470/5470/5218 5471/5471/5219 5410/5410/5162
f 5411/5411/5163 5471/5471/5219 5530/5530/5275
f 5411/5411/5163 5530/5530/5275 5472/5472/5220
f 5472/5472/5220 5531/5531/5276 5473/5473/5221
f 5472/5472/5220 5473/5473/5221 5412/5412/5164
f 5474/5474/5222 5413/5413/5165 5473/5473/5221
f 5474/5474/5222 5473/5473/5221 5532/5532/5277
f 5474/5474/5222 5532/5532/5277 5475/5475/5223
f 5474/5474/5222 5475/5475/5223 5415/5415/5167
f 5475/5475/5223 5533/5533/5278 5534/5534/5279
f 5475/5475/5223 5534/5534/5279 5476/5476/5168
f 5418/5418/5169 5477/5477/5224 5535/5535/5280
f 5418/5418/5169 5535/5535/5280 5478/5478/5225
f 5419/5419/5170 5478/5478/5225 5536/5536/5281
f 5419/5419/5170 5536/5536/5281 5479/5479/5226
f 5420/5420/5171 5479/5479/5226 5537/5537/5282
f 5420/5420/5171 5537/5537/5282 5480/5480/5227
f 5421/5421/5172 5480/5480/5227 5538/5538/5283
f 5421/5421/5172 5538/5538/5283 5481/5481/5228
f 5422/5422/5173 5481/5481/5228 5539/5539/5284
f 5422/5422/5173 5539/5539/5284 5482/5482/5229
f 5423/5423/5174 5482/5482/5229 5540/5540/5285
f 5423/5423/5174 5540/5540/5285 5483/5483/5230
f 5424/5424/5175 5483/5483/5230 5541/5541/5286
f 5424/5424/5175 5541/5541/5286 5484/5484/5231
f 5485/5485/5232 5425/5425/5176 5484/5484/5231
f 5485/5485/5232 5484/5484/5231 5542/5542/5287
f 5426/5426/5177 5485/5485/5232 5543/5543/5288
f 5426/5426/5177 5543/5543/5288 5486/5486/5233
f 5487/5487/5234 5428/5428/5178 5486/5486/5233
f 5487/5487/5234 5486/5486/5233 5544/5544/5289
f 5488/5488/5235 5487/5487/5234 5545/5545/5290
f 5488/5488/5235 5545/5545/5290 5546/5546/5291
f 5430/5430/5180 5489/5489/5236 5547/5547/5292
f 5430/5430/5180 5547/5547/5292 5490/5490/5237
f 5431/5431/5181 5490/5490/5237 5548/5548/5293
f 5431/5431/5181 5548/5548/5293 5491/5491/5238
f 5549/5549/5294 5492/5492/5239 5432/5432/5182
f 5549/5549/5294 5432/5432/5182 5491/5491/5238
f 5550/5550/5295 5493/5493/5240 5433/5433/5183
f 5550/5550/5295 5433/5433/5183 5492/5492/5239
f 5434/5434/5184 5493/5493/5240 5551/5551/5296
f 5434/5434/5184 5551/5551/5296 5494/5494/5241
f 5435/5435/5185 5494/5494/5241 5552/5552/5297
f 5435/5435/5185 5552/5552/5297 5495/5495/5242
f 5496/5496/5243 5436/5436/5186 5495/5495/5242
f 5496/5496/5243 5495/5495/5242 5553/5553/5298
f 5496/5496/5243 5554/5554/5299 5497/5497/5244
f 5496/5496/5243 5497/5497/5244 5437/5437/5187
f 5498/5498/5245 5438/5438/5188 5497/5497/5244
f 5498/5498/5245 5497/5497/5244 5555/5555/5300
f 5499/5499/5189 5556/5556/5245 5557/5557/5301
f 5499/5499/5189 5557/5557/5301 5500/5500/5246
f 5501/5501/5247 5441/5441/5190 5500/5500/5246
f 5501/5501/5247 5500/5500/5246 5558/5558/5302
f 5442/5442/5191 5501/5501/5247 5559/5559/5303
f 5442/5442/5191 5559/5559/5303 5502/5502/5248
f 5503/5503/5249 5443/5443/5192 5502/5502/5248
f 5503/5503/5249 5502/5502/5248 5560/5560/5304
f 5504/5504/5250 5444/5444/5193 5503/5503/5249
f 5504/5504/5250 5503/5503/5249 5561/5561/5305
f 5445/5445/5194 5504/5504/5250 5562/5562/5306
f 5445/5445/5194 5562/5562/5306 5505/5505/5251
f 5506/5506/5252 5446/5446/5195 5505/5505/5251
f 5506/5506/5252 5505/5505/5251 5563/5563/5307
f 5507/5507/5253 5447/5447/5196 5506/5506/5252
f 5507/5507/5253 5506/5506/5252 5564/5564/5308
f 5448/5448/5197 5507/5507/5253 5565/5565/5309
f 5448/5448/5197 5565/5565/5309 5508/5508/5254
f 5449/5449/5198 5508/5508/5254 5566/5566/5310
f 5449/5449/5198 5566/5566/5310 5509/5509/5255
f 5510/5510/5256 5450/5450/5199 5509/5509/5255
f 5510/5510/5256 5509/5509/5255 5567/5567/5311
f 5511/5511/5200 5568/5568/5256 5512/5512/5257
f 5511/5511/5200 5512/5512/5257 5453/5453/5201
f 5454/5454/5202 5512/5512/5257 5569/5569/5312
f 5454/5454/5202 5569/5569/5312 5513/5513/5258
f 5455/5455/5203 5513/5513/5258 5570/5570/5313
f 5455/5455/5203 5570/5570/5313 5514/5514/5259
f 5514/5514/5259 5571/5571/5314 5515/5515/5260
f 5514/5514/5259 5515/5515/5260 5456/5456/5204
f 5457/5457/5205 5515/5515/5260 5572/5572/5315
f 5457/5457/5205 5572/5572/5315 5516/5516/5261
f 5516/5516/5261 5573/5573/5316 5517/5517/5262
f 5516/5516/5261 5517/5517/5262 5458/5458/5206
f 5518/5518/5263 5459/5459/5207 5517/5517/5262
f 5518/5518/5263 5517/5517/5262 5574/5574/5317
f 5518/5518/5263 5575/5575/5318 5576/5576/5319
f 5518/5518/5263 5576/5576/5319 5519/5519/5264
f 5519/5519/5264 5576/5576/5319 5520/5520/5265
f 5519/5519/5264 5520/5520/5265 5461/5461/5209
f 5520/5520/5265 5577/5577/5320 5521/5521/5266
f 5520/5520/5265 5521/5521/5266 5462/5462/5210
f 5521/5521/5266 5578/5578/5321 5522/5522/5267
f 5521/5521/5266 5522/5522/5267 5463/5463/5211
f 5464/5464/5212 5522/5522/5267 5579/5579/5322
f 5464/5464/5212 5579/5579/5322 5523/5523/5268
f 5465/5465/5213 5523/5523/5268 5580/5580/5323
f 5465/5465/5213 5580/5580/5323 5524/5524/5269
f 5525/5525/5270 5466/5466/5214 5524/5524/5269
f 5525/5525/5270 5524/5524/5269 5581/5581/5324
f 5525/5525/5270 5582/5582/5325 5526/5526/5271
f 5525/5525/5270 5526/5526/5271 5467/5467/5215
f 5526/5526/5271 5583/5583/5326 5527/5527/5272
f 5526/5526/5271 5527/5527/5272 5468/5468/5216
f 5469/5469/5217 5527/5527/5272 5584/5584/5327
f 5469/5469/5217 5584/5584/5327 5528/5528/5273
f 5470/5470/5218 5528/5528/5273 5585/5585/5328
f 5470/5470/5218 5585/5585/5328 5529/5529/5274
f 5529/5529/5274 5586/5586/5329 5530/5530/5275
f 5529/5529/5274 5530/5530/5275 5471/5471/5219
f 5472/5472/5220 5530/5530/5275 5587/5587/5330
f 5472/5472/5220 5587/5587/5330 5531/5531/5276
f 5531/5531/5276 5588/5588/5331 5532/5532/5277
f 5531/5531/5276 5532/5532/5277 5473/5473/5221
f 5532/5532/5277 5588/5588/5331 5533/5533/5278
f 5532/5532/5277 5533/5533/5278 5475/5475/5223
f 5533/5533/5278 5589/5589/5332 5590/5590/5280
f 5533/5533/5278 5590/5590/5280 5534/5534/5279
f 5478/5478/5225 5535/5535/5280 5591/5591/5333
f 5478/5478/5225 5591/5591/5333 5536/5536/5281
f 5537/5537/5282 5479/5479/5226 5536/5536/5281
f 5537/5537/5282 5536/5536/5281 5592/5592/5334
f 5537/5537/5282 5593/5593/5335 5538/5538/5283
f 5537/5537/5282 5538/5538/5283 5480/5480/5227
f 5481/5481/5228 5538/5538/5283 5594/5594/5336
f 5481/5481/5228 5594/5594/5336 5539/5539/5284
f 5539/5539/5284 5595/5595/5337 5540/5540/5285
f 5539/5539/5284 5540/5540/5285 5482/5482/5229
f 5541/5541/5286 5483/5483/5230 5540/5540/5285
f 5541/5541/5286 5540/5540/5285 5596/5596/5338
f 5542/5542/5287 5484/5484/5231 5541/5541/5286
f 5542/5542/5287 5541/5541/5286 5597/5597/5339
f 5485/5485/5232 5542/5542/5287 5598/5598/5340
f 5485/5485/5232 5598/5598/5340 5543/5543/5288
f 5544/5544/5289 5486/5486/5233 5543/5543/5288
f 5544/5544/5289 5543/5543/5288 5599/5599/5341
f 5487/5487/5234 5544/5544/5289 5600/5600/5342
f 5487/5487/5234 5600/5600/5342 5545/5545/5290
f 5601/5601/5292 5546/5546/5291 5545/5545/5290
f 5601/5601/5292 5545/5545/5290 5602/5602/5343
f 5548/5548/5293 5490/5490/5237 5547/5547/5292
f 5548/5548/5293 5547/5547/5292 5603/5603/5344
f 5549/5549/5294 5491/5491/5238 5548/5548/5293
f 5549/5549/5294 5548/5548/5293 5604/5604/5345
f 5550/5550/5295 5492/5492/5239 5549/5549/5294
f 5550/5550/5295 5549/5549/5294 5605/5605/5346
f 5550/5550/5295 5606/5606/5347 5551/5551/5296
f 5550/5550/5295 5551/5551/5296 5493/5493/5240
f 5494/5494/5241 5551/5551/5296 5607/5607/5348
f 5494/5494/5241 5607/5607/5348 5552/5552/5297
f 5553/5553/5298 5495/5495/5242 5552/5552/5297
f 5553/5553/5298 5552/5552/5297 5608/5608/5349
f 5496/5496/5243 5553/5553/5298 5609/5609/5350
f 5496/5496/5243 5609/5609/5350 5554/5554/5299
f 5555/5555/5300 5497/5497/5244 5554/5554/5299
f 5555/5555/5300 5554/5554/5299 5610/5610/5351
f 5557/5557/5301 5556/5556/5245 5611/5611/5300
f 5557/5557/5301 5611/5611/5300 5612/5612/5352
f 5500/5500/5246 5557/5557/5301 5613/5613/5353
f 5500/5500/5246 5613/5613/5353 5558/5558/5302
f 5559/5559/5303 5501/5501/5247 5558/5558/5302
f 5559/5559/5303 5558/5558/5302 5614/5614/5354
f 5560/5560/5304 5502/5502/5248 5559/5559/5303
f 5560/5560/5304 5559/5559/5303 5615/5615/5355
f 5503/5503/5249 5560/5560/5304 5616/5616/5356
f 5503/5503/5249 5616/5616/5356 5561/5561/5305
f 5504/5504/5250 5561/5561/5305 5617/5617/5357
f 5504/5504/5250 5617/5617/5357 5562/5562/5306
f 5505/5505/5251 5562/5562/5306 5618/5618/5358
f 5505/5505/5251 5618/5618/5358 5563/5563/5307
f 5506/5506/5252 5563/5563/5307 5619/5619/5359
f 5506/5506/5252 5619/5619/5359 5564/5564/5308
f 5507/5507/5253 5564/5564/5308 5620/5620/5360
f 5507/5507/5253 5620/5620/5360 5565/5565/5309
f 5508/5508/5254 5565/5565/5309 5621/5621/5361
f 5508/5508/5254 5621/5621/5361 5566/5566/5310
f 5509/5509/5255 5566/5566/5310 5622/5622/5362
f 5509/5509/5255 5622/5622/5362 5567/5567/5311
f 5568/5568/5256 5623/5623/5363 5569/5569/5312
f 5568/5568/5256 5569/5569/5312 5512/5512/5257
f 5569/5569/5312 5624/5624/5364 5570/5570/5313
f 5569/5569/5312 5570/5570/5313 5513/5513/5258
f 5514/5514/5259 5570/5570/5313 5625/5625/5365
f 5514/5514/5259 5625/5625/5365 5571/5571/5314
f 5515/5515/5260 5571/5571/5314 5626/5626/5366
f 5515/5515/5260 5626/5626/5366 5572/5572/5315
f 5516/5516/5261 5572/5572/5315 5627/5627/5367
f 5516/5516/5261 5627/5627/5367 5573/5573/5316
f 5573/5573/5316 5628/5628/5368 5574/5574/5317
f 5573/5573/5316 5574/5574/5317 5517/5517/5262
f 5518/5518/5263 5574/5574/5317 5629/5629/5369
f 5518/5518/5263 5629/5629/5369 5575/5575/5318
f 5575/5575/5318 5630/5630/5370 5631/5631/5371
f 5575/5575/5318 5631/5631/5371 5576/5576/5319
f 5520/5520/5265 5576/5576/5319 5631/5631/5371
f 5520/5520/5265 5631/5631/5371 5577/5577/5320
f 5577/5577/5320 5632/5632/5372 5578/5578/5321
f 5577/5577/5320 5578/5578/5321 5521/5521/5266
f 5578/5578/5321 5633/5633/5373 5579/5579/5322
f 5578/5578/5321 5579/5579/5322 5522/5522/5267
f 5579/5579/5322 5634/5634/5374 5580/5580/5323
f 5579/5579/5322 5580/5580/5323 5523/5523/5268
f 5580/5580/5323 5635/5635/5375 5581/5581/5324
f 5580/5580/5323 5581/5581/5324 5524/5524/5269
f 5525/5525/5270 5581/5581/5324 5636/5636/5376
f 5525/5525/5270 5636/5636/5376 5582/5582/5325
f 5526/5526/5271 5582/5582/5325 5637/5637/5377
f 5526/5526/5271 5637/5637/5377 5583/5583/5326
f 5583/5583/5326 5638/5638/5378 5584/5584/5327
f 5583/5583/5326 5584/5584/5327 5527/5527/5272
f 5585/5585/5328 5528/5528/5273 5584/5584/5327
f 5585/5585/5328 5584/5584/5327 5639/5639/5379
f 5585/5585/5328 5640/5640/5380 5586/5586/5329
f 5585/5585/5328 5586/5586/5329 5529/5529/5274
f 5587/5587/5330 5530/5530/5275 5586/5586/5329
f 5587/5587/5330 5586/5586/5329 5641/5641/5381
f 5531/5531/5276 5587/5587/5330 5642/5642/5382
f 5531/5531/5276 5642/5642/5382 5588/5588/5331
f 5588/5588/5331 5642/5642/5382 5589/5589/5332
f 5588/5588/5331 5589/5589/5332 5533/5533/5278
f 5643/5643/5383 5644/5644/5384 5590/5590/5280
f 5643/5643/5383 5590/5590/5280 5589/5589/5332
f 5536/5536/5281 5591/5591/5333 5645/5645/5385
f 5536/5536/5281 5645/5645/5385 5592/5592/5334
f 5537/5537/5282 5592/5592/5334 5646/5646/5386
f 5537/5537/5282 5646/5646/5386 5593/5593/5335
f 5538/5538/5283 5593/5593/5335 5647/5647/5387
f 5538/5538/5283 5647/5647/5387 5594/5594/5336
f 5539/5539/5284 5594/5594/5336 5648/5648/5388
f 5539/5539/5284 5648/5648/5388 5595/5595/5337
f 5596/5596/5338 5540/5540/5285 5595/5595/5337
f 5596/5596/5338 5595/5595/5337 5649/5649/5389
f 5541/5541/5286 5596/5596/5338 5650/5650/5390
f 5541/5541/5286 5650/5650/5390 5597/5597/5339
f 5542/5542/5287 5597/5597/5339 5651/5651/5391
f 5542/5542/5287 5651/5651/5391 5598/5598/5340
f 5543/5543/5288 5598/5598/5340 5652/5652/5392
f 5543/5543/5288 5652/5652/5392 5599/5599/5341
f 5600/5600/5342 5544/5544/5289 5599/5599/5341
f 5600/5600/5342 5599/5599/5341 5653/5653/5393
f 5545/5545/5290 5600/5600/5342 5654/5654/5394
f 5545/5545/5290 5654/5654/5394 5602/5602/5343
f 5601/5601/5292 5602/5602/5343 5655/5655/5395
f 5601/5601/5292 5655/5655/5395 5656/5656/5344
f 5604/5604/5345 5548/5548/5293 5603/5603/5344
f 5604/5604/5345 5603/5603/5344 5657/5657/5396
f 5549/5549/5294 5604/5604/5345 5658/5658/5397
f 5549/5549/5294 5658/5658/5397 5605/5605/5346
f 5550/5550/5295 5605/5605/5346 5659/5659/5398
f 5550/5550/5295 5659/5659/5398 5606/5606/5347
f 5551/5551/5296 5606/5606/5347 5660/5660/5399
f 5551/5551/5296 5660/5660/5399 5607/5607/5348
f 5608/5608/5349 5552/5552/5297 5607/5607/5348
f 5608/5608/5349 5607/5607/5348 5661/5661/5400
f 5553/5553/5298 5608/5608/5349 5662/5662/5401
f 5553/5553/5298 5662/5662/5401 5609/5609/5350
f 5610/5610/5351 5554/5554/5299 5609/5609/5350
f 5610/5610/5351 5609/5609/5350 5663/5663/5402
f 5611/5611/5300 5664/5664/5351 5665/5665/5403
f 5611/5611/5300 5665/5665/5403 5612/5612/5352
f 5613/5613/5353 5557/5557/5301 5612/5612/5352
f 5613/5613/5353 5612/5612/5352 5666/5666/5404
f 5558/5558/5302 5613/5613/5353 5667/5667/5405
f 5558/5558/5302 5667/5667/5405 5614/5614/5354
f 5559/5559/5303 5614/5614/5354 5668/5668/5406
f 5559/5559/5303 5668/5668/5406 5615/5615/5355
f 5560/5560/5304 5615/5615/5355 5669/5669/5407
f 5560/5560/5304 5669/5669/5407 5616/5616/5356
f 5561/5561/5305 5616/5616/5356 5670/5670/5408
f 5561/5561/5305 5670/5670/5408 5617/5617/5357
f 5618/5618/5358 5562/5562/5306 5617/5617/5357
f 5618/5618/5358 5617/5617/5357 5671/5671/5409
f 5619/5619/5359 5563/5563/5307 5618/5618/5358
f 5619/5619/5359 5618/5618/5358 5672/5672/5410
f 5620/5620/5360 5564/5564/5308 5619/5619/5359
f 5620/5620/5360 5619/5619/5359 5673/5673/5411
f 5565/5565/5309 5620/5620/5360 5674/5674/5412
f 5565/5565/5309 5674/5674/5412 5621/5621/5361
f 5622/5622/5362 5566/5566/5310 5621/5621/5361
f 5622/5622/5362 5621/5621/5361 5675/5675/5413
f 5623/5623/5363 5676/5676/5362 5624/5624/5364
f 5623/5623/5363 5624/5624/5364 5569/5569/5312
f 5624/5624/5364 5677/5677/5414 5625/5625/5365
f 5624/5624/5364 5625/5625/5365 5570/5570/5313
f 5625/5625/5365 5678/5678/5415 5626/5626/5366
f 5625/5625/5365 5626/5626/5366 5571/5571/5314
f 5572/5572/5315 5626/5626/5366 5679/5679/5416
f 5572/5572/5315 5679/5679/5416 5627/5627/5367
f 5573/5573/5316 5627/5627/5367 5680/5680/5417
f 5573/5573/5316 5680/5680/5417 5628/5628/5368
f 5628/5628/5368 5681/5681/5418 5629/5629/5369
f 5628/5628/5368 5629/5629/5369 5574/5574/5317
f 5629/5629/5369 5682/5682/5419 5630/5630/5370
f 5629/5629/5369 5630/5630/5370 5575/5575/5318
f 5630/5630/5370 5683/5683/5420 5684/5684/5421
f 5630/5630/5370 5684/5684/5421 5631/5631/5371
f 5577/5577/5320 5631/5631/5371 5684/5684/5421
f 5577/5577/5320 5684/5684/5421 5632/5632/5372
f 5578/5578/5321 5632/5632/5372 5685/5685/5422
f 5578/5578/5321 5685/5685/5422 5633/5633/5373
f 5579/5579/5322 5633/5633/5373 5686/5686/5423
f 5579/5579/5322 5686/5686/5423 5634/5634/5374
f 5580/5580/5323 5634/5634/5374 5687/5687/5424
f 5580/5580/5323 5687/5687/5424 5635/5635/5375
f 5581/5581/5324 5635/5635/5375 5688/5688/5425
f 5581/5581/5324 5688/5688/5425 5636/5636/5376
f 5636/5636/5376 5689/5689/5426 5637/5637/5377
f 5636/5636/5376 5637/5637/5377 5582/5582/5325
f 5637/5637/5377 5690/5690/5427 5638/5638/5378
f 5637/5637/5377 5638/5638/5378 5583/5583/5326
f 5638/5638/5378 5691/5691/5428 5639/5639/5379
f 5638/5638/5378 5639/5639/5379 5584/5584/5327
f 5585/5585/5328 5639/5639/5379 5692/5692/5429
f 5585/5585/5328 5692/5692/5429 5640/5640/5380
f 5640/5640/5380 5693/5693/5430 5641/5641/5381
f 5640/5640/5380 5641/5641/5381 5586/5586/5329
f 5587/5587/5330 5641/5641/5381 5694/5694/5431
f 5587/5587/5330 5694/5694/5431 5642/5642/5382
f 5642/5642/5382 5694/5694/5431 5643/5643/5383
f 5642/5642/5382 5643/5643/5383 5589/5589/5332
f 5695/5695/5432 5696/5696/5385 5644/5644/5384
f 5695/5695/5432 5644/5644/5384 5643/5643/5383
f 5645/5645/5385 5697/5697/5433 5646/5646/5386
f 5645/5645/5385 5646/5646/5386 5592/5592/5334
f 5593/5593/5335 5646/5646/5386 5698/5698/5434
f 5593/5593/5335 5698/5698/5434 5647/5647/5387
f 5594/5594/5336 5647/5647/5387 5699/5699/5435
f 5594/5594/5336 5699/5699/5435 5648/5648/5388
f 5595/5595/5337 5648/5648/5388 5700/5700/5436
f 5595/5595/5337 5700/5700/5436 5649/5649/5389
f 5596/5596/5338 5649/5649/5389 5701/5701/5437
f 5596/5596/5338 5701/5701/5437 5650/5650/5390
f 5597/5597/5339 5650/5650/5390 5702/5702/5438
f 5597/5597/5339 5702/5702/5438 5651/5651/5391
f 5598/5598/5340 5651/5651/5391 5703/5703/5439
f 5598/5598/5340 5703/5703/5439 5652/5652/5392
f 5653/5653/5393 5599/5599/5341 5652/5652/5392
f 5653/5653/5393 5652/5652/5392 5704/5704/5440
f 5600/5600/5342 5653/5653/5393 5705/5705/5441
f 5600/5600/5342 5705/5705/5441 5654/5654/5394
f 5602/5602/5343 5654/5654/5394 5706/5706/5442
f 5602/5602/5343 5706/5706/5442 5655/5655/5395
f 5707/5707/5396 5656/5656/5344 5655/5655/5395
f 5707/5707/5396 5655/5655/5395 5708/5708/5443
f 5604/5604/5345 5657/5657/5396 5709/5709/5444
f 5604/5604/5345 5709/5709/5444 5658/5658/5397
f 5605/5605/5346 5658/5658/5397 5710/5710/5445
f 5605/5605/5346 5710/5710/5445 5659/5659/5398
f 5659/5659/5398 5711/5711/5446 5660/5660/5399
f 5659/5659/5398 5660/5660/5399 5606/5606/5347
f 5661/5661/5400 5607/5607/5348 5660/5660/5399
f 5661/5661/5400 5660/5660/5399 5712/5712/5447
f 5608/5608/5349 5661/5661/5400 5713/5713/5448
f 5608/5608/5349 5713/5713/5448 5662/5662/5401
f 5663/5663/5402 5609/5609/5350 5662/5662/5401
f 5663/5663/5402 5662/5662/5401 5714/5714/5449
f 5664/5664/5351 5715/5715/5402 5716/5716/5450
f 5664/5664/5351 5716/5716/5450 5665/5665/5403
f 5612/5612/5352 5665/5665/5403 5717/5717/5451
f 5612/5612/5352 5717/5717/5451 5666/5666/5404
f 5613/5613/5353 5666/5666/5404 5718/5718/5452
f 5613/5613/5353 5718/5718/5452 5667/5667/5405
f 5614/5614/5354 5667/5667/5405 5719/5719/5453
f 5614/5614/5354 5719/5719/5453 5668/5668/5406
f 5615/5615/5355 5668/5668/5406 5720/5720/5454
f 5615/5615/5355 5720/5720/5454 5669/5669/5407
f 5670/5670/5408 5616/5616/5356 5669/5669/5407
f 5670/5670/5408 5669/5669/5407 5721/5721/5455
f 5617/5617/5357 5670/5670/5408 5722/5722/5456
f 5617/5617/5357 5722/5722/5456 5671/5671/5409
f 5618/5618/5358 5671/5671/5409 5723/5723/5457
f 5618/5618/5358 5723/5723/5457 5672/5672/5410
f 5673/5673/5411 5619/5619/5359 5672/5672/5410
f 5673/5673/5411 5672/5672/5410 5724/5724/5458
f 5620/5620/5360 5673/5673/5411 5725/5725/5459
f 5620/5620/5360 5725/5725/5459 5674/5674/5412
f 5675/5675/5413 5621/5621/5361 5674/5674/5412
f 5675/5675/5413 5674/5674/5412 5726/5726/5460
f 5624/5624/5364 5676/5676/5362 5727/5727/5461
f 5624/5624/5364 5727/5727/5461 5677/5677/5414
f 5625/5625/5365 5677/5677/5414 5728/5728/5462
f 5625/5625/5365 5728/5728/5462 5678/5678/5415
f 5678/5678/5415 5729/5729/5463 5679/5679/5416
f 5678/5678/5415 5679/5679/5416 5626/5626/5366
f 5679/5679/5416 5730/5730/5464 5680/5680/5417
f 5679/5679/5416 5680/5680/5417 5627/5627/5367
f 5628/5628/5368 5680/5680/5417 5731/5731/5465
f 5628/5628/5368 5731/5731/5465 5681/5681/5418
f 5629/5629/5369 5681/5681/5418 5732/5732/5466
f 5629/5629/5369 5732/5732/5466 5682/5682/5419
f 5630/5630/5370 5682/5682/5419 5733/5733/5467
f 5630/5630/5370 5733/5733/5467 5683/5683/5420
f 5683/5683/5420 5734/5734/5468 5735/5735/5469
f 5683/5683/5420 5735/5735/5469 5684/5684/5421
f 5684/5684/5421 5735/5735/5469 5685/5685/5422
f 5684/5684/5421 5685/5685/5422 5632/5632/5372
f 5736/5736/5470 5686/5686/5423 5633/5633/5373
f 5736/5736/5470 5633/5633/5373 5685/5685/5422
f 5737/5737/5471 5687/5687/5424 5634/5634/5374
f 5737/5737/5471 5634/5634/5374 5686/5686/5423
f 5738/5738/5472 5688/5688/5425 5635/5635/5375
f 5738/5738/5472 5635/5635/5375 5687/5687/5424
f 5636/5636/5376 5688/5688/5425 5739/5739/5473
f 5636/5636/5376 5739/5739/5473 5689/5689/5426
f 5637/5637/5377 5689/5689/5426 5740/5740/5474
f 5637/5637/5377 5740/5740/5474 5690/5690/5427
f 5690/5690/5427 5741/5741/5475 5691/5691/5428
f 5690/5690/5427 5691/5691/5428 5638/5638/5378
f 5639/5639/5379 5691/5691/5428 5742/5742/5476
f 5639/5639/5379 5742/5742/5476 5692/5692/5429
f 5640/5640/5380 5692/5692/5429 5743/5743/5477
f 5640/5640/5380 5743/5743/5477 5693/5693/5430
f 5693/5693/5430 5744/5744/5478 5694/5694/5431
f 5693/5693/5430 5694/5694/5431 5641/5641/5381
f 5744/5744/5478 5695/5695/5432 5643/5643/5383
f 5744/5744/5478 5643/5643/5383 5694/5694/5431
f 5695/5695/5432 5745/5745/5479 5746/5746/5480
f 5695/5695/5432 5746/5746/5480 5696/5696/5385
f 5646/5646/5386 5697/5697/5433 5747/5747/5481
f 5646/5646/5386 5747/5747/5481 5698/5698/5434
f 5647/5647/5387 5698/5698/5434 5748/5748/5482
f 5647/5647/5387 5748/5748/5482 5699/5699/5435
f 5648/5648/5388 5699/5699/5435 5749/5749/5483
f 5648/5648/5388 5749/5749/5483 5700/5700/5436
f 5649/5649/5389 5700/5700/5436 5750/5750/5484
f 5649/5649/5389 5750/5750/5484 5701/5701/5437
f 5650/5650/5390 5701/5701/5437 5751/5751/5485
f 5650/5650/5390 5751/5751/5485 5702/5702/5438
f 5651/5651/5391 5702/5702/5438 5752/5752/5486
f 5651/5651/5391 5752/5752/5486 5703/5703/5439
f 5652/5652/5392 5703/5703/5439 5753/5753/5487
f 5652/5652/5392 5753/5753/5487 5704/5704/5440
f 5653/5653/5393 5704/5704/5440 5754/5754/5488
f 5653/5653/5393 5754/5754/5488 5705/5705/5441
f 5706/5706/5442 5654/5654/5394 5705/5705/5441
f 5706/5706/5442 5705/5705/5441 5755/5755/5489
f 5708/5708/5443 5655/5655/5395 5706/5706/5442
f 5708/5708/5443 5706/5706/5442 5756/5756/5490
f 5707/5707/5396 5708/5708/5443 5757/5757/5491
f 5707/5707/5396 5757/5757/5491 5758/5758/5492
f 5710/5710/5445 5658/5658/5397 5709/5709/5444
f 5710/5710/5445 5709/5709/5444 5759/5759/5493
f 5659/5659/5398 5710/5710/5445 5760/5760/5494
f 5659/5659/5398 5760/5760/5494 5711/5711/5446
f 5712/5712/5447 5660/5660/5399 5711/5711/5446
f 5712/5712/5447 5711/5711/5446 5761/5761/5495
f 5661/5661/5400 5712/5712/5447 5762/5762/5496
f 5661/5661/5400 5762/5762/5496 5713/5713/5448
f 5714/5714/5449 5662/5662/5401 5713/5713/5448
f 5714/5714/5449 5713/5713/5448 5763/5763/5497
f 5715/5715/5402 5764/5764/5449 5765/5765/5498
f 5715/5715/5402 5765/5765/5498 5716/5716/5450
f 5665/5665/5403 5716/5716/5450 5766/5766/5499
f 5665/5665/5403 5766/5766/5499 5717/5717/5451
f 5718/5718/5452 5666/5666/5404 5717/5717/5451
f 5718/5718/5452 5717/5717/5451 5767/5767/5500
f 5719/5719/5453 5667/5667/5405 5718/5718/5452
f 5719/5719/5453 5718/5718/5452 5768/5768/5501
f 5668/5668/5406 5719/5719/5453 5769/5769/5502
f 5668/5668/5406 5769/5769/5502 5720/5720/5454
f 5721/5721/5455 5669/5669/5407 5720/5720/5454
f 5721/5721/5455 5720/5720/5454 5770/5770/5503
f 5670/5670/5408 5721/5721/5455 5771/5771/5504
f 5670/5670/5408 5771/5771/5504 5722/5722/5456
f 5723/5723/5457 5671/5671/5409 5722/5722/5456
f 5723/5723/5457 5722/5722/5456 5772/5772/5505
f 5724/5724/5458 5672/5672/5410 5723/5723/5457
f 5724/5724/5458 5723/5723/5457 5773/5773/5506
f 5673/5673/5411 5724/5724/5458 5774/5774/5507
f 5673/5673/5411 5774/5774/5507 5725/5725/5459
f 5674/5674/5412 5725/5725/5459 5775/5775/5508
f 5674/5674/5412 5775/5775/5508 5726/5726/5460
f 5677/5677/5414 5727/5727/5461 5776/5776/5509
f 5677/5677/5414 5776/5776/5509 5728/5728/5462
f 5678/5678/5415 5728/5728/5462 5777/5777/5510
f 5678/5678/5415 5777/5777/5510 5729/5729/5463
f 5679/5679/5416 5729/5729/5463 5778/5778/5511
f 5679/5679/5416 5778/5778/5511 5730/5730/5464
f 5680/5680/5417 5730/5730/5464 5779/5779/5512
f 5680/5680/5417 5779/5779/5512 5731/5731/5465
f 5780/5780/5513 5732/5732/5466 5681/5681/5418
f 5780/5780/5513 5681/5681/5418 5731/5731/5465
f 5682/5682/5419 5732/5732/5466 5781/5781/5514
f 5682/5682/5419 5781/5781/5514 5733/5733/5467
f 5683/5683/5420 5733/5733/5467 5782/5782/5515
f 5683/5683/5420 5782/5782/5515 5734/5734/5468
f 5734/5734/5468 5783/5783/5516 5784/5784/5517
f 5734/5734/5468 5784/5784/5517 5735/5735/5469
f 5736/5736/5470 5685/5685/5422 5735/5735/5469
f 5736/5736/5470 5735/5735/5469 5784/5784/5517
f 5736/5736/5470 5785/5785/5518 5737/5737/5471
f 5736/5736/5470 5737/5737/5471 5686/5686/5423
f 5737/5737/5471 5786/5786/5519 5738/5738/5472
f 5737/5737/5471 5738/5738/5472 5687/5687/5424
f 5738/5738/5472 5787/5787/5520 5739/5739/5473
f 5738/5738/5472 5739/5739/5473 5688/5688/5425
f 5739/5739/5473 5788/5788/5521 5740/5740/5474
f 5739/5739/5473 5740/5740/5474 5689/5689/5426
f 5690/5690/5427 5740/5740/5474 5789/5789/5522
f 5690/5690/5427 5789/5789/5522 5741/5741/5475
f 5741/5741/5475 5790/5790/5523 5742/5742/5476
f 5741/5741/5475 5742/5742/5476 5691/5691/5428
f 5692/5692/5429 5742/5742/5476 5791/5791/5524
f 5692/5692/5429 5791/5791/5524 5743/5743/5477
f 5693/5693/5430 5743/5743/5477 5792/5792/5525
f 5693/5693/5430 5792/5792/5525 5744/5744/5478
f 5744/5744/5478 5792/5792/5525 5745/5745/5479
f 5744/5744/5478 5745/5745/5479 5695/5695/5432
f 5793/5793/5526 5794/5794/5527 5746/5746/5480
f 5793/5793/5526 5746/5746/5480 5745/5745/5479
f 5698/5698/5434 5747/5747/5481 5795/5795/5528
f 5698/5698/5434 5795/5795/5528 5748/5748/5482
f 5699/5699/5435 5748/5748/5482 5796/5796/5529
f 5699/5699/5435 5796/5796/5529 5749/5749/5483
f 5750/5750/5484 5700/5700/5436 5749/5749/5483
f 5750/5750/5484 5749/5749/5483 5797/5797/5530
f 5701/5701/5437 5750/5750/5484 5798/5798/5531
f 5701/5701/5437 5798/5798/5531 5751/5751/5485
f 5702/5702/5438 5751/5751/5485 5799/5799/5532
f 5702/5702/5438 5799/5799/5532 5752/5752/5486
f 5703/5703/5439 5752/5752/5486 5800/5800/5533
f 5703/5703/5439 5800/5800/5533 5753/5753/5487
f 5704/5704/5440 5753/5753/5487 5801/5801/5534
f 5704/5704/5440 5801/5801/5534 5754/5754/5488
f 5705/5705/5441 5754/5754/5488 5802/5802/5535
f 5705/5705/5441 5802/5802/5535 5755/5755/5489
f 5706/5706/5442 5755/5755/5489 5803/5803/5536
f 5706/5706/5442 5803/5803/5536 5756/5756/5490
f 5757/5757/5491 5708/5708/5443 5756/5756/5490
f 5757/5757/5491 5756/5756/5490 5804/5804/5537
f 5805/5805/5538 5758/5758/5492 5757/5757/5491
f 5805/5805/5538 5757/5757/5491 5806/5806/5539
f 5710/5710/5445 5759/5759/5493 5807/5807/5540
f 5710/5710/5445 5807/5807/5540 5760/5760/5494
f 5761/5761/5495 5711/5711/5446 5760/5760/5494
f 5761/5761/5495 5760/5760/5494 5808/5808/5541
f 5712/5712/5447 5761/5761/5495 5809/5809/5542
f 5712/5712/5447 5809/5809/5542 5762/5762/5496
f 5763/5763/5497 5713/5713/5448 5762/5762/5496
f 5763/5763/5497 5762/5762/5496 5810/5810/5543
f 5765/5765/5498 5764/5764/5449 5811/5811/5497
f 5765/5765/5498 5811/5811/5497 5812/5812/5544
f 5716/5716/5450 5765/5765/5498 5813/5813/5545
f 5716/5716/5450 5813/5813/5545 5766/5766/5499
f 5717/5717/5451 5766/5766/5499 5814/5814/5546
f 5717/5717/5451 5814/5814/5546 5767/5767/5500
f 5718/5718/5452 5767/5767/5500 5815/5815/5547
f 5718/5718/5452 5815/5815/5547 5768/5768/5501
f 5769/5769/5502 5719/5719/5453 5768/5768/5501
f 5769/5769/5502 5768/5768/5501 5816/5816/5548
f 5770/5770/5503 5720/5720/5454 5769/5769/5502
f 5770/5770/5503 5769/5769/5502 5817/5817/5549
f 5721/5721/5455 5770/5770/5503 5818/5818/5550
f 5721/5721/5455 5818/5818/5550 5771/5771/5504
f 5772/5772/5505 5722/5722/5456 5771/5771/5504
f 5772/5772/5505 5771/5771/5504 5819/5819/5551
f 5723/5723/5457 5772/5772/5505 5820/5820/5552
f 5723/5723/5457 5820/5820/5552 5773/5773/5506
f 5774/5774/5507 5724/5724/5458 5773/5773/5506
f 5774/5774/5507 5773/5773/5506 5821/5821/5553
f 5725/5725/5459 5774/5774/5507 5822/5822/5554
f 5725/5725/5459 5822/5822/5554 5775/5775/5508
f 5776/5776/5509 5823/5823/5508 5777/5777/5510
f 5776/5776/5509 5777/5777/5510 5728/5728/5462
f 5777/5777/5510 5824/5824/5555 5778/5778/5511
f 5777/5777/5510 5778/5778/5511 5729/5729/5463
f 5779/5779/5512 5730/5730/5464 5778/5778/5511
f 5779/5779/5512 5778/5778/5511 5825/5825/5556
f 5779/5779/5512 5826/5826/5557 5780/5780/5513
f 5779/5779/5512 5780/5780/5513 5731/5731/5465
f 5780/5780/5513 5827/5827/5558 5781/5781/5514
f 5780/5780/5513 5781/5781/5514 5732/5732/5466
f 5781/5781/5514 5828/5828/5559 5782/5782/5515
f 5781/5781/5514 5782/5782/5515 5733/5733/5467
f 5734/5734/5468 5782/5782/5515 5829/5829/5560
f 5734/5734/5468 5829/5829/5560 5783/5783/5516
f 5783/5783/5516 5830/5830/5561 5831/5831/5562
f 5783/5783/5516 5831/5831/5562 5784/5784/5517
f 5736/5736/5470 5784/5784/5517 5831/5831/5562
f 5736/5736/5470 5831/5831/5562 5785/5785/5518
f 5737/5737/5471 5785/5785/5518 5832/5832/5563
f 5737/5737/5471 5832/5832/5563 5786/5786/5519
f 5738/5738/5472 5786/5786/5519 5833/5833/5564
f 5738/5738/5472 5833/5833/5564 5787/5787/5520
f 5787/5787/5520 5834/5834/5565 5788/5788/5521
f 5787/5787/5520 5788/5788/5521 5739/5739/5473
f 5789/5789/5522 5740/5740/5474 5788/5788/5521
f 5789/5789/5522 5788/5788/5521 5835/5835/5566
f 5741/5741/5475 5789/5789/5522 5836/5836/5567
f 5741/5741/5475 5836/5836/5567 5790/5790/5523
f 5790/5790/5523 5837/5837/5568 5791/5791/5524
f 5790/5790/5523 5791/5791/5524 5742/5742/5476
f 5791/5791/5524 5838/5838/5569 5792/5792/5525
f 5791/5791/5524 5792/5792/5525 5743/5743/5477
f 5838/5838/5569 5793/5793/5526 5745/5745/5479
f 5838/5838/5569 5745/5745/5479 5792/5792/5525
f 5793/5793/5526 5839/5839/5570 5840/5840/5571
f 5793/5793/5526 5840/5840/5571 5794/5794/5527
f 5841/5841/5572 5796/5796/5529 5748/5748/5482
f 5841/5841/5572 5748/5748/5482 5795/5795/5528
f 5749/5749/5483 5796/5796/5529 5842/5842/5573
f 5749/5749/5483 5842/5842/5573 5797/5797/5530
f 5798/5798/5531 5750/5750/5484 5797/5797/5530
f 5798/5798/5531 5797/5797/5530 5843/5843/5574
f 5751/5751/5485 5798/5798/5531 5844/5844/5575
f 5751/5751/5485 5844/5844/5575 5799/5799/5532
f 5799/5799/5532 5845/5845/5576 5800/5800/5533
f 5799/5799/5532 5800/5800/5533 5752/5752/5486
f 5753/5753/5487 5800/5800/5533 5846/5846/5577
f 5753/5753/5487 5846/5846/5577 5801/5801/5534
f 5754/5754/5488 5801/5801/5534 5847/5847/5578
f 5754/5754/5488 5847/5847/5578 5802/5802/5535
f 5803/5803/5536 5755/5755/5489 5802/5802/5535
f 5803/5803/5536 5802/5802/5535 5848/5848/5579
f 5804/5804/5537 5756/5756/5490 5803/5803/5536
f 5804/5804/5537 5803/5803/5536 5849/5849/5580
f 5757/5757/5491 5804/5804/5537 5850/5850/5581
f 5757/5757/5491 5850/5850/5581 5806/5806/5539
f 5805/5805/5538 5806/5806/5539 5851/5851/5582
f 5805/5805/5538 5851/5851/5582 5852/5852/5583
f 5760/5760/5494 5807/5807/5540 5853/5853/5584
f 5760/5760/5494 5853/5853/5584 5808/5808/5541
f 5761/5761/5495 5808/5808/5541 5854/5854/5585
f 5761/5761/5495 5854/5854/5585 5809/5809/5542
f 5810/5810/5543 5762/5762/5496 5809/5809/5542
f 5810/5810/5543 5809/5809/5542 5855/5855/5586
f 5811/5811/5497 5856/5856/5543 5857/5857/5587
f 5811/5811/5497 5857/5857/5587 5812/5812/5544
f 5765/5765/5498 5812/5812/5544 5858/5858/5588
f 5765/5765/5498 5858/5858/5588 5813/5813/5545
f 5814/5814/5546 5766/5766/5499 5813/5813/5545
f 5814/5814/5546 5813/5813/5545 5859/5859/5589
f 5767/5767/5500 5814/5814/5546 5860/5860/5590
f 5767/5767/5500 5860/5860/5590 5815/5815/5547
f 5816/5816/5548 5768/5768/5501 5815/5815/5547
f 5816/5816/5548 5815/5815/5547 5861/5861/5591
f 5769/5769/5502 5816/5816/5548 5862/5862/5592
f 5769/5769/5502 5862/5862/5592 5817/5817/5549
f 5770/5770/5503 5817/5817/5549 5863/5863/5593
f 5770/5770/5503 5863/5863/5593 5818/5818/5550
f 5819/5819/5551 5771/5771/5504 5818/5818/5550
f 5819/5819/5551 5818/5818/5550 5864/5864/5594
f 5772/5772/5505 5819/5819/5551 5865/5865/5595
f 5772/5772/5505 5865/5865/5595 5820/5820/5552
f 5821/5821/5553 5773/5773/5506 5820/5820/5552
f 5821/5821/5553 5820/5820/5552 5866/5866/5596
f 5774/5774/5507 5821/5821/5553 5867/5867/5597
f 5774/5774/5507 5867/5867/5597 5822/5822/5554
f 5777/5777/5510 5823/5823/5508 5868/5868/5598
f 5777/5777/5510 5868/5868/5598 5824/5824/5555
f 5824/5824/5555 5869/5869/5599 5825/5825/5556
f 5824/5824/5555 5825/5825/5556 5778/5778/5511
f 5779/5779/5512 5825/5825/5556 5870/5870/5600
f 5779/5779/5512 5870/5870/5600 5826/5826/5557
f 5780/5780/5513 5826/5826/5557 5871/5871/5601
f 5780/5780/5513 5871/5871/5601 5827/5827/5558
f 5781/5781/5514 5827/5827/5558 5872/5872/5602
f 5781/5781/5514 5872/5872/5602 5828/5828/5559
f 5782/5782/5515 5828/5828/5559 5873/5873/5603
f 5782/5782/5515 5873/5873/5603 5829/5829/5560
f 5829/5829/5560 5874/5874/5604 5830/5830/5561
f 5829/5829/5560 5830/5830/5561 5783/5783/5516
f 5831/5831/5562 5830/5830/5561 5875/5875/5605
f 5831/5831/5562 5875/5875/5605 5876/5876/5606
f 5831/5831/5562 5876/5876/5606 5832/5832/5563
f 5831/5831/5562 5832/5832/5563 5785/5785/5518
f 5786/5786/5519 5832/5832/5563 5877/5877/5607
f 5786/5786/5519 5877/5877/5607 5833/5833/5564
f 5833/5833/5564 5878/5878/5608 5834/5834/5565
f 5833/5833/5564 5834/5834/5565 5787/5787/5520
f 5834/5834/5565 5879/5879/5609 5835/5835/5566
f 5834/5834/5565 5835/5835/5566 5788/5788/5521
f 5789/5789/5522 5835/5835/5566 5880/5880/5610
f 5789/5789/5522 5880/5880/5610 5836/5836/5567
f 5790/5790/5523 5836/5836/5567 5881/5881/5611
f 5790/5790/5523 5881/5881/5611 5837/5837/5568
f 5791/5791/5524 5837/5837/5568 5882/5882/5612
f 5791/5791/5524 5882/5882/5612 5838/5838/5569
f 5838/5838/5569 5882/5882/5612 5839/5839/5570
f 5838/5838/5569 5839/5839/5570 5793/5793/5526
f 5839/5839/5570 5883/5883/5613 5884/5884/5614
f 5839/5839/5570 5884/5884/5614 5840/5840/5571
f 5841/5841/5572 5885/5885/5615 5842/5842/5573
f 5841/5841/5572 5842/5842/5573 5796/5796/5529
f 5797/5797/5530 5842/5842/5573 5886/5886/5616
f 5797/5797/5530 5886/5886/5616 5843/5843/5574
f 5798/5798/5531 5843/5843/5574 5887/5887/5617
f 5798/5798/5531 5887/5887/5617 5844/5844/5575
f 5799/5799/5532 5844/5844/5575 5888/5888/5618
f 5799/5799/5532 5888/5888/5618 5845/5845/5576
f 5845/5845/5576 5889/5889/5619 5846/5846/5577
f 5845/5845/5576 5846/5846/5577 5800/5800/5533
f 5847/5847/5578 5801/5801/5534 5846/5846/5577
f 5847/5847/5578 5846/5846/5577 5890/5890/5620
f 5802/5802/5535 5847/5847/5578 5891/5891/5621
f 5802/5802/5535 5891/5891/5621 5848/5848/5579
f 5803/5803/5536 5848/5848/5579 5892/5892/5622
f 5803/5803/5536 5892/5892/5622 5849/5849/5580
f 5804/5804/5537 5849/5849/5580 5893/5893/5623
f 5804/5804/5537 5893/5893/5623 5850/5850/5581
f 5806/5806/5539 5850/5850/5581 5894/5894/5624
f 5806/5806/5539 5894/5894/5624 5851/5851/5582
f 5852/5852/5583 5851/5851/5582 5895/5895/5625
f 5852/5852/5583 5895/5895/5625 5896/5896/5584
f 5854/5854/5585 5808/5808/5541 5853/5853/5584
f 5854/5854/5585 5853/5853/5584 5897/5897/5626
f 5855/5855/5586 5809/5809/5542 5854/5854/5585
f 5855/5855/5586 5854/5854/5585 5898/5898/5627
f 5856/5856/5543 5899/5899/5586 5900/5900/5628
f 5856/5856/5543 5900/5900/5628 5857/5857/5587
f 5858/5858/5588 5812/5812/5544 5857/5857/5587
f 5858/5858/5588 5857/5857/5587 5901/5901/5629
f 5859/5859/5589 5813/5813/5545 5858/5858/5588
f 5859/5859/5589 5858/5858/5588 5902/5902/5630
f 5814/5814/5546 5859/5859/5589 5903/5903/5631
f 5814/5814/5546 5903/5903/5631 5860/5860/5590
f 5815/5815/5547 5860/5860/5590 5904/5904/5632
f 5815/5815/5547 5904/5904/5632 5861/5861/5591
f 5816/5816/5548 5861/5861/5591 5905/5905/5633
f 5816/5816/5548 5905/5905/5633 5862/5862/5592
f 5863/5863/5593 5817/5817/5549 5862/5862/5592
f 5863/5863/5593 5862/5862/5592 5906/5906/5634
f 5864/5864/5594 5818/5818/5550 5863/5863/5593
f 5864/5864/5594 5863/5863/5593 5907/5907/5635
f 5819/5819/5551 5864/5864/5594 5908/5908/5636
f 5819/5819/5551 5908/5908/5636 5865/5865/5595
f 5866/5866/5596 5820/5820/5552 5865/5865/5595
f 5866/5866/5596 5865/5865/5595 5909/5909/5637
f 5821/5821/5553 5866/5866/5596 5910/5910/5638
f 5821/5821/5553 5910/5910/5638 5867/5867/5597
f 5868/5868/5598 5911/5911/5597 5869/5869/5599
f 5868/5868/5598 5869/5869/5599 5824/5824/5555
f 5825/5825/5556 5869/5869/5599 5912/5912/5639
f 5825/5825/5556 5912/5912/5639 5870/5870/5600
f 5870/5870/5600 5913/5913/5640 5871/5871/5601
f 5870/5870/5600 5871/5871/5601 5826/5826/5557
f 5827/5827/5558 5871/5871/5601 5914/5914/5641
f 5827/5827/5558 5914/5914/5641 5872/5872/5602
f 5828/5828/5559 5872/5872/5602 5915/5915/5642
f 5828/5828/5559 5915/5915/5642 5873/5873/5603
f 5873/5873/5603 5916/5916/5643 5874/5874/5604
f 5873/5873/5603 5874/5874/5604 5829/5829/5560
f 5874/5874/5604 5917/5917/5644 5875/5875/5605
f 5874/5874/5604 5875/5875/5605 5830/5830/5561
f 5875/5875/5605 5918/5918/5645 5919/5919/5646
f 5875/5875/5605 5919/5919/5646 5876/5876/5606
f 5832/5832/5563 5876/5876/5606 5919/5919/5646
f 5832/5832/5563 5919/5919/5646 5877/5877/5607
f 5833/5833/5564 5877/5877/5607 5920/5920/5647
f 5833/5833/5564 5920/5920/5647 5878/5878/5608
f 5834/5834/5565 5878/5878/5608 5921/5921/5648
f 5834/5834/5565 5921/5921/5648 5879/5879/5609
f 5835/5835/5566 5879/5879/5609 5922/5922/5649
f 5835/5835/5566 5922/5922/5649 5880/5880/5610
f 5836/5836/5567 5880/5880/5610 5923/5923/5650
f 5836/5836/5567 5923/5923/5650 5881/5881/5611
f 5881/5881/5611 5924/5924/5651 5882/5882/5612
f 5881/5881/5611 5882/5882/5612 5837/5837/5568
f 5839/5839/5570 5882/5882/5612 5924/5924/5651
f 5839/5839/5570 5924/5924/5651 5883/5883/5613
f 5925/5925/5652 5926/5926/5653 5884/5884/5614
f 5925/5925/5652 5884/5884/5614 5883/5883/5613
f 5927/5927/5654 5886/5886/5616 5842/5842/5573
f 5927/5927/5654 5842/5842/5573 5885/5885/5615
f 5887/5887/5617 5843/5843/5574 5886/5886/5616
f 5887/5887/5617 5886/5886/5616 5928/5928/5655
f 5844/5844/5575 5887/5887/5617 5929/5929/5656
f 5844/5844/5575 5929/5929/5656 5888/5888/5618
f 5845/5845/5576 5888/5888/5618 5930/5930/5657
f 5845/5845/5576 5930/5930/5657 5889/5889/5619
f 5931/5931/5658 5890/5890/5620 5846/5846/5577
f 5931/5931/5658 5846/5846/5577 5889/5889/5619
f 5847/5847/5578 5890/5890/5620 5932/5932/5659
f 5847/5847/5578 5932/5932/5659 5891/5891/5621
f 5848/5848/5579 5891/5891/5621 5933/5933/5660
f 5848/5848/5579 5933/5933/5660 5892/5892/5622
f 5849/5849/5580 5892/5892/5622 5934/5934/5661
f 5849/5849/5580 5934/5934/5661 5893/5893/5623
f 5894/5894/5624 5850/5850/5581 5893/5893/5623
f 5894/5894/5624 5893/5893/5623 5935/5935/5662
f 5851/5851/5582 5894/5894/5624 5936/5936/5663
f 5851/5851/5582 5936/5936/5663 5895/5895/5625
f 5937/5937/5626 5896/5896/5584 5895/5895/5625
f 5937/5937/5626 5895/5895/5625 5938/5938/5664
f 5898/5898/5627 5854/5854/5585 5897/5897/5626
f 5898/5898/5627 5897/5897/5626 5939/5939/5665
f 5899/5899/5586 5940/5940/5627 5941/5941/5666
f 5899/5899/5586 5941/5941/5666 5900/5900/5628
f 5857/5857/5587 5900/5900/5628 5942/5942/5667
f 5857/5857/5587 5942/5942/5667 5901/5901/5629
f 5858/5858/5588 5901/5901/5629 5943/5943/5668
f 5858/5858/5588 5943/5943/5668 5902/5902/5630
f 5859/5859/5589 5902/5902/5630 5944/5944/5669
f 5859/5859/5589 5944/5944/5669 5903/5903/5631
f 5904/5904/5632 5860/5860/5590 5903/5903/5631
f 5904/5904/5632 5903/5903/5631 5945/5945/5670
f 5861/5861/5591 5904/5904/5632 5946/5946/5671
f 5861/5861/5591 5946/5946/5671 5905/5905/5633
f 5862/5862/5592 5905/5905/5633 5947/5947/5672
f 5862/5862/5592 5947/5947/5672 5906/5906/5634
f 5907/5907/5635 5863/5863/5593 5906/5906/5634
f 5907/5907/5635 5906/5906/5634 5948/5948/5673
f 5908/5908/5636 5864/5864/5594 5907/5907/5635
f 5908/5908/5636 5907/5907/5635 5949/5949/5674
f 5909/5909/5637 5865/5865/5595 5908/5908/5636
f 5909/5909/5637 5908/5908/5636 5950/5950/5675
f 5866/5866/5596 5909/5909/5637 5951/5951/5676
f 5866/5866/5596 5951/5951/5676 5910/5910/5638
f 5911/5911/5597 5952/5952/5638 5912/5912/5639
f 5911/5911/5597 5912/5912/5639 5869/5869/5599
f 5870/5870/5600 5912/5912/5639 5953/5953/5677
f 5870/5870/5600 5953/5953/5677 5913/5913/5640
f 5913/5913/5640 5954/5954/5678 5914/5914/5641
f 5913/5913/5640 5914/5914/5641 5871/5871/5601
f 5914/5914/5641 5955/5955/5679 5915/5915/5642
f 5914/5914/5641 5915/5915/5642 5872/5872/5602
f 5873/5873/5603 5915/5915/5642 5956/5956/5680
f 5873/5873/5603 5956/5956/5680 5916/5916/5643
f 5916/5916/5643 5957/5957/5681 5917/5917/5644
f 5916/5916/5643 5917/5917/5644 5874/5874/5604
f 5875/5875/5605 5917/5917/5644 5958/5958/5682
f 5875/5875/5605 5958/5958/5682 5918/5918/5645
f 5959/5959/5683 5919/5919/5646 5918/5918/5645
f 5959/5959/5683 5918/5918/5645 5960/5960/5684
f 5959/5959/5683 5920/5920/5647 5877/5877/5607
f 5959/5959/5683 5877/5877/5607 5919/5919/5646
f 5921/5921/5648 5878/5878/5608 5920/5920/5647
f 5921/5921/5648 5920/5920/5647 5961/5961/5685
f 5921/5921/5648 5962/5962/5686 5922/5922/5649
f 5921/5921/5648 5922/5922/5649 5879/5879/5609
f 5922/5922/5649 5963/5963/5687 5923/5923/5650
f 5922/5922/5649 5923/5923/5650 5880/5880/5610
f 5881/5881/5611 5923/5923/5650 5964/5964/5688
f 5881/5881/5611 5964/5964/5688 5924/5924/5651
f 5964/5964/5688 5925/5925/5652 5883/5883/5613
f 5964/5964/5688 5883/5883/5613 5924/5924/5651
f 5925/5925/5652 5965/5965/5689 5966/5966/5654
f 5925/5925/5652 5966/5966/5654 5926/5926/5653
f 5927/5927/5654 5967/5967/5690 5928/5928/5655
f 5927/5927/5654 5928/5928/5655 5886/5886/5616
f 5887/5887/5617 5928/5928/5655 5968/5968/5691
f 5887/5887/5617 5968/5968/5691 5929/5929/5656
f 5888/5888/5618 5929/5929/5656 5969/5969/5692
f 5888/5888/5618 5969/5969/5692 5930/5930/5657
f 5970/5970/5693 5931/5931/5658 5889/5889/5619
f 5970/5970/5693 5889/5889/5619 5930/5930/5657
f 5971/5971/5694 5932/5932/5659 5890/5890/5620
f 5971/5971/5694 5890/5890/5620 5931/5931/5658
f 5933/5933/5660 5891/5891/5621 5932/5932/5659
f 5933/5933/5660 5932/5932/5659 5972/5972/5695
f 5892/5892/5622 5933/5933/5660 5973/5973/5696
f 5892/5892/5622 5973/5973/5696 5934/5934/5661
f 5893/5893/5623 5934/5934/5661 5974/5974/5697
f 5893/5893/5623 5974/5974/5697 5935/5935/5662
f 5894/5894/5624 5935/5935/5662 5975/5975/5698
f 5894/5894/5624 5975/5975/5698 5936/5936/5663
f 5895/5895/5625 5936/5936/5663 5976/5976/5699
f 5895/5895/5625 5976/5976/5699 5938/5938/5664
f 5977/5977/5665 5937/5937/5626 5938/5938/5664
f 5977/5977/5665 5938/5938/5664 5978/5978/5700
f 5940/5940/5627 5977/5977/5665 5978/5978/5700
f 5940/5940/5627 5978/5978/5700 5941/5941/5666
f 5900/5900/5628 5941/5941/5666 5979/5979/5701
f 5900/5900/5628 5979/5979/5701 5942/5942/5667
f 5901/5901/5629 5942/5942/5667 5980/5980/5702
f 5901/5901/5629 5980/5980/5702 5943/5943/5668
f 5944/5944/5669 5902/5902/5630 5943/5943/5668
f 5944/5944/5669 5943/5943/5668 5981/5981/5703
f 5903/5903/5631 5944/5944/5669 5982/5982/5704
f 5903/5903/5631 5982/5982/5704 5945/5945/5670
f 5904/5904/5632 5945/5945/5670 5983/5983/5705
f 5904/5904/5632 5983/5983/5705 5946/5946/5671
f 5905/5905/5633 5946/5946/5671 5984/5984/5706
f 5905/5905/5633 5984/5984/5706 5947/5947/5672
f 5948/5948/5673 5906/5906/5634 5947/5947/5672
f 5948/5948/5673 5947/5947/5672 5985/5985/5707
f 5907/5907/5635 5948/5948/5673 5986/5986/5708
f 5907/5907/5635 5986/5986/5708 5949/5949/5674
f 5908/5908/5636 5949/5949/5674 5987/5987/5709
f 5908/5908/5636 5987/5987/5709 5950/5950/5675
f 5909/5909/5637 5950/5950/5675 5988/5988/5710
f 5909/5909/5637 5988/5988/5710 5951/5951/5676
f 5952/5952/5638 5989/5989/5676 5953/5953/5677
f 5952/5952/5638 5953/5953/5677 5912/5912/5639
f 5913/5913/5640 5953/5953/5677 5990/5990/5711
f 5913/5913/5640 5990/5990/5711 5954/5954/5678
f 5914/5914/5641 5954/5954/5678 5991/5991/5712
f 5914/5914/5641 5991/5991/5712 5955/5955/5679
f 5955/5955/5679 5992/5992/5713 5956/5956/5680
f 5955/5955/5679 5956/5956/5680 5915/5915/5642
f 5916/5916/5643 5956/5956/5680 5993/5993/5714
f 5916/5916/5643 5993/5993/5714 5957/5957/5681
f 5957/5957/5681 5994/5994/5715 5958/5958/5682
f 5957/5957/5681 5958/5958/5682 5917/5917/5644
f 5958/5958/5682 5995/5995/5716 5960/5960/5684
f 5958/5958/5682 5960/5960/5684 5918/5918/5645
f 5959/5959/5683 5960/5960/5684 5996/5996/5717
f 5959/5959/5683 5996/5996/5717 5997/5997/5718
f 5959/5959/5683 5997/5997/5718 5961/5961/5685
f 5959/5959/5683 5961/5961/5685 5920/5920/5647
f 5921/5921/5648 5961/5961/5685 5998/5998/5719
f 5921/5921/5648 5998/5998/5719 5962/5962/5686
f 5922/5922/5649 5962/5962/5686 5999/5999/5720
f 5922/5922/5649 5999/5999/5720 5963/5963/5687
f 5964/5964/5688 5923/5923/5650 5963/5963/5687
f 5964/5964/5688 5963/5963/5687 6000/6000/5721
f 5964/5964/5688 6000/6000/5721 5965/5965/5689
f 5964/5964/5688 5965/5965/5689 5925/5925/5652
f 6001/6001/5722 6002/6002/5723 5966/5966/5654
f 6001/6001/5722 5966/5966/5654 5965/5965/5689
f 5967/5967/5690 6003/6003/5724 5968/5968/5691
f 5967/5967/5690 5968/5968/5691 5928/5928/5655
f 5929/5929/5656 5968/5968/5691 6004/6004/5725
f 5929/5929/5656 6004/6004/5725 5969/5969/5692
f 6005/6005/5726 5970/5970/5693 5930/5930/5657
f 6005/6005/5726 5930/5930/5657 5969/5969/5692
f 5970/5970/5693 6006/6006/5727 5971/5971/5694
f 5970/5970/5693 5971/5971/5694 5931/5931/5658
f 5972/5972/5695 5932/5932/5659 5971/5971/5694
f 5972/5972/5695 5971/5971/5694 6007/6007/5728
f 5973/5973/5696 5933/5933/5660 5972/5972/5695
f 5973/5973/5696 5972/5972/5695 6008/6008/5729
f 5974/5974/5697 5934/5934/5661 5973/5973/5696
f 5974/5974/5697 5973/5973/5696 6009/6009/5730
f 5975/5975/5698 5935/5935/5662 5974/5974/5697
f 5975/5975/5698 5974/5974/5697 6010/6010/5731
f 5936/5936/5663 5975/5975/5698 6011/6011/5732
f 5936/5936/5663 6011/6011/5732 5976/5976/5699
f 5978/5978/5700 5938/5938/5664 5976/5976/5699
f 5978/5978/5700 5976/5976/5699 6012/6012/5733
f 5979/5979/5701 5941/5941/5666 5978/5978/5700
f 5979/5979/5701 5978/5978/5700 6012/6012/5733
f 5942/5942/5667 5979/5979/5701 6013/6013/5734
f 5942/5942/5667 6013/6013/5734 5980/5980/5702
f 5981/5981/5703 5943/5943/5668 5980/5980/5702
f 5981/5981/5703 5980/5980/5702 6014/6014/5735
f 5944/5944/5669 5981/5981/5703 6015/6015/5736
f 5944/5944/5669 6015/6015/5736 5982/5982/5704
f 5983/5983/5705 5945/5945/5670 5982/5982/5704
f 5983/5983/5705 5982/5982/5704 6016/6016/5737
f 5946/5946/5671 5983/5983/5705 6017/6017/5738
f 5946/5946/5671 6017/6017/5738 5984/5984/5706
f 5985/5985/5707 5947/5947/5672 5984/5984/5706
f 5985/5985/5707 5984/5984/5706 6018/6018/5739
f 5948/5948/5673 5985/5985/5707 6019/6019/5740
f 5948/5948/5673 6019/6019/5740 5986/5986/5708
f 5949/5949/5674 5986/5986/5708 6020/6020/5741
f 5949/5949/5674 6020/6020/5741 5987/5987/5709
f 5950/5950/5675 5987/5987/5709 6021/6021/5742
f 5950/5950/5675 6021/6021/5742 5988/5988/5710
f 5989/5989/5676 6022/6022/5710 5990/5990/5711
f 5989/5989/5676 5990/5990/5711 5953/5953/5677
f 5990/5990/5711 6023/6023/5743 5991/5991/5712
f 5990/5990/5711 5991/5991/5712 5954/5954/5678
f 5955/5955/5679 5991/5991/5712 6024/6024/5744
f 5955/5955/5679 6024/6024/5744 5992/5992/5713
f 5992/5992/5713 6025/6025/5745 5993/5993/5714
f 5992/5992/5713 5993/5993/5714 5956/5956/5680
f 5957/5957/5681 5993/5993/5714 6026/6026/5746
f 5957/5957/5681 6026/6026/5746 5994/5994/5715
f 5958/5958/5682 5994/5994/5715 6027/6027/5747
f 5958/5958/5682 6027/6027/5747 5995/5995/5716
f 5960/5960/5684 5995/5995/5716 6028/6028/5748
f 5960/5960/5684 6028/6028/5748 5996/5996/5717
f 5996/5996/5717 6029/6029/5749 6030/6030/5750
f 5996/5996/5717 6030/6030/5750 5997/5997/5718
f 6030/6030/5750 5998/5998/5719 5961/5961/5685
f 6030/6030/5750 5961/5961/5685 5997/5997/5718
f 5962/5962/5686 5998/5998/5719 6031/6031/5751
f 5962/5962/5686 6031/6031/5751 5999/5999/5720
f 5999/5999/5720 6032/6032/5752 6000/6000/5721
f 5999/5999/5720 6000/6000/5721 5963/5963/5687
f 6032/6032/5752 6001/6001/5722 5965/5965/5689
f 6032/6032/5752 5965/5965/5689 6000/6000/5721
f 6001/6001/5722 6033/6033/5753 6034/6034/5754
f 6001/6001/5722 6034/6034/5754 6002/6002/5723
f 6004/6004/5725 5968/5968/5691 6003/6003/5724
f 6004/6004/5725 6003/6003/5724 6035/6035/5755
f 6005/6005/5726 5969/5969/5692 6004/6004/5725
f 6005/6005/5726 6004/6004/5725 6036/6036/5756
f 6005/6005/5726 6037/6037/5757 6006/6006/5727
f 6005/6005/5726 6006/6006/5727 5970/5970/5693
f 6007/6007/5728 5971/5971/5694 6006/6006/5727
f 6007/6007/5728 6006/6006/5727 6038/6038/5758
f 6008/6008/5729 5972/5972/5695 6007/6007/5728
f 6008/6008/5729 6007/6007/5728 6039/6039/5759
f 5973/5973/5696 6008/6008/5729 6040/6040/5760
f 5973/5973/5696 6040/6040/5760 6009/6009/5730
f 5974/5974/5697 6009/6009/5730 6041/6041/5761
f 5974/5974/5697 6041/6041/5761 6010/6010/5731
f 5975/5975/5698 6010/6010/5731 6042/6042/5762
f 5975/5975/5698 6042/6042/5762 6011/6011/5732
f 6043/6043/5763 6012/6012/5733 5976/5976/5699
f 6043/6043/5763 5976/5976/5699 6011/6011/5732
f 5979/5979/5701 6012/6012/5733 6043/6043/5763
f 5979/5979/5701 6043/6043/5763 6013/6013/5734
f 5980/5980/5702 6013/6013/5734 6044/6044/5764
f 5980/5980/5702 6044/6044/5764 6014/6014/5735
f 5981/5981/5703 6014/6014/5735 6045/6045/5765
f 5981/5981/5703 6045/6045/5765 6015/6015/5736
f 6016/6016/5737 5982/5982/5704 6015/6015/5736
f 6016/6016/5737 6015/6015/5736 6046/6046/5766
f 5983/5983/5705 6016/6016/5737 6047/6047/5767
f 5983/5983/5705 6047/6047/5767 6017/6017/5738
f 5984/5984/5706 6017/6017/5738 6048/6048/5768
f 5984/5984/5706 6048/6048/5768 6018/6018/5739
f 5985/5985/5707 6018/6018/5739 6049/6049/5769
f 5985/5985/5707 6049/6049/5769 6019/6019/5740
f 5986/5986/5708 6019/6019/5740 6050/6050/5770
f 5986/5986/5708 6050/6050/5770 6020/6020/5741
f 6021/6021/5742 5987/5987/5709 6020/6020/5741
f 6021/6021/5742 6020/6020/5741 6051/6051/5771
f 6022/6022/5710 6052/6052/5742 6023/6023/5743
f 6022/6022/5710 6023/6023/5743 5990/5990/5711
f 6023/6023/5743 6053/6053/5772 6024/6024/5744
f 6023/6023/5743 6024/6024/5744 5991/5991/5712
f 5992/5992/5713 6024/6024/5744 6054/6054/5773
f 5992/5992/5713 6054/6054/5773 6025/6025/5745
f 6025/6025/5745 6055/6055/5774 6026/6026/5746
f 6025/6025/5745 6026/6026/5746 5993/5993/5714
f 5994/5994/5715 6026/6026/5746 6056/6056/5775
f 5994/5994/5715 6056/6056/5775 6027/6027/5747
f 6027/6027/5747 6057/6057/5776 6028/6028/5748
f 6027/6027/5747 6028/6028/5748 5995/5995/5716
f 5996/5996/5717 6028/6028/5748 6058/6058/5777
f 5996/5996/5717 6058/6058/5777 6029/6029/5749
f 6030/6030/5750 6029/6029/5749 6059/6059/5778
f 6030/6030/5750 6059/6059/5778 6060/6060/5779
f 6030/6030/5750 6060/6060/5779 6031/6031/5751
f 6030/6030/5750 6031/6031/5751 5998/5998/5719
f 5999/5999/5720 6031/6031/5751 6061/6061/5780
f 5999/5999/5720 6061/6061/5780 6032/6032/5752
f 6032/6032/5752 6061/6061/5780 6033/6033/5753
f 6032/6032/5752 6033/6033/5753 6001/6001/5722
f 6033/6033/5753 6062/6062/5781 6063/6063/5782
f 6033/6033/5753 6063/6063/5782 6034/6034/5754
f 6004/6004/5725 6035/6035/5755 6064/6064/5783
f 6004/6004/5725 6064/6064/5783 6036/6036/5756
f 6005/6005/5726 6036/6036/5756 6065/6065/5784
f 6005/6005/5726 6065/6065/5784 6037/6037/5757
f 6006/6006/5727 6037/6037/5757 6066/6066/5785
f 6006/6006/5727 6066/6066/5785 6038/6038/5758
f 6007/6007/5728 6038/6038/5758 6067/6067/5786
f 6007/6007/5728 6067/6067/5786 6039/6039/5759
f 6008/6008/5729 6039/6039/5759 6068/6068/5787
f 6008/6008/5729 6068/6068/5787 6040/6040/5760
f 6009/6009/5730 6040/6040/5760 6069/6069/5788
f 6009/6009/5730 6069/6069/5788 6041/6041/5761
f 6010/6010/5731 6041/6041/5761 6070/6070/5789
f 6010/6010/5731 6070/6070/5789 6042/6042/5762
f 6043/6043/5763 6011/6011/5732 6042/6042/5762
f 6043/6043/5763 6042/6042/5762 6071/6071/5790
f 6044/6044/5764 6013/6013/5734 6043/6043/5763
f 6044/6044/5764 6043/6043/5763 6071/6071/5790
f 6014/6014/5735 6044/6044/5764 6072/6072/5791
f 6014/6014/5735 6072/6072/5791 6045/6045/5765
f 6046/6046/5766 6015/6015/5736 6045/6045/5765
f 6046/6046/5766 6045/6045/5765 6073/6073/5792
f 6016/6016/5737 6046/6046/5766 6074/6074/5793
f 6016/6016/5737 6074/6074/5793 6047/6047/5767
f 6048/6048/5768 6017/6017/5738 6047/6047/5767
f 6048/6048/5768 6047/6047/5767 6075/6075/5794
f 6049/6049/5769 6018/6018/5739 6048/6048/5768
f 6049/6049/5769 6048/6048/5768 6076/6076/5795
f 6050/6050/5770 6019/6019/5740 6049/6049/5769
f 6050/6050/5770 6049/6049/5769 6077/6077/5796
f 6051/6051/5771 6020/6020/5741 6050/6050/5770
f 6051/6051/5771 6050/6050/5770 6078/6078/5797
f 6052/6052/5742 6079/6079/5771 6053/6053/5772
f 6052/6052/5742 6053/6053/5772 6023/6023/5743
f 6053/6053/5772 6080/6080/5798 6054/6054/5773
f 6053/6053/5772 6054/6054/5773 6024/6024/5744
f 6054/6054/5773 6081/6081/5799 6055/6055/5774
f 6054/6054/5773 6055/6055/5774 6025/6025/5745
f 6055/6055/5774 6082/6082/5800 6056/6056/5775
f 6055/6055/5774 6056/6056/5775 6026/6026/5746
f 6027/6027/5747 6056/6056/5775 6083/6083/5801
f 6027/6027/5747 6083/6083/5801 6057/6057/5776
f 6057/6057/5776 6084/6084/5802 6058/6058/5777
f 6057/6057/5776 6058/6058/5777 6028/6028/5748
f 6059/6059/5778 6029/6029/5749 6058/6058/5777
f 6059/6059/5778 6058/6058/5777 6085/6085/5803
f 6059/6059/5778 6086/6086/5804 6087/6087/5805
f 6059/6059/5778 6087/6087/5805 6060/6060/5779
f 6060/6060/5779 6087/6087/5805 6061/6061/5780
f 6060/6060/5779 6061/6061/5780 6031/6031/5751
f 6033/6033/5753 6061/6061/5780 6087/6087/5805
f 6033/6033/5753 6087/6087/5805 6062/6062/5781
f 6062/6062/5781 6088/6088/5806 6089/6089/5807
f 6062/6062/5781 6089/6089/5807 6063/6063/5782
f 6064/6064/5783 6090/6090/5808 6065/6065/5784
f 6064/6064/5783 6065/6065/5784 6036/6036/5756
f 6037/6037/5757 6065/6065/5784 6091/6091/5809
f 6037/6037/5757 6091/6091/5809 6066/6066/5785
f 6066/6066/5785 6092/6092/5810 6067/6067/5786
f 6066/6066/5785 6067/6067/5786 6038/6038/5758
f 6039/6039/5759 6067/6067/5786 6093/6093/5811
f 6039/6039/5759 6093/6093/5811 6068/6068/5787
f 6068/6068/5787 6094/6094/5812 6069/6069/5788
f 6068/6068/5787 6069/6069/5788 6040/6040/5760
f 6041/6041/5761 6069/6069/5788 6095/6095/5813
f 6041/6041/5761 6095/6095/5813 6070/6070/5789
f 6071/6071/5790 6042/6042/5762 6070/6070/5789
f 6071/6071/5790 6070/6070/5789 6096/6096/5814
f 6072/6072/5791 6044/6044/5764 6071/6071/5790
f 6072/6072/5791 6071/6071/5790 6096/6096/5814
f 6045/6045/5765 6072/6072/5791 6097/6097/5815
f 6045/6045/5765 6097/6097/5815 6073/6073/5792
f 6046/6046/5766 6073/6073/5792 6098/6098/5816
f 6046/6046/5766 6098/6098/5816 6074/6074/5793
f 6075/6075/5794 6047/6047/5767 6074/6074/5793
f 6075/6075/5794 6074/6074/5793 6099/6099/5817
f 6076/6076/5795 6048/6048/5768 6075/6075/5794
f 6076/6076/5795 6075/6075/5794 6100/6100/5818
f 6049/6049/5769 6076/6076/5795 6101/6101/5819
f 6049/6049/5769 6101/6101/5819 6077/6077/5796
f 6078/6078/5797 6050/6050/5770 6077/6077/5796
f 6078/6078/5797 6077/6077/5796 6102/6102/5820
f 6053/6053/5772 6079/6079/5771 6103/6103/5821
f 6053/6053/5772 6103/6103/5821 6080/6080/5798
f 6080/6080/5798 6104/6104/5822 6081/6081/5799
f 6080/6080/5798 6081/6081/5799 6054/6054/5773
f 6055/6055/5774 6081/6081/5799 6105/6105/5823
f 6055/6055/5774 6105/6105/5823 6082/6082/5800
f 6056/6056/5775 6082/6082/5800 6106/6106/5824
f 6056/6056/5775 6106/6106/5824 6083/6083/5801
f 6083/6083/5801 6107/6107/5825 6084/6084/5802
f 6083/6083/5801 6084/6084/5802 6057/6057/5776
f 6084/6084/5802 6108/6108/5826 6085/6085/5803
f 6084/6084/5802 6085/6085/5803 6058/6058/5777
f 6059/6059/5778 6085/6085/5803 6109/6109/5827
f 6059/6059/5778 6109/6109/5827 6086/6086/5804
f 6086/6086/5804 6088/6088/5806 6062/6062/5781
f 6086/6086/5804 6062/6062/5781 6087/6087/5805
f 6110/6110/5828 6111/6111/5808 6089/6089/5807
f 6110/6110/5828 6089/6089/5807 6088/6088/5806
f 6065/6065/5784 6090/6090/5808 6112/6112/5829
f 6065/6065/5784 6112/6112/5829 6091/6091/5809
f 6066/6066/5785 6091/6091/5809 6113/6113/5830
f 6066/6066/5785 6113/6113/5830 6092/6092/5810
f 6093/6093/5811 6067/6067/5786 6092/6092/5810
f 6093/6093/5811 6092/6092/5810 6114/6114/5831
f 6068/6068/5787 6093/6093/5811 6115/6115/5832
f 6068/6068/5787 6115/6115/5832 6094/6094/5812
f 6095/6095/5813 6069/6069/5788 6094/6094/5812
f 6095/6095/5813 6094/6094/5812 6116/6116/5833
f 6096/6096/5814 6070/6070/5789 6095/6095/5813
f 6096/6096/5814 6095/6095/5813 6117/6117/5834
f 6072/6072/5791 6096/6096/5814 6117/6117/5834
f 6072/6072/5791 6117/6117/5834 6097/6097/5815
f 6098/6098/5816 6073/6073/5792 6097/6097/5815
f 6098/6098/5816 6097/6097/5815 6118/6118/5835
f 6099/6099/5817 6074/6074/5793 6098/6098/5816
f 6099/6099/5817 6098/6098/5816 6119/6119/5836
f 6075/6075/5794 6099/6099/5817 6120/6120/5837
f 6075/6075/5794 6120/6120/5837 6100/6100/5818
f 6076/6076/5795 6100/6100/5818 6121/6121/5838
f 6076/6076/5795 6121/6121/5838 6101/6101/5819
f 6102/6102/5820 6077/6077/5796 6101/6101/5819
f 6102/6102/5820 6101/6101/5819 6122/6122/5839
f 6103/6103/5821 6123/6123/5840 6104/6104/5822
f 6103/6103/5821 6104/6104/5822 6080/6080/5798
f 6104/6104/5822 6124/6124/5841 6105/6105/5823
f 6104/6104/5822 6105/6105/5823 6081/6081/5799
f 6105/6105/5823 6125/6125/5842 6106/6106/5824
f 6105/6105/5823 6106/6106/5824 6082/6082/5800
f 6083/6083/5801 6106/6106/5824 6126/6126/5843
f 6083/6083/5801 6126/6126/5843 6107/6107/5825
f 6127/6127/5844 6108/6108/5826 6084/6084/5802
f 6127/6127/5844 6084/6084/5802 6107/6107/5825
f 6109/6109/5827 6085/6085/5803 6108/6108/5826
f 6109/6109/5827 6108/6108/5826 6128/6128/5845
f 6086/6086/5804 6109/6109/5827 6110/6110/5828
f 6086/6086/5804 6110/6110/5828 6088/6088/5806
f 6110/6110/5828 6129/6129/5846 6130/6130/5847
f 6110/6110/5828 6130/6130/5847 6111/6111/5808
f 6112/6112/5829 6131/6131/5848 6113/6113/5830
f 6112/6112/5829 6113/6113/5830 6091/6091/5809
f 6113/6113/5830 6132/6132/5849 6114/6114/5831
f 6113/6113/5830 6114/6114/5831 6092/6092/5810
f 6093/6093/5811 6114/6114/5831 6133/6133/5850
f 6093/6093/5811 6133/6133/5850 6115/6115/5832
f 6116/6116/5833 6094/6094/5812 6115/6115/5832
f 6116/6116/5833 6115/6115/5832 6134/6134/5851
f 6117/6117/5834 6095/6095/5813 6116/6116/5833
f 6117/6117/5834 6116/6116/5833 6135/6135/5852
f 6118/6118/5835 6097/6097/5815 6117/6117/5834
f 6118/6118/5835 6117/6117/5834 6135/6135/5852
f 6119/6119/5836 6098/6098/5816 6118/6118/5835
f 6119/6119/5836 6118/6118/5835 6136/6136/5853
f 6099/6099/5817 6119/6119/5836 6137/6137/5854
f 6099/6099/5817 6137/6137/5854 6120/6120/5837
f 6121/6121/5838 6100/6100/5818 6120/6120/5837
f 6121/6121/5838 6120/6120/5837 6138/6138/5855
f 6101/6101/5819 6121/6121/5838 6139/6139/5856
f 6101/6101/5819 6139/6139/5856 6122/6122/5839
f 6104/6104/5822 6123/6123/5840 6140/6140/5839
f 6104/6104/5822 6140/6140/5839 6124/6124/5841
f 6124/6124/5841 6141/6141/5857 6125/6125/5842
f 6124/6124/5841 6125/6125/5842 6105/6105/5823
f 6106/6106/5824 6125/6125/5842 6142/6142/5858
f 6106/6106/5824 6142/6142/5858 6126/6126/5843
f 6126/6126/5843 6143/6143/5859 6127/6127/5844
f 6126/6126/5843 6127/6127/5844 6107/6107/5825
f 6127/6127/5844 6144/6144/5860 6128/6128/5845
f 6127/6127/5844 6128/6128/5845 6108/6108/5826
f 6109/6109/5827 6128/6128/5845 6129/6129/5846
f 6109/6109/5827 6129/6129/5846 6110/6110/5828
f 6129/6129/5846 6145/6145/5861 6146/6146/5862
f 6129/6129/5846 6146/6146/5862 6130/6130/5847
f 6147/6147/5863 6132/6132/5849 6113/6113/5830
f 6147/6147/5863 6113/6113/5830 6131/6131/5848
f 6114/6114/5831 6132/6132/5849 6148/6148/5864
f 6114/6114/5831 6148/6148/5864 6133/6133/5850
f 6134/6134/5851 6115/6115/5832 6133/6133/5850
f 6134/6134/5851 6133/6133/5850 6149/6149/5865
f 6150/6150/5866 6135/6135/5852 6116/6116/5833
f 6150/6150/5866 6116/6116/5833 6134/6134/5851
f 6136/6136/5853 6118/6118/5835 6135/6135/5852
f 6136/6136/5853 6135/6135/5852 6150/6150/5866
f 6119/6119/5836 6136/6136/5853 6151/6151/5867
f 6119/6119/5836 6151/6151/5867 6137/6137/5854
f 6120/6120/5837 6137/6137/5854 6152/6152/5868
f 6120/6120/5837 6152/6152/5868 6138/6138/5855
f 6139/6139/5856 6121/6121/5838 6138/6138/5855
f 6139/6139/5856 6138/6138/5855 6153/6153/5869
f 6124/6124/5841 6140/6140/5839 6154/6154/5856
f 6124/6124/5841 6154/6154/5856 6141/6141/5857
f 6141/6141/5857 6155/6155/5870 6142/6142/5858
f 6141/6141/5857 6142/6142/5858 6125/6125/5842
f 6126/6126/5843 6142/6142/5858 6156/6156/5871
f 6126/6126/5843 6156/6156/5871 6143/6143/5859
f 6127/6127/5844 6143/6143/5859 6157/6157/5872
f 6127/6127/5844 6157/6157/5872 6144/6144/5860
f 6128/6128/5845 6144/6144/5860 6145/6145/5861
f 6128/6128/5845 6145/6145/5861 6129/6129/5846
f 6145/6145/5861 6158/6158/5873 6159/6159/5863
f 6145/6145/5861 6159/6159/5863 6146/6146/5862
f 6147/6147/5863 6160/6160/5874 6148/6148/5864
f 6147/6147/5863 6148/6148/5864 6132/6132/5849
f 6149/6149/5865 6133/6133/5850 6148/6148/5864
f 6149/6149/5865 6148/6148/5864 6161/6161/5875
f 6150/6150/5866 6134/6134/5851 6149/6149/5865
f 6150/6150/5866 6149/6149/5865 6162/6162/5876
f 6136/6136/5853 6150/6150/5866 6162/6162/5876
f 6136/6136/5853 6162/6162/5876 6151/6151/5867
f 6151/6151/5867 6163/6163/5877 6152/6152/5868
f 6151/6151/5867 6152/6152/5868 6137/6137/5854
f 6138/6138/5855 6152/6152/5868 6164/6164/5878
f 6138/6138/5855 6164/6164/5878 6153/6153/5869
f 6154/6154/5856 6165/6165/5869 6155/6155/5870
f 6154/6154/5856 6155/6155/5870 6141/6141/5857
f 6155/6155/5870 6166/6166/5879 6156/6156/5871
f 6155/6155/5870 6156/6156/5871 6142/6142/5858
f 6143/6143/5859 6156/6156/5871 6167/6167/5880
f 6143/6143/5859 6167/6167/5880 6157/6157/5872
f 6145/6145/5861 6144/6144/5860 6157/6157/5872
f 6145/6145/5861 6157/6157/5872 6158/6158/5873
f 6158/6158/5873 6168/6168/5881 6169/6169/5874
f 6158/6158/5873 6169/6169/5874 6159/6159/5863
f 6161/6161/5875 6148/6148/5864 6160/6160/5874
f 6161/6161/5875 6160/6160/5874 6170/6170/22
f 6162/6162/5876 6149/6149/5865 6161/6161/5875
f 6162/6162/5876 6161/6161/5875 6171/6171/5882
f 6151/6151/5867 6162/6162/5876 6171/6171/5882
f 6151/6151/5867 6171/6171/5882 6163/6163/5877
f 6164/6164/5878 6152/6152/5868 6163/6163/5877
f 6164/6164/5878 6163/6163/5877 6172/6172/5883
f 6155/6155/5870 6165/6165/5869 6173/6173/5878
f 6155/6155/5870 6173/6173/5878 6166/6166/5879
f 6166/6166/5879 6174/6174/5884 6167/6167/5880
f 6166/6166/5879 6167/6167/5880 6156/6156/5871
f 6167/6167/5880 6168/6168/5881 6158/6158/5873
f 6167/6167/5880 6158/6158/5873 6157/6157/5872
f 6168/6168/5881 23/23/23 22/22/22
f 6168/6168/5881 22/22/22 6169/6169/5874
f 6171/6171/5882 6161/6161/5875 6170/6170/22
f 6171/6171/5882 6170/6170/22 6175/6175/5885
f 6163/6163/5877 6171/6171/5882 6175/6175/5885
f 6163/6163/5877 6175/6175/5885 6172/6172/5883
f 6166/6166/5879 6173/6173/5878 6176/6176/5886
f 6166/6166/5879 6176/6176/5886 6174/6174/5884
f 6167/6167/5880 6174/6174/5884 23/23/23
f 6167/6167/5880 23/23/23 6168/6168/5881
f 6176/6176/5886 24/24/24 23/23/23
f 6176/6176/5886 23/23/23 6174/6174/5884
